release=pscip-l4-workbench-raw-51cba11e8
src=/opt/fin-ops/releases/pscip-l4-workbench-raw-51cba11e8/src
since_utc=2026-07-02T07:39:48+00:00
utc_now=2026-07-02T07:50:56+00:00
===== write_audit_since =====
{
  "event_sample_count": 97,
  "expectation_count": 51,
  "failed_expectation_count": 51,
  "generated_at": "2026-07-02T07:50:57.171229+00:00",
  "lookback_hours": 24.0,
  "missing_expectation_count": 51,
  "operations": [
    "no_oa_bank_batch_withdraw",
    "workbench_relation_confirm_bank_invoice_cross_page",
    "workbench_relation_confirm_bank_turnover_cross_page",
    "workbench_relation_confirm_cross_page",
    "workbench_relation_withdraw_bank_invoice_cross_page",
    "workbench_relation_withdraw_bank_turnover_cross_page",
    "workbench_relation_withdraw_cross_page"
  ],
  "p99_target_ms": 3000.0,
  "results": [
    {
      "action_names": [],
      "event_type": "workbench.read_model.refresh",
      "failed_sample_count": 0,
      "latest_action_name": null,
      "latest_dirty_status": null,
      "latest_error": "no_recent_required_write_refresh_event",
      "latest_event_id": null,
      "latest_event_status": null,
      "latest_scope_key": null,
      "max_enqueue_to_done_ms": null,
      "operation": "workbench_relation_confirm_cross_page",
      "p95_enqueue_to_done_ms": null,
      "p99_enqueue_to_done_ms": null,
      "reason": "workbench_relation_changed",
      "required": true,
      "sample_count": 0,
      "scope_type": "workbench",
      "status": "missing"
    },
    {
      "action_names": [],
      "event_type": "workbench_relation.read_model.refresh",
      "failed_sample_count": 0,
      "latest_action_name": null,
      "latest_dirty_status": null,
      "latest_error": "no_recent_required_write_refresh_event",
      "latest_event_id": null,
      "latest_event_status": null,
      "latest_scope_key": null,
      "max_enqueue_to_done_ms": null,
      "operation": "workbench_relation_confirm_cross_page",
      "p95_enqueue_to_done_ms": null,
      "p99_enqueue_to_done_ms": null,
      "reason": "workbench_pair_relation_changed",
      "required": true,
      "sample_count": 0,
      "scope_type": "workbench_relation",
      "status": "missing"
    },
    {
      "action_names": [],
      "event_type": "bank_detail.read_model.refresh",
      "failed_sample_count": 0,
      "latest_action_name": null,
      "latest_dirty_status": null,
      "latest_error": "no_recent_required_write_refresh_event",
      "latest_event_id": null,
      "latest_event_status": null,
      "latest_scope_key": null,
      "max_enqueue_to_done_ms": null,
      "operation": "workbench_relation_confirm_cross_page",
      "p95_enqueue_to_done_ms": null,
      "p99_enqueue_to_done_ms": null,
      "reason": "workbench_relation_changed",
      "required": true,
      "sample_count": 0,
      "scope_type": "bank_detail",
      "status": "missing"
    },
    {
      "action_names": [],
      "event_type": "invoice_lifecycle.read_model.refresh",
      "failed_sample_count": 0,
      "latest_action_name": null,
      "latest_dirty_status": null,
      "latest_error": "no_recent_required_write_refresh_event",
      "latest_event_id": null,
      "latest_event_status": null,
      "latest_scope_key": null,
      "max_enqueue_to_done_ms": null,
      "operation": "workbench_relation_confirm_cross_page",
      "p95_enqueue_to_done_ms": null,
      "p99_enqueue_to_done_ms": null,
      "reason": "workbench_relation_changed",
      "required": true,
      "sample_count": 0,
      "scope_type": "invoice_lifecycle",
      "status": "missing"
    },
    {
      "action_names": [],
      "event_type": "pending_invoice.read_model.refresh",
      "failed_sample_count": 0,
      "latest_action_name": null,
      "latest_dirty_status": null,
      "latest_error": "no_recent_required_write_refresh_event",
      "latest_event_id": null,
      "latest_event_status": null,
      "latest_scope_key": null,
      "max_enqueue_to_done_ms": null,
      "operation": "workbench_relation_confirm_cross_page",
      "p95_enqueue_to_done_ms": null,
      "p99_enqueue_to_done_ms": null,
      "reason": "workbench_relation_changed",
      "required": true,
      "sample_count": 0,
      "scope_type": "pending_invoice",
      "status": "missing"
    },
    {
      "action_names": [],
      "event_type": "input_invoice_usage.read_model.refresh",
      "failed_sample_count": 0,
      "latest_action_name": null,
      "latest_dirty_status": null,
      "latest_error": "no_recent_required_write_refresh_event",
      "latest_event_id": null,
      "latest_event_status": null,
      "latest_scope_key": null,
      "max_enqueue_to_done_ms": null,
      "operation": "workbench_relation_confirm_cross_page",
      "p95_enqueue_to_done_ms": null,
      "p99_enqueue_to_done_ms": null,
      "reason": "workbench_relation_changed",
      "required": true,
      "sample_count": 0,
      "scope_type": "input_invoice_usage",
      "status": "missing"
    },
    {
      "action_names": [],
      "event_type": "cost_statistics.read_model.refresh",
      "failed_sample_count": 0,
      "latest_action_name": null,
      "latest_dirty_status": null,
      "latest_error": "no_recent_required_write_refresh_event",
      "latest_event_id": null,
      "latest_event_status": null,
      "latest_scope_key": null,
      "max_enqueue_to_done_ms": null,
      "operation": "workbench_relation_confirm_cross_page",
      "p95_enqueue_to_done_ms": null,
      "p99_enqueue_to_done_ms": null,
      "reason": "workbench_relation_changed",
      "required": true,
      "sample_count": 0,
      "scope_type": "cost_statistics",
      "status": "missing"
    },
    {
      "action_names": [],
      "event_type": "search.read_model.refresh",
      "failed_sample_count": 0,
      "latest_action_name": null,
      "latest_dirty_status": null,
      "latest_error": "no_recent_required_write_refresh_event",
      "latest_event_id": null,
      "latest_event_status": null,
      "latest_scope_key": null,
      "max_enqueue_to_done_ms": null,
      "operation": "workbench_relation_confirm_cross_page",
      "p95_enqueue_to_done_ms": null,
      "p99_enqueue_to_done_ms": null,
      "reason": "workbench_relation_changed",
      "required": true,
      "sample_count": 0,
      "scope_type": "search",
      "status": "missing"
    },
    {
      "action_names": [],
      "event_type": "tax_offset.read_model.refresh",
      "failed_sample_count": 0,
      "latest_action_name": null,
      "latest_dirty_status": null,
      "latest_error": "no_recent_required_write_refresh_event",
      "latest_event_id": null,
      "latest_event_status": null,
      "latest_scope_key": null,
      "max_enqueue_to_done_ms": null,
      "operation": "workbench_relation_confirm_cross_page",
      "p95_enqueue_to_done_ms": null,
      "p99_enqueue_to_done_ms": null,
      "reason": "workbench_relation_changed",
      "required": true,
      "sample_count": 0,
      "scope_type": "tax_offset",
      "status": "missing"
    },
    {
      "action_names": [],
      "event_type": "workbench.read_model.refresh",
      "failed_sample_count": 0,

      "latest_action_name": null,
      "latest_dirty_status": null,
      "latest_error": "no_recent_required_write_refresh_event",
      "latest_event_id": null,
      "latest_event_status": null,
      "latest_scope_key": null,
      "max_enqueue_to_done_ms": null,
      "operation": "workbench_relation_withdraw_cross_page",
      "p95_enqueue_to_done_ms": null,
      "p99_enqueue_to_done_ms": null,
      "reason": "workbench_relation_changed",
      "required": true,
      "sample_count": 0,
      "scope_type": "workbench",
      "status": "missing"
    },
    {
      "action_names": [],
      "event_type": "workbench_relation.read_model.refresh",
      "failed_sample_count": 0,
      "latest_action_name": null,
      "latest_dirty_status": null,
      "latest_error": "no_recent_required_write_refresh_event",
      "latest_event_id": null,
      "latest_event_status": null,
      "latest_scope_key": null,
      "max_enqueue_to_done_ms": null,
      "operation": "workbench_relation_withdraw_cross_page",
      "p95_enqueue_to_done_ms": null,
      "p99_enqueue_to_done_ms": null,
      "reason": "workbench_pair_relation_changed",
      "required": true,
      "sample_count": 0,
      "scope_type": "workbench_relation",
      "status": "missing"
    },
    {
      "action_names": [],
      "event_type": "bank_detail.read_model.refresh",
      "failed_sample_count": 0,
      "latest_action_name": null,
      "latest_dirty_status": null,
      "latest_error": "no_recent_required_write_refresh_event",
      "latest_event_id": null,
      "latest_event_status": null,
      "latest_scope_key": null,
      "max_enqueue_to_done_ms": null,
      "operation": "workbench_relation_withdraw_cross_page",
      "p95_enqueue_to_done_ms": null,
      "p99_enqueue_to_done_ms": null,
      "reason": "workbench_relation_changed",
      "required": true,
      "sample_count": 0,
      "scope_type": "bank_detail",
      "status": "missing"
    },
    {
      "action_names": [],
      "event_type": "invoice_lifecycle.read_model.refresh",
      "failed_sample_count": 0,
      "latest_action_name": null,
      "latest_dirty_status": null,
      "latest_error": "no_recent_required_write_refresh_event",
      "latest_event_id": null,
      "latest_event_status": null,
      "latest_scope_key": null,
      "max_enqueue_to_done_ms": null,
      "operation": "workbench_relation_withdraw_cross_page",
      "p95_enqueue_to_done_ms": null,
      "p99_enqueue_to_done_ms": null,
      "reason": "workbench_relation_changed",
      "required": true,
      "sample_count": 0,
      "scope_type": "invoice_lifecycle",
      "status": "missing"
    },
    {
      "action_names": [],
      "event_type": "pending_invoice.read_model.refresh",
      "failed_sample_count": 0,
      "latest_action_name": null,
      "latest_dirty_status": null,
      "latest_error": "no_recent_required_write_refresh_event",
      "latest_event_id": null,
      "latest_event_status": null,
      "latest_scope_key": null,
      "max_enqueue_to_done_ms": null,
      "operation": "workbench_relation_withdraw_cross_page",
      "p95_enqueue_to_done_ms": null,
      "p99_enqueue_to_done_ms": null,
      "reason": "workbench_relation_changed",
      "required": true,
      "sample_count": 0,
      "scope_type": "pending_invoice",
      "status": "missing"
    },
    {
      "action_names": [],
      "event_type": "input_invoice_usage.read_model.refresh",
      "failed_sample_count": 0,
      "latest_action_name": null,
      "latest_dirty_status": null,
      "latest_error": "no_recent_required_write_refresh_event",
      "latest_event_id": null,
      "latest_event_status": null,
      "latest_scope_key": null,
      "max_enqueue_to_done_ms": null,
      "operation": "workbench_relation_withdraw_cross_page",
      "p95_enqueue_to_done_ms": null,
      "p99_enqueue_to_done_ms": null,
      "reason": "workbench_relation_changed",
      "required": true,
      "sample_count": 0,
      "scope_type": "input_invoice_usage",
      "status": "missing"
    },
    {
      "action_names": [],
      "event_type": "cost_statistics.read_model.refresh",
      "failed_sample_count": 0,
      "latest_action_name": null,
      "latest_dirty_status": null,
      "latest_error": "no_recent_required_write_refresh_event",
      "latest_event_id": null,
      "latest_event_status": null,
      "latest_scope_key": null,
      "max_enqueue_to_done_ms": null,
      "operation": "workbench_relation_withdraw_cross_page",
      "p95_enqueue_to_done_ms": null,
      "p99_enqueue_to_done_ms": null,
      "reason": "workbench_relation_changed",
      "required": true,
      "sample_count": 0,
      "scope_type": "cost_statistics",
      "status": "missing"
    },
    {
      "action_names": [],
      "event_type": "search.read_model.refresh",
      "failed_sample_count": 0,
      "latest_action_name": null,
      "latest_dirty_status": null,
      "latest_error": "no_recent_required_write_refresh_event",
      "latest_event_id": null,
      "latest_event_status": null,
      "latest_scope_key": null,
      "max_enqueue_to_done_ms": null,
      "operation": "workbench_relation_withdraw_cross_page",
      "p95_enqueue_to_done_ms": null,
      "p99_enqueue_to_done_ms": null,
      "reason": "workbench_relation_changed",
      "required": true,
      "sample_count": 0,
      "scope_type": "search",
      "status": "missing"
    },
    {
      "action_names": [],
      "event_type": "tax_offset.read_model.refresh",
      "failed_sample_count": 0,
      "latest_action_name": null,
      "latest_dirty_status": null,
      "latest_error": "no_recent_required_write_refresh_event",
      "latest_event_id": null,
      "latest_event_status": null,
      "latest_scope_key": null,
      "max_enqueue_to_done_ms": null,
      "operation": "workbench_relation_withdraw_cross_page",
      "p95_enqueue_to_done_ms": null,
      "p99_enqueue_to_done_ms": null,
      "reason": "workbench_relation_changed",
      "required": true,
      "sample_count": 0,
      "scope_type": "tax_offset",
      "status": "missing"
    },
    {
      "action_names": [],
      "event_type": "workbench.read_model.refresh",
      "failed_sample_count": 0,
      "latest_action_name": null,
      "latest_dirty_status": null,
      "latest_error": "no_recent_required_write_refresh_event",
      "latest_event_id": null,
      "latest_event_status": null,
      "latest_scope_key": null,
      "max_enqueue_to_done_ms": null,
      "operation": "workbench_relation_confirm_bank_invoice_cross_page",
      "p95_enqueue_to_done_ms": null,
      "p99_enqueue_to_done_ms": null,
      "reason": "workbench_relation_changed",
      "required": true,
      "sample_count": 0,
      "scope_type": "workbench",
      "status": "missing"
    },
    {
      "action_names": [],
      "event_type": "workbench_relation.read_model.refresh",
      "failed_sample_count": 0,
      "latest_action_name": null,
      "latest_dirty_status": null,
      "latest_error": "no_recent_required_write_refresh_event",
      "latest_event_id": null,
      "latest_event_status": null,
      "latest_scope_key": null,
      "max_enqueue_to_done_ms": null,
      "operation": "workbench_relation_confirm_bank_invoice_cross_page",
      "p95_enqueue_to_done_ms": null,
      "p99_enqueue_to_done_ms": null,
      "reason": "workbench_pair_relation_changed",
      "required": true,
      "sample_count": 0,
      "scope_type": "workbench_relation",
      "status": "missing"
    },
    {
      "action_names": [],
      "event_type": "bank_detail.read_model.refresh",
      "failed_sample_count": 0,
      "latest_action_name": null,
      "latest_dirty_status": null,
      "latest_error": "no_recent_required_write_refresh_event",
      "latest_event_id": null,
      "latest_event_status": null,
      "latest_scope_key": null,
      "max_enqueue_to_done_ms": null,
      "operation": "workbench_relation_confirm_bank_invoice_cross_page",
      "p95_enqueue_to_done_ms": null,
      "p99_enqueue_to_done_ms": null,
      "reason": "workbench_relation_changed",
      "required": true,
      "sample_count": 0,
      "scope_type": "bank_detail",
      "status": "missing"
    },
    {
      "action_names": [],
      "event_type": "invoice_lifecycle.read_model.refresh",
      "failed_sample_count": 0,
      "latest_action_name": null,
      "latest_dirty_status": null,
      "latest_error": "no_recent_required_write_refresh_event",
      "latest_event_id": null,
      "latest_event_status": null,
      "latest_scope_key": null,
      "max_enqueue_to_done_ms": null,
      "operation": "workbench_relation_confirm_bank_invoice_cross_page",
      "p95_enqueue_to_done_ms": null,
      "p99_enqueue_to_done_ms": null,
      "reason": "workbench_relation_changed",
      "required": true,
      "sample_count": 0,
      "scope_type": "invoice_lifecycle",
      "status": "missing"
    },
    {
      "action_names": [],
      "event_type": "pending_invoice.read_model.refresh",
      "failed_sample_count": 0,
      "latest_action_name": null,
      "latest_dirty_status": null,
      "latest_error": "no_recent_required_write_refresh_event",
      "latest_event_id": null,
      "latest_event_status": null,
      "latest_scope_key": null,
      "max_enqueue_to_done_ms": null,
      "operation": "workbench_relation_confirm_bank_invoice_cross_page",
      "p95_enqueue_to_done_ms": null,
      "p99_enqueue_to_done_ms": null,
      "reason": "workbench_relation_changed",
      "required": true,
      "sample_count": 0,
      "scope_type": "pending_invoice",
      "status": "missing"
    },
    {
      "action_names": [],
      "event_type": "input_invoice_usage.read_model.refresh",
      "failed_sample_count": 0,
      "latest_action_name": null,
      "latest_dirty_status": null,
      "latest_error": "no_recent_required_write_refresh_event",
      "latest_event_id": null,
      "latest_event_status": null,
      "latest_scope_key": null,
      "max_enqueue_to_done_ms": null,
      "operation": "workbench_relation_confirm_bank_invoice_cross_page",
      "p95_enqueue_to_done_ms": null,
      "p99_enqueue_to_done_ms": null,
      "reason": "workbench_relation_changed",
      "required": true,
      "sample_count": 0,
      "scope_type": "input_invoice_usage",
      "status": "missing"
    },
    {
      "action_names": [],
      "event_type": "search.read_model.refresh",
      "failed_sample_count": 0,
      "latest_action_name": null,
      "latest_dirty_status": null,
      "latest_error": "no_recent_required_write_refresh_event",
      "latest_event_id": null,
      "latest_event_status": null,
      "latest_scope_key": null,
      "max_enqueue_to_done_ms": null,
      "operation": "workbench_relation_confirm_bank_invoice_cross_page",
      "p95_enqueue_to_done_ms": null,
      "p99_enqueue_to_done_ms": null,
      "reason": "workbench_relation_changed",
      "required": true,
      "sample_count": 0,
      "scope_type": "search",
      "status": "missing"
    },
    {
      "action_names": [],
      "event_type": "tax_offset.read_model.refresh",
      "failed_sample_count": 0,
      "latest_action_name": null,
      "latest_dirty_status": null,
      "latest_error": "no_recent_required_write_refresh_event",
      "latest_event_id": null,
      "latest_event_status": null,
      "latest_scope_key": null,
      "max_enqueue_to_done_ms": null,
      "operation": "workbench_relation_confirm_bank_invoice_cross_page",
      "p95_enqueue_to_done_ms": null,
      "p99_enqueue_to_done_ms": null,
      "reason": "workbench_relation_changed",
      "required": true,
      "sample_count": 0,
      "scope_type": "tax_offset",
      "status": "missing"
    },
    {
      "action_names": [],
      "event_type": "workbench.read_model.refresh",
      "failed_sample_count": 0,
      "latest_action_name": null,
      "latest_dirty_status": null,
      "latest_error": "no_recent_required_write_refresh_event",
      "latest_event_id": null,
      "latest_event_status": null,
      "latest_scope_key": null,
      "max_enqueue_to_done_ms": null,
      "operation": "workbench_relation_withdraw_bank_invoice_cross_page",
      "p95_enqueue_to_done_ms": null,
      "p99_enqueue_to_done_ms": null,
      "reason": "workbench_relation_changed",
      "required": true,
      "sample_count": 0,
      "scope_type": "workbench",
      "status": "missing"
    },
    {
      "action_names": [],
      "event_type": "workbench_relation.read_model.refresh",
      "failed_sample_count": 0,
      "latest_action_name": null,
      "latest_dirty_status": null,
      "latest_error": "no_recent_required_write_refresh_event",
      "latest_event_id": null,
      "latest_event_status": null,
      "latest_scope_key": null,
      "max_enqueue_to_done_ms": null,
      "operation": "workbench_relation_withdraw_bank_invoice_cross_page",
      "p95_enqueue_to_done_ms": null,
      "p99_enqueue_to_done_ms": null,
      "reason": "workbench_pair_relation_changed",
      "required": true,
      "sample_count": 0,
      "scope_type": "workbench_relation",
      "status": "missing"
    },
    {
      "action_names": [],
      "event_type": "bank_detail.read_model.refresh",
      "failed_sample_count": 0,
      "latest_action_name": null,
      "latest_dirty_status": null,
      "latest_error": "no_recent_required_write_refresh_event",
      "latest_event_id": null,
      "latest_event_status": null,
      "latest_scope_key": null,
      "max_enqueue_to_done_ms": null,
      "operation": "workbench_relation_withdraw_bank_invoice_cross_page",
      "p95_enqueue_to_done_ms": null,
      "p99_enqueue_to_done_ms": null,
      "reason": "workbench_relation_changed",
      "required": true,
      "sample_count": 0,
      "scope_type": "bank_detail",
      "status": "missing"
    },
    {
      "action_names": [],
      "event_type": "invoice_lifecycle.read_model.refresh",
      "failed_sample_count": 0,
      "latest_action_name": null,
      "latest_dirty_status": null,
      "latest_error": "no_recent_required_write_refresh_event",
      "latest_event_id": null,
      "latest_event_status": null,
      "latest_scope_key": null,
      "max_enqueue_to_done_ms": null,
      "operation": "workbench_relation_withdraw_bank_invoice_cross_page",
      "p95_enqueue_to_done_ms": null,
      "p99_enqueue_to_done_ms": null,
      "reason": "workbench_relation_changed",
      "required": true,
      "sample_count": 0,
      "scope_type": "invoice_lifecycle",
      "status": "missing"
    },
    {
      "action_names": [],
      "event_type": "pending_invoice.read_model.refresh",
      "failed_sample_count": 0,
      "latest_action_name": null,
      "latest_dirty_status": null,
      "latest_error": "no_recent_required_write_refresh_event",
      "latest_event_id": null,
      "latest_event_status": null,
      "latest_scope_key": null,
      "max_enqueue_to_done_ms": null,
      "operation": "workbench_relation_withdraw_bank_invoice_cross_page",
      "p95_enqueue_to_done_ms": null,
      "p99_enqueue_to_done_ms": null,
      "reason": "workbench_relation_changed",
      "required": true,
      "sample_count": 0,
      "scope_type": "pending_invoice",
      "status": "missing"
    },
    {
      "action_names": [],
      "event_type": "input_invoice_usage.read_model.refresh",
      "failed_sample_count": 0,
      "latest_action_name": null,
      "latest_dirty_status": null,
      "latest_error": "no_recent_required_write_refresh_event",
      "latest_event_id": null,
      "latest_event_status": null,
      "latest_scope_key": null,
      "max_enqueue_to_done_ms": null,
      "operation": "workbench_relation_withdraw_bank_invoice_cross_page",
      "p95_enqueue_to_done_ms": null,
      "p99_enqueue_to_done_ms": null,
      "reason": "workbench_relation_changed",
      "required": true,
      "sample_count": 0,
      "scope_type": "input_invoice_usage",
      "status": "missing"
    },
    {
      "action_names": [],
      "event_type": "search.read_model.refresh",
      "failed_sample_count": 0,
      "latest_action_name": null,
      "latest_dirty_status": null,
      "latest_error": "no_recent_required_write_refresh_event",
      "latest_event_id": null,
      "latest_event_status": null,
      "latest_scope_key": null,
      "max_enqueue_to_done_ms": null,
      "operation": "workbench_relation_withdraw_bank_invoice_cross_page",
      "p95_enqueue_to_done_ms": null,
      "p99_enqueue_to_done_ms": null,
      "reason": "workbench_relation_changed",
      "required": true,
      "sample_count": 0,
      "scope_type": "search",
      "status": "missing"
    },
    {
      "action_names": [],
      "event_type": "tax_offset.read_model.refresh",
      "failed_sample_count": 0,
      "latest_action_name": null,
      "latest_dirty_status": null,
      "latest_error": "no_recent_required_write_refresh_event",
      "latest_event_id": null,
      "latest_event_status": null,
      "latest_scope_key": null,
      "max_enqueue_to_done_ms": null,
      "operation": "workbench_relation_withdraw_bank_invoice_cross_page",
      "p95_enqueue_to_done_ms": null,
      "p99_enqueue_to_done_ms": null,
      "reason": "workbench_relation_changed",
      "required": true,
      "sample_count": 0,
      "scope_type": "tax_offset",
      "status": "missing"
    },
    {
      "action_names": [],
      "event_type": "workbench.read_model.refresh",
      "failed_sample_count": 0,
      "latest_action_name": null,
      "latest_dirty_status": null,
      "latest_error": "no_recent_required_write_refresh_event",
      "latest_event_id": null,
      "latest_event_status": null,
      "latest_scope_key": null,
      "max_enqueue_to_done_ms": null,
      "operation": "workbench_relation_confirm_bank_turnover_cross_page",
      "p95_enqueue_to_done_ms": null,
      "p99_enqueue_to_done_ms": null,
      "reason": "workbench_relation_changed",
      "required": true,
      "sample_count": 0,
      "scope_type": "workbench",
      "status": "missing"
    },
    {
      "action_names": [],
      "event_type": "workbench_relation.read_model.refresh",
      "failed_sample_count": 0,
      "latest_action_name": null,
      "latest_dirty_status": null,
      "latest_error": "no_recent_required_write_refresh_event",
      "latest_event_id": null,
      "latest_event_status": null,
      "latest_scope_key": null,
      "max_enqueue_to_done_ms": null,
      "operation": "workbench_relation_confirm_bank_turnover_cross_page",
      "p95_enqueue_to_done_ms": null,
      "p99_enqueue_to_done_ms": null,
      "reason": "workbench_pair_relation_changed",
      "required": true,
      "sample_count": 0,
      "scope_type": "workbench_relation",
      "status": "missing"
    },
    {
      "action_names": [],
      "event_type": "bank_detail.read_model.refresh",
      "failed_sample_count": 0,
      "latest_action_name": null,
      "latest_dirty_status": null,
      "latest_error": "no_recent_required_write_refresh_event",
      "latest_event_id": null,
      "latest_event_status": null,
      "latest_scope_key": null,
      "max_enqueue_to_done_ms": null,
      "operation": "workbench_relation_confirm_bank_turnover_cross_page",
      "p95_enqueue_to_done_ms": null,
      "p99_enqueue_to_done_ms": null,
      "reason": "workbench_relation_changed",
      "required": true,
      "sample_count": 0,
      "scope_type": "bank_detail",
      "status": "missing"
    },
    {
      "action_names": [],
      "event_type": "pending_invoice.read_model.refresh",
      "failed_sample_count": 0,
      "latest_action_name": null,
      "latest_dirty_status": null,
      "latest_error": "no_recent_required_write_refresh_event",
      "latest_event_id": null,
      "latest_event_status": null,
      "latest_scope_key": null,
      "max_enqueue_to_done_ms": null,
      "operation": "workbench_relation_confirm_bank_turnover_cross_page",
      "p95_enqueue_to_done_ms": null,
      "p99_enqueue_to_done_ms": null,
      "reason": "workbench_relation_changed",
      "required": true,
      "sample_count": 0,
      "scope_type": "pending_invoice",
      "status": "missing"
    },
    {
      "action_names": [],
      "event_type": "cost_statistics.read_model.refresh",
      "failed_sample_count": 0,
      "latest_action_name": null,
      "latest_dirty_status": null,
      "latest_error": "no_recent_required_write_refresh_event",
      "latest_event_id": null,
      "latest_event_status": null,
      "latest_scope_key": null,
      "max_enqueue_to_done_ms": null,
      "operation": "workbench_relation_confirm_bank_turnover_cross_page",
      "p95_enqueue_to_done_ms": null,
      "p99_enqueue_to_done_ms": null,
      "reason": "workbench_relation_changed",
      "required": true,
      "sample_count": 0,
      "scope_type": "cost_statistics",
      "status": "missing"

    },
    {
      "action_names": [],
      "event_type": "search.read_model.refresh",
      "failed_sample_count": 0,
      "latest_action_name": null,
      "latest_dirty_status": null,
      "latest_error": "no_recent_required_write_refresh_event",
      "latest_event_id": null,
      "latest_event_status": null,
      "latest_scope_key": null,
      "max_enqueue_to_done_ms": null,
      "operation": "workbench_relation_confirm_bank_turnover_cross_page",
      "p95_enqueue_to_done_ms": null,
      "p99_enqueue_to_done_ms": null,
      "reason": "workbench_relation_changed",
      "required": true,
      "sample_count": 0,
      "scope_type": "search",
      "status": "missing"
    },
    {
      "action_names": [],
      "event_type": "workbench.read_model.refresh",
      "failed_sample_count": 0,
      "latest_action_name": null,
      "latest_dirty_status": null,
      "latest_error": "no_recent_required_write_refresh_event",
      "latest_event_id": null,
      "latest_event_status": null,
      "latest_scope_key": null,
      "max_enqueue_to_done_ms": null,
      "operation": "workbench_relation_withdraw_bank_turnover_cross_page",
      "p95_enqueue_to_done_ms": null,
      "p99_enqueue_to_done_ms": null,
      "reason": "workbench_relation_changed",
      "required": true,
      "sample_count": 0,
      "scope_type": "workbench",
      "status": "missing"
    },
    {
      "action_names": [],
      "event_type": "workbench_relation.read_model.refresh",
      "failed_sample_count": 0,
      "latest_action_name": null,
      "latest_dirty_status": null,
      "latest_error": "no_recent_required_write_refresh_event",
      "latest_event_id": null,
      "latest_event_status": null,
      "latest_scope_key": null,
      "max_enqueue_to_done_ms": null,
      "operation": "workbench_relation_withdraw_bank_turnover_cross_page",
      "p95_enqueue_to_done_ms": null,
      "p99_enqueue_to_done_ms": null,
      "reason": "workbench_pair_relation_changed",
      "required": true,
      "sample_count": 0,
      "scope_type": "workbench_relation",
      "status": "missing"
    },
    {
      "action_names": [],
      "event_type": "bank_detail.read_model.refresh",
      "failed_sample_count": 0,
      "latest_action_name": null,
      "latest_dirty_status": null,
      "latest_error": "no_recent_required_write_refresh_event",
      "latest_event_id": null,
      "latest_event_status": null,
      "latest_scope_key": null,
      "max_enqueue_to_done_ms": null,
      "operation": "workbench_relation_withdraw_bank_turnover_cross_page",
      "p95_enqueue_to_done_ms": null,
      "p99_enqueue_to_done_ms": null,
      "reason": "workbench_relation_changed",
      "required": true,
      "sample_count": 0,
      "scope_type": "bank_detail",
      "status": "missing"
    },
    {
      "action_names": [],
      "event_type": "pending_invoice.read_model.refresh",
      "failed_sample_count": 0,
      "latest_action_name": null,
      "latest_dirty_status": null,
      "latest_error": "no_recent_required_write_refresh_event",
      "latest_event_id": null,
      "latest_event_status": null,
      "latest_scope_key": null,
      "max_enqueue_to_done_ms": null,
      "operation": "workbench_relation_withdraw_bank_turnover_cross_page",
      "p95_enqueue_to_done_ms": null,
      "p99_enqueue_to_done_ms": null,
      "reason": "workbench_relation_changed",
      "required": true,
      "sample_count": 0,
      "scope_type": "pending_invoice",
      "status": "missing"
    },
    {
      "action_names": [],
      "event_type": "cost_statistics.read_model.refresh",
      "failed_sample_count": 0,
      "latest_action_name": null,
      "latest_dirty_status": null,
      "latest_error": "no_recent_required_write_refresh_event",
      "latest_event_id": null,
      "latest_event_status": null,
      "latest_scope_key": null,
      "max_enqueue_to_done_ms": null,
      "operation": "workbench_relation_withdraw_bank_turnover_cross_page",
      "p95_enqueue_to_done_ms": null,
      "p99_enqueue_to_done_ms": null,
      "reason": "workbench_relation_changed",
      "required": true,
      "sample_count": 0,
      "scope_type": "cost_statistics",
      "status": "missing"
    },
    {
      "action_names": [],
      "event_type": "search.read_model.refresh",
      "failed_sample_count": 0,
      "latest_action_name": null,
      "latest_dirty_status": null,
      "latest_error": "no_recent_required_write_refresh_event",
      "latest_event_id": null,
      "latest_event_status": null,
      "latest_scope_key": null,
      "max_enqueue_to_done_ms": null,
      "operation": "workbench_relation_withdraw_bank_turnover_cross_page",
      "p95_enqueue_to_done_ms": null,
      "p99_enqueue_to_done_ms": null,
      "reason": "workbench_relation_changed",
      "required": true,
      "sample_count": 0,
      "scope_type": "search",
      "status": "missing"
    },
    {
      "action_names": [
        "no_oa_bank_batch_withdraw"
      ],
      "event_type": "no_oa_bank_batch.read_model.refresh",
      "failed_sample_count": 0,
      "latest_action_name": null,
      "latest_dirty_status": null,
      "latest_error": "no_recent_required_write_refresh_event",
      "latest_event_id": null,
      "latest_event_status": null,
      "latest_scope_key": null,
      "max_enqueue_to_done_ms": null,
      "operation": "no_oa_bank_batch_withdraw",
      "p95_enqueue_to_done_ms": null,
      "p99_enqueue_to_done_ms": null,
      "reason": "no_oa_bank_batch_changed",
      "required": true,
      "sample_count": 0,
      "scope_type": "no_oa_bank_batch",
      "status": "missing"
    },
    {
      "action_names": [
        "no_oa_bank_batch_withdraw"
      ],
      "event_type": "workbench.read_model.refresh",
      "failed_sample_count": 0,
      "latest_action_name": null,
      "latest_dirty_status": null,
      "latest_error": "no_recent_required_write_refresh_event",
      "latest_event_id": null,
      "latest_event_status": null,
      "latest_scope_key": null,
      "max_enqueue_to_done_ms": null,
      "operation": "no_oa_bank_batch_withdraw",
      "p95_enqueue_to_done_ms": null,
      "p99_enqueue_to_done_ms": null,
      "reason": "workbench_scope_invalidated",
      "required": true,
      "sample_count": 0,
      "scope_type": "workbench",
      "status": "missing"
    },
    {
      "action_names": [
        "no_oa_bank_batch_withdraw"
      ],
      "event_type": "workbench_relation.read_model.refresh",
      "failed_sample_count": 0,
      "latest_action_name": null,
      "latest_dirty_status": null,
      "latest_error": "no_recent_required_write_refresh_event",
      "latest_event_id": null,
      "latest_event_status": null,
      "latest_scope_key": null,
      "max_enqueue_to_done_ms": null,
      "operation": "no_oa_bank_batch_withdraw",
      "p95_enqueue_to_done_ms": null,
      "p99_enqueue_to_done_ms": null,
      "reason": "no_oa_bank_batch_changed",
      "required": true,
      "sample_count": 0,
      "scope_type": "workbench_relation",
      "status": "missing"
    },
    {
      "action_names": [
        "no_oa_bank_batch_withdraw"
      ],
      "event_type": "cost_statistics.read_model.refresh",
      "failed_sample_count": 0,
      "latest_action_name": null,
      "latest_dirty_status": null,
      "latest_error": "no_recent_required_write_refresh_event",
      "latest_event_id": null,
      "latest_event_status": null,
      "latest_scope_key": null,
      "max_enqueue_to_done_ms": null,
      "operation": "no_oa_bank_batch_withdraw",
      "p95_enqueue_to_done_ms": null,
      "p99_enqueue_to_done_ms": null,
      "reason": "no_oa_bank_batch_changed",
      "required": true,
      "sample_count": 0,
      "scope_type": "cost_statistics",
      "status": "missing"
    },
    {
      "action_names": [
        "no_oa_bank_batch_withdraw"
      ],
      "event_type": "search.read_model.refresh",
      "failed_sample_count": 0,
      "latest_action_name": null,
      "latest_dirty_status": null,
      "latest_error": "no_recent_required_write_refresh_event",
      "latest_event_id": null,
      "latest_event_status": null,
      "latest_scope_key": null,
      "max_enqueue_to_done_ms": null,
      "operation": "no_oa_bank_batch_withdraw",
      "p95_enqueue_to_done_ms": null,
      "p99_enqueue_to_done_ms": null,
      "reason": "no_oa_bank_batch_changed",
      "required": true,
      "sample_count": 0,
      "scope_type": "search",
      "status": "missing"
    }
  ],
  "since": "2026-07-02T07:39:48+00:00",
  "status": "fail",
  "target_ms": 1000.0,
  "tenant_id": "default",
  "version": 1
}
===== EXIT write_audit_since 1 =====
===== write_audit_24h =====
{
  "event_sample_count": 4000,
  "expectation_count": 51,
  "failed_expectation_count": 51,
  "generated_at": "2026-07-02T07:50:57.900511+00:00",
  "lookback_hours": 24.0,
  "missing_expectation_count": 5,
  "operations": [
    "no_oa_bank_batch_withdraw",
    "workbench_relation_confirm_bank_invoice_cross_page",
    "workbench_relation_confirm_bank_turnover_cross_page",
    "workbench_relation_confirm_cross_page",
    "workbench_relation_withdraw_bank_invoice_cross_page",
    "workbench_relation_withdraw_bank_turnover_cross_page",
    "workbench_relation_withdraw_cross_page"
  ],
  "p99_target_ms": 3000.0,
  "results": [
    {
      "action_names": [],
      "event_type": "workbench.read_model.refresh",
      "failed_sample_count": 0,
      "latest_action_name": null,
      "latest_dirty_status": "done",
      "latest_error": "p95_enqueue_to_done_ms_exceeded_target:45572.779>1000.0",
      "latest_event_id": "0a11b8ec-d5f2-4300-8db4-7c02529eba24",
      "latest_event_status": "done",
      "latest_scope_key": "2026-02",
      "max_enqueue_to_done_ms": 71312.763,
      "operation": "workbench_relation_confirm_cross_page",
      "p95_enqueue_to_done_ms": 45572.779,
      "p99_enqueue_to_done_ms": 71312.763,
      "reason": "workbench_relation_changed",
      "required": true,
      "sample_count": 63,
      "scope_type": "workbench",
      "status": "fail"
    },
    {
      "action_names": [],
      "event_type": "workbench_relation.read_model.refresh",
      "failed_sample_count": 0,
      "latest_action_name": null,
      "latest_dirty_status": null,
      "latest_error": "p95_enqueue_to_done_ms_exceeded_target:18666.904>1000.0",
      "latest_event_id": "155e11cf-3a09-4b31-b1e0-ba0919059218",
      "latest_event_status": "done",
      "latest_scope_key": "2026-01",
      "max_enqueue_to_done_ms": 20264.575,
      "operation": "workbench_relation_confirm_cross_page",
      "p95_enqueue_to_done_ms": 18666.904,
      "p99_enqueue_to_done_ms": 20264.575,
      "reason": "workbench_pair_relation_changed",
      "required": true,
      "sample_count": 48,
      "scope_type": "workbench_relation",
      "status": "fail"
    },
    {
      "action_names": [],
      "event_type": "bank_detail.read_model.refresh",
      "failed_sample_count": 0,
      "latest_action_name": null,
      "latest_dirty_status": "done",
      "latest_error": "p95_enqueue_to_done_ms_exceeded_target:11370.364>1000.0",
      "latest_event_id": "12b6bff7-ac52-457a-a9c5-fb3e7d4cdaeb",
      "latest_event_status": "done",
      "latest_scope_key": "2026-03",
      "max_enqueue_to_done_ms": 12566.794,
      "operation": "workbench_relation_confirm_cross_page",
      "p95_enqueue_to_done_ms": 11370.364,
      "p99_enqueue_to_done_ms": 12566.794,
      "reason": "workbench_relation_changed",
      "required": true,
      "sample_count": 20,
      "scope_type": "bank_detail",
      "status": "fail"
    },
    {
      "action_names": [],
      "event_type": "invoice_lifecycle.read_model.refresh",
      "failed_sample_count": 0,
      "latest_action_name": null,
      "latest_dirty_status": "done",
      "latest_error": "p95_enqueue_to_done_ms_exceeded_target:53546.114>1000.0",
      "latest_event_id": "64e3cfd4-ccae-4c10-8729-4721bdab3ef7",
      "latest_event_status": "done",
      "latest_scope_key": "2026-02",
      "max_enqueue_to_done_ms": 314405.375,
      "operation": "workbench_relation_confirm_cross_page",
      "p95_enqueue_to_done_ms": 53546.114,
      "p99_enqueue_to_done_ms": 314405.375,
      "reason": "workbench_relation_changed",
      "required": true,
      "sample_count": 55,
      "scope_type": "invoice_lifecycle",
      "status": "fail"
    },
    {
      "action_names": [],
      "event_type": "pending_invoice.read_model.refresh",
      "failed_sample_count": 0,
      "latest_action_name": null,
      "latest_dirty_status": "done",
      "latest_error": "p95_enqueue_to_done_ms_exceeded_target:45167.721>1000.0",
      "latest_event_id": "8ce44ec6-3544-4390-927e-91c3da18f87d",
      "latest_event_status": "done",
      "latest_scope_key": "expense:bank_statement_as_invoice:2026-03",
      "max_enqueue_to_done_ms": 309573.243,
      "operation": "workbench_relation_confirm_cross_page",
      "p95_enqueue_to_done_ms": 45167.721,
      "p99_enqueue_to_done_ms": 309573.243,
      "reason": "workbench_relation_changed",
      "required": true,
      "sample_count": 90,
      "scope_type": "pending_invoice",
      "status": "fail"
    },
    {
      "action_names": [],
      "event_type": "input_invoice_usage.read_model.refresh",
      "failed_sample_count": 0,
      "latest_action_name": null,
      "latest_dirty_status": "done",
      "latest_error": "p95_enqueue_to_done_ms_exceeded_target:64829.108>1000.0",
      "latest_event_id": "7827e335-a88b-483d-a640-27216c161651",
      "latest_event_status": "done",
      "latest_scope_key": "2026-02",
      "max_enqueue_to_done_ms": 336602.847,
      "operation": "workbench_relation_confirm_cross_page",
      "p95_enqueue_to_done_ms": 64829.108,
      "p99_enqueue_to_done_ms": 336602.847,
      "reason": "workbench_relation_changed",
      "required": true,
      "sample_count": 50,
      "scope_type": "input_invoice_usage",
      "status": "fail"
    },
    {
      "action_names": [],
      "event_type": "cost_statistics.read_model.refresh",
      "failed_sample_count": 0,
      "latest_action_name": null,
      "latest_dirty_status": "done",
      "latest_error": "p95_enqueue_to_done_ms_exceeded_target:14635.553>1000.0",
      "latest_event_id": "a1542e95-1153-4e2b-b2e6-228281cb387f",
      "latest_event_status": "done",
      "latest_scope_key": "all:2026-03",
      "max_enqueue_to_done_ms": 35988.054,
      "operation": "workbench_relation_confirm_cross_page",
      "p95_enqueue_to_done_ms": 14635.553,
      "p99_enqueue_to_done_ms": 35988.054,
      "reason": "workbench_relation_changed",
      "required": true,
      "sample_count": 57,
      "scope_type": "cost_statistics",
      "status": "fail"
    },
    {
      "action_names": [],
      "event_type": "search.read_model.refresh",
      "failed_sample_count": 0,
      "latest_action_name": null,
      "latest_dirty_status": "done",
      "latest_error": "p95_enqueue_to_done_ms_exceeded_target:14588.079>1000.0",
      "latest_event_id": "b9138754-21f2-4cc0-8ffc-8c4840f0e3ad",
      "latest_event_status": "done",
      "latest_scope_key": "2026-03",
      "max_enqueue_to_done_ms": 301452.399,
      "operation": "workbench_relation_confirm_cross_page",
      "p95_enqueue_to_done_ms": 14588.079,
      "p99_enqueue_to_done_ms": 301452.399,
      "reason": "workbench_relation_changed",
      "required": true,
      "sample_count": 85,
      "scope_type": "search",
      "status": "fail"
    },
    {
      "action_names": [],
      "event_type": "tax_offset.read_model.refresh",
      "failed_sample_count": 0,
      "latest_action_name": null,
      "latest_dirty_status": "done",
      "latest_error": "p95_enqueue_to_done_ms_exceeded_target:10535.374>1000.0",
      "latest_event_id": "fc1cfe58-d7b5-47d6-a376-28c30fc42550",
      "latest_event_status": "done",
      "latest_scope_key": "2026-01",
      "max_enqueue_to_done_ms": 321195.035,
      "operation": "workbench_relation_confirm_cross_page",
      "p95_enqueue_to_done_ms": 10535.374,
      "p99_enqueue_to_done_ms": 321195.035,
      "reason": "workbench_relation_changed",
      "required": true,
      "sample_count": 59,
      "scope_type": "tax_offset",
      "status": "fail"
    },
    {
      "action_names": [],
      "event_type": "workbench.read_model.refresh",
      "failed_sample_count": 0,
      "latest_action_name": null,
      "latest_dirty_status": "done",
      "latest_error": "p95_enqueue_to_done_ms_exceeded_target:45572.779>1000.0",
      "latest_event_id": "0a11b8ec-d5f2-4300-8db4-7c02529eba24",
      "latest_event_status": "done",
      "latest_scope_key": "2026-02",
      "max_enqueue_to_done_ms": 71312.763,
      "operation": "workbench_relation_withdraw_cross_page",
      "p95_enqueue_to_done_ms": 45572.779,
      "p99_enqueue_to_done_ms": 71312.763,
      "reason": "workbench_relation_changed",
      "required": true,
      "sample_count": 63,
      "scope_type": "workbench",
      "status": "fail"
    },
    {
      "action_names": [],
      "event_type": "workbench_relation.read_model.refresh",
      "failed_sample_count": 0,
      "latest_action_name": null,
      "latest_dirty_status": null,
      "latest_error": "p95_enqueue_to_done_ms_exceeded_target:18666.904>1000.0",
      "latest_event_id": "155e11cf-3a09-4b31-b1e0-ba0919059218",
      "latest_event_status": "done",
      "latest_scope_key": "2026-01",
      "max_enqueue_to_done_ms": 20264.575,
      "operation": "workbench_relation_withdraw_cross_page",
      "p95_enqueue_to_done_ms": 18666.904,
      "p99_enqueue_to_done_ms": 20264.575,
      "reason": "workbench_pair_relation_changed",
      "required": true,
      "sample_count": 48,
      "scope_type": "workbench_relation",
      "status": "fail"
    },
    {
      "action_names": [],
      "event_type": "bank_detail.read_model.refresh",
      "failed_sample_count": 0,
      "latest_action_name": null,
      "latest_dirty_status": "done",
      "latest_error": "p95_enqueue_to_done_ms_exceeded_target:11370.364>1000.0",
      "latest_event_id": "12b6bff7-ac52-457a-a9c5-fb3e7d4cdaeb",
      "latest_event_status": "done",
      "latest_scope_key": "2026-03",
      "max_enqueue_to_done_ms": 12566.794,
      "operation": "workbench_relation_withdraw_cross_page",
      "p95_enqueue_to_done_ms": 11370.364,
      "p99_enqueue_to_done_ms": 12566.794,
      "reason": "workbench_relation_changed",
      "required": true,
      "sample_count": 20,
      "scope_type": "bank_detail",
      "status": "fail"
    },
    {
      "action_names": [],
      "event_type": "invoice_lifecycle.read_model.refresh",
      "failed_sample_count": 0,
      "latest_action_name": null,
      "latest_dirty_status": "done",
      "latest_error": "p95_enqueue_to_done_ms_exceeded_target:53546.114>1000.0",
      "latest_event_id": "64e3cfd4-ccae-4c10-8729-4721bdab3ef7",
      "latest_event_status": "done",
      "latest_scope_key": "2026-02",
      "max_enqueue_to_done_ms": 314405.375,
      "operation": "workbench_relation_withdraw_cross_page",
      "p95_enqueue_to_done_ms": 53546.114,
      "p99_enqueue_to_done_ms": 314405.375,
      "reason": "workbench_relation_changed",
      "required": true,
      "sample_count": 55,
      "scope_type": "invoice_lifecycle",
      "status": "fail"
    },
    {
      "action_names": [],
      "event_type": "pending_invoice.read_model.refresh",
      "failed_sample_count": 0,
      "latest_action_name": null,
      "latest_dirty_status": "done",
      "latest_error": "p95_enqueue_to_done_ms_exceeded_target:45167.721>1000.0",
      "latest_event_id": "8ce44ec6-3544-4390-927e-91c3da18f87d",
      "latest_event_status": "done",
      "latest_scope_key": "expense:bank_statement_as_invoice:2026-03",
      "max_enqueue_to_done_ms": 309573.243,
      "operation": "workbench_relation_withdraw_cross_page",
      "p95_enqueue_to_done_ms": 45167.721,
      "p99_enqueue_to_done_ms": 309573.243,
      "reason": "workbench_relation_changed",
      "required": true,
      "sample_count": 90,
      "scope_type": "pending_invoice",
      "status": "fail"
    },
    {
      "action_names": [],
      "event_type": "input_invoice_usage.read_model.refresh",
      "failed_sample_count": 0,
      "latest_action_name": null,
      "latest_dirty_status": "done",
      "latest_error": "p95_enqueue_to_done_ms_exceeded_target:64829.108>1000.0",
      "latest_event_id": "7827e335-a88b-483d-a640-27216c161651",
      "latest_event_status": "done",
      "latest_scope_key": "2026-02",
      "max_enqueue_to_done_ms": 336602.847,
      "operation": "workbench_relation_withdraw_cross_page",
      "p95_enqueue_to_done_ms": 64829.108,
      "p99_enqueue_to_done_ms": 336602.847,
      "reason": "workbench_relation_changed",
      "required": true,
      "sample_count": 50,
      "scope_type": "input_invoice_usage",
      "status": "fail"
    },
    {
      "action_names": [],
      "event_type": "cost_statistics.read_model.refresh",
      "failed_sample_count": 0,
      "latest_action_name": null,
      "latest_dirty_status": "done",
      "latest_error": "p95_enqueue_to_done_ms_exceeded_target:14635.553>1000.0",
      "latest_event_id": "a1542e95-1153-4e2b-b2e6-228281cb387f",
      "latest_event_status": "done",
      "latest_scope_key": "all:2026-03",
      "max_enqueue_to_done_ms": 35988.054,
      "operation": "workbench_relation_withdraw_cross_page",
      "p95_enqueue_to_done_ms": 14635.553,
      "p99_enqueue_to_done_ms": 35988.054,
      "reason": "workbench_relation_changed",
      "required": true,
      "sample_count": 57,
      "scope_type": "cost_statistics",
      "status": "fail"
    },
    {
      "action_names": [],
      "event_type": "search.read_model.refresh",
      "failed_sample_count": 0,
      "latest_action_name": null,
      "latest_dirty_status": "done",
      "latest_error": "p95_enqueue_to_done_ms_exceeded_target:14588.079>1000.0",
      "latest_event_id": "b9138754-21f2-4cc0-8ffc-8c4840f0e3ad",
      "latest_event_status": "done",
      "latest_scope_key": "2026-03",
      "max_enqueue_to_done_ms": 301452.399,
      "operation": "workbench_relation_withdraw_cross_page",
      "p95_enqueue_to_done_ms": 14588.079,
      "p99_enqueue_to_done_ms": 301452.399,
      "reason": "workbench_relation_changed",
      "required": true,
      "sample_count": 85,
      "scope_type": "search",
      "status": "fail"
    },
    {
      "action_names": [],
      "event_type": "tax_offset.read_model.refresh",
      "failed_sample_count": 0,
      "latest_action_name": null,
      "latest_dirty_status": "done",
      "latest_error": "p95_enqueue_to_done_ms_exceeded_target:10535.374>1000.0",
      "latest_event_id": "fc1cfe58-d7b5-47d6-a376-28c30fc42550",
      "latest_event_status": "done",
      "latest_scope_key": "2026-01",
      "max_enqueue_to_done_ms": 321195.035,
      "operation": "workbench_relation_withdraw_cross_page",
      "p95_enqueue_to_done_ms": 10535.374,
      "p99_enqueue_to_done_ms": 321195.035,
      "reason": "workbench_relation_changed",
      "required": true,
      "sample_count": 59,
      "scope_type": "tax_offset",
      "status": "fail"
    },
    {
      "action_names": [],
      "event_type": "workbench.read_model.refresh",
      "failed_sample_count": 0,
      "latest_action_name": null,
      "latest_dirty_status": "done",
      "latest_error": "p95_enqueue_to_done_ms_exceeded_target:45572.779>1000.0",
      "latest_event_id": "0a11b8ec-d5f2-4300-8db4-7c02529eba24",
      "latest_event_status": "done",
      "latest_scope_key": "2026-02",
      "max_enqueue_to_done_ms": 71312.763,
      "operation": "workbench_relation_confirm_bank_invoice_cross_page",
      "p95_enqueue_to_done_ms": 45572.779,
      "p99_enqueue_to_done_ms": 71312.763,
      "reason": "workbench_relation_changed",
      "required": true,
      "sample_count": 63,
      "scope_type": "workbench",
      "status": "fail"
    },
    {
      "action_names": [],
      "event_type": "workbench_relation.read_model.refresh",
      "failed_sample_count": 0,
      "latest_action_name": null,
      "latest_dirty_status": null,
      "latest_error": "p95_enqueue_to_done_ms_exceeded_target:18666.904>1000.0",
      "latest_event_id": "155e11cf-3a09-4b31-b1e0-ba0919059218",
      "latest_event_status": "done",
      "latest_scope_key": "2026-01",
      "max_enqueue_to_done_ms": 20264.575,
      "operation": "workbench_relation_confirm_bank_invoice_cross_page",
      "p95_enqueue_to_done_ms": 18666.904,
      "p99_enqueue_to_done_ms": 20264.575,
      "reason": "workbench_pair_relation_changed",
      "required": true,
      "sample_count": 48,
      "scope_type": "workbench_relation",
      "status": "fail"
    },
    {
      "action_names": [],
      "event_type": "bank_detail.read_model.refresh",
      "failed_sample_count": 0,
      "latest_action_name": null,
      "latest_dirty_status": "done",
      "latest_error": "p95_enqueue_to_done_ms_exceeded_target:11370.364>1000.0",
      "latest_event_id": "12b6bff7-ac52-457a-a9c5-fb3e7d4cdaeb",
      "latest_event_status": "done",
      "latest_scope_key": "2026-03",
      "max_enqueue_to_done_ms": 12566.794,
      "operation": "workbench_relation_confirm_bank_invoice_cross_page",
      "p95_enqueue_to_done_ms": 11370.364,
      "p99_enqueue_to_done_ms": 12566.794,
      "reason": "workbench_relation_changed",
      "required": true,
      "sample_count": 20,
      "scope_type": "bank_detail",
      "status": "fail"
    },
    {
      "action_names": [],
      "event_type": "invoice_lifecycle.read_model.refresh",
      "failed_sample_count": 0,
      "latest_action_name": null,
      "latest_dirty_status": "done",
      "latest_error": "p95_enqueue_to_done_ms_exceeded_target:53546.114>1000.0",
      "latest_event_id": "64e3cfd4-ccae-4c10-8729-4721bdab3ef7",
      "latest_event_status": "done",
      "latest_scope_key": "2026-02",
      "max_enqueue_to_done_ms": 314405.375,
      "operation": "workbench_relation_confirm_bank_invoice_cross_page",
      "p95_enqueue_to_done_ms": 53546.114,
      "p99_enqueue_to_done_ms": 314405.375,
      "reason": "workbench_relation_changed",
      "required": true,
      "sample_count": 55,
      "scope_type": "invoice_lifecycle",
      "status": "fail"
    },
    {
      "action_names": [],
      "event_type": "pending_invoice.read_model.refresh",
      "failed_sample_count": 0,
      "latest_action_name": null,
      "latest_dirty_status": "done",
      "latest_error": "p95_enqueue_to_done_ms_exceeded_target:45167.721>1000.0",
      "latest_event_id": "8ce44ec6-3544-4390-927e-91c3da18f87d",
      "latest_event_status": "done",
      "latest_scope_key": "expense:bank_statement_as_invoice:2026-03",
      "max_enqueue_to_done_ms": 309573.243,
      "operation": "workbench_relation_confirm_bank_invoice_cross_page",
      "p95_enqueue_to_done_ms": 45167.721,
      "p99_enqueue_to_done_ms": 309573.243,
      "reason": "workbench_relation_changed",
      "required": true,
      "sample_count": 90,
      "scope_type": "pending_invoice",
      "status": "fail"
    },
    {
      "action_names": [],
      "event_type": "input_invoice_usage.read_model.refresh",
      "failed_sample_count": 0,
      "latest_action_name": null,
      "latest_dirty_status": "done",
      "latest_error": "p95_enqueue_to_done_ms_exceeded_target:64829.108>1000.0",
      "latest_event_id": "7827e335-a88b-483d-a640-27216c161651",
      "latest_event_status": "done",
      "latest_scope_key": "2026-02",
      "max_enqueue_to_done_ms": 336602.847,
      "operation": "workbench_relation_confirm_bank_invoice_cross_page",
      "p95_enqueue_to_done_ms": 64829.108,
      "p99_enqueue_to_done_ms": 336602.847,
      "reason": "workbench_relation_changed",
      "required": true,
      "sample_count": 50,
      "scope_type": "input_invoice_usage",
      "status": "fail"
    },
    {
      "action_names": [],
      "event_type": "search.read_model.refresh",
      "failed_sample_count": 0,
      "latest_action_name": null,
      "latest_dirty_status": "done",
      "latest_error": "p95_enqueue_to_done_ms_exceeded_target:14588.079>1000.0",
      "latest_event_id": "b9138754-21f2-4cc0-8ffc-8c4840f0e3ad",
      "latest_event_status": "done",
      "latest_scope_key": "2026-03",
      "max_enqueue_to_done_ms": 301452.399,
      "operation": "workbench_relation_confirm_bank_invoice_cross_page",
      "p95_enqueue_to_done_ms": 14588.079,
      "p99_enqueue_to_done_ms": 301452.399,
      "reason": "workbench_relation_changed",
      "required": true,
      "sample_count": 85,
      "scope_type": "search",
      "status": "fail"
    },
    {
      "action_names": [],
      "event_type": "tax_offset.read_model.refresh",
      "failed_sample_count": 0,
      "latest_action_name": null,
      "latest_dirty_status": "done",
      "latest_error": "p95_enqueue_to_done_ms_exceeded_target:10535.374>1000.0",
      "latest_event_id": "fc1cfe58-d7b5-47d6-a376-28c30fc42550",
      "latest_event_status": "done",
      "latest_scope_key": "2026-01",
      "max_enqueue_to_done_ms": 321195.035,
      "operation": "workbench_relation_confirm_bank_invoice_cross_page",
      "p95_enqueue_to_done_ms": 10535.374,
      "p99_enqueue_to_done_ms": 321195.035,
      "reason": "workbench_relation_changed",
      "required": true,
      "sample_count": 59,
      "scope_type": "tax_offset",
      "status": "fail"
    },
    {
      "action_names": [],
      "event_type": "workbench.read_model.refresh",
      "failed_sample_count": 0,
      "latest_action_name": null,
      "latest_dirty_status": "done",
      "latest_error": "p95_enqueue_to_done_ms_exceeded_target:45572.779>1000.0",
      "latest_event_id": "0a11b8ec-d5f2-4300-8db4-7c02529eba24",
      "latest_event_status": "done",
      "latest_scope_key": "2026-02",
      "max_enqueue_to_done_ms": 71312.763,
      "operation": "workbench_relation_withdraw_bank_invoice_cross_page",
      "p95_enqueue_to_done_ms": 45572.779,
      "p99_enqueue_to_done_ms": 71312.763,
      "reason": "workbench_relation_changed",
      "required": true,
      "sample_count": 63,
      "scope_type": "workbench",
      "status": "fail"
    },
    {
      "action_names": [],
      "event_type": "workbench_relation.read_model.refresh",
      "failed_sample_count": 0,
      "latest_action_name": null,
      "latest_dirty_status": null,
      "latest_error": "p95_enqueue_to_done_ms_exceeded_target:18666.904>1000.0",
      "latest_event_id": "155e11cf-3a09-4b31-b1e0-ba0919059218",
      "latest_event_status": "done",
      "latest_scope_key": "2026-01",
      "max_enqueue_to_done_ms": 20264.575,
      "operation": "workbench_relation_withdraw_bank_invoice_cross_page",
      "p95_enqueue_to_done_ms": 18666.904,
      "p99_enqueue_to_done_ms": 20264.575,
      "reason": "workbench_pair_relation_changed",
      "required": true,
      "sample_count": 48,
      "scope_type": "workbench_relation",
      "status": "fail"
    },
    {
      "action_names": [],
      "event_type": "bank_detail.read_model.refresh",
      "failed_sample_count": 0,
      "latest_action_name": null,
      "latest_dirty_status": "done",
      "latest_error": "p95_enqueue_to_done_ms_exceeded_target:11370.364>1000.0",
      "latest_event_id": "12b6bff7-ac52-457a-a9c5-fb3e7d4cdaeb",
      "latest_event_status": "done",
      "latest_scope_key": "2026-03",
      "max_enqueue_to_done_ms": 12566.794,
      "operation": "workbench_relation_withdraw_bank_invoice_cross_page",
      "p95_enqueue_to_done_ms": 11370.364,
      "p99_enqueue_to_done_ms": 12566.794,
      "reason": "workbench_relation_changed",
      "required": true,
      "sample_count": 20,
      "scope_type": "bank_detail",
      "status": "fail"
    },
    {
      "action_names": [],
      "event_type": "invoice_lifecycle.read_model.refresh",
      "failed_sample_count": 0,
      "latest_action_name": null,
      "latest_dirty_status": "done",
      "latest_error": "p95_enqueue_to_done_ms_exceeded_target:53546.114>1000.0",
      "latest_event_id": "64e3cfd4-ccae-4c10-8729-4721bdab3ef7",
      "latest_event_status": "done",
      "latest_scope_key": "2026-02",
      "max_enqueue_to_done_ms": 314405.375,
      "operation": "workbench_relation_withdraw_bank_invoice_cross_page",
      "p95_enqueue_to_done_ms": 53546.114,
      "p99_enqueue_to_done_ms": 314405.375,
      "reason": "workbench_relation_changed",
      "required": true,
      "sample_count": 55,
      "scope_type": "invoice_lifecycle",
      "status": "fail"
    },
    {
      "action_names": [],
      "event_type": "pending_invoice.read_model.refresh",
      "failed_sample_count": 0,
      "latest_action_name": null,
      "latest_dirty_status": "done",
      "latest_error": "p95_enqueue_to_done_ms_exceeded_target:45167.721>1000.0",
      "latest_event_id": "8ce44ec6-3544-4390-927e-91c3da18f87d",
      "latest_event_status": "done",
      "latest_scope_key": "expense:bank_statement_as_invoice:2026-03",
      "max_enqueue_to_done_ms": 309573.243,
      "operation": "workbench_relation_withdraw_bank_invoice_cross_page",
      "p95_enqueue_to_done_ms": 45167.721,
      "p99_enqueue_to_done_ms": 309573.243,
      "reason": "workbench_relation_changed",
      "required": true,
      "sample_count": 90,
      "scope_type": "pending_invoice",
      "status": "fail"
    },
    {
      "action_names": [],
      "event_type": "input_invoice_usage.read_model.refresh",
      "failed_sample_count": 0,
      "latest_action_name": null,
      "latest_dirty_status": "done",
      "latest_error": "p95_enqueue_to_done_ms_exceeded_target:64829.108>1000.0",
      "latest_event_id": "7827e335-a88b-483d-a640-27216c161651",
      "latest_event_status": "done",
      "latest_scope_key": "2026-02",
      "max_enqueue_to_done_ms": 336602.847,
      "operation": "workbench_relation_withdraw_bank_invoice_cross_page",
      "p95_enqueue_to_done_ms": 64829.108,
      "p99_enqueue_to_done_ms": 336602.847,
      "reason": "workbench_relation_changed",
      "required": true,
      "sample_count": 50,
      "scope_type": "input_invoice_usage",
      "status": "fail"
    },
    {
      "action_names": [],
      "event_type": "search.read_model.refresh",
      "failed_sample_count": 0,
      "latest_action_name": null,
      "latest_dirty_status": "done",
      "latest_error": "p95_enqueue_to_done_ms_exceeded_target:14588.079>1000.0",
      "latest_event_id": "b9138754-21f2-4cc0-8ffc-8c4840f0e3ad",
      "latest_event_status": "done",
      "latest_scope_key": "2026-03",
      "max_enqueue_to_done_ms": 301452.399,
      "operation": "workbench_relation_withdraw_bank_invoice_cross_page",
      "p95_enqueue_to_done_ms": 14588.079,
      "p99_enqueue_to_done_ms": 301452.399,
      "reason": "workbench_relation_changed",
      "required": true,
      "sample_count": 85,
      "scope_type": "search",
      "status": "fail"
    },
    {
      "action_names": [],
      "event_type": "tax_offset.read_model.refresh",
      "failed_sample_count": 0,
      "latest_action_name": null,
      "latest_dirty_status": "done",
      "latest_error": "p95_enqueue_to_done_ms_exceeded_target:10535.374>1000.0",
      "latest_event_id": "fc1cfe58-d7b5-47d6-a376-28c30fc42550",
      "latest_event_status": "done",
      "latest_scope_key": "2026-01",
      "max_enqueue_to_done_ms": 321195.035,
      "operation": "workbench_relation_withdraw_bank_invoice_cross_page",
      "p95_enqueue_to_done_ms": 10535.374,
      "p99_enqueue_to_done_ms": 321195.035,
      "reason": "workbench_relation_changed",
      "required": true,
      "sample_count": 59,
      "scope_type": "tax_offset",
      "status": "fail"
    },
    {
      "action_names": [],
      "event_type": "workbench.read_model.refresh",
      "failed_sample_count": 0,
      "latest_action_name": null,
      "latest_dirty_status": "done",
      "latest_error": "p95_enqueue_to_done_ms_exceeded_target:45572.779>1000.0",
      "latest_event_id": "0a11b8ec-d5f2-4300-8db4-7c02529eba24",
      "latest_event_status": "done",
      "latest_scope_key": "2026-02",
      "max_enqueue_to_done_ms": 71312.763,
      "operation": "workbench_relation_confirm_bank_turnover_cross_page",
      "p95_enqueue_to_done_ms": 45572.779,
      "p99_enqueue_to_done_ms": 71312.763,
      "reason": "workbench_relation_changed",
      "required": true,
      "sample_count": 63,
      "scope_type": "workbench",
      "status": "fail"
    },
    {
      "action_names": [],
      "event_type": "workbench_relation.read_model.refresh",
      "failed_sample_count": 0,
      "latest_action_name": null,
      "latest_dirty_status": null,
      "latest_error": "p95_enqueue_to_done_ms_exceeded_target:18666.904>1000.0",
      "latest_event_id": "155e11cf-3a09-4b31-b1e0-ba0919059218",
      "latest_event_status": "done",
      "latest_scope_key": "2026-01",
      "max_enqueue_to_done_ms": 20264.575,
      "operation": "workbench_relation_confirm_bank_turnover_cross_page",
      "p95_enqueue_to_done_ms": 18666.904,
      "p99_enqueue_to_done_ms": 20264.575,
      "reason": "workbench_pair_relation_changed",
      "required": true,
      "sample_count": 48,
      "scope_type": "workbench_relation",
      "status": "fail"
    },
    {
      "action_names": [],
      "event_type": "bank_detail.read_model.refresh",
      "failed_sample_count": 0,
      "latest_action_name": null,
      "latest_dirty_status": "done",
      "latest_error": "p95_enqueue_to_done_ms_exceeded_target:11370.364>1000.0",
      "latest_event_id": "12b6bff7-ac52-457a-a9c5-fb3e7d4cdaeb",
      "latest_event_status": "done",
      "latest_scope_key": "2026-03",
      "max_enqueue_to_done_ms": 12566.794,
      "operation": "workbench_relation_confirm_bank_turnover_cross_page",
      "p95_enqueue_to_done_ms": 11370.364,
      "p99_enqueue_to_done_ms": 12566.794,
      "reason": "workbench_relation_changed",
      "required": true,
      "sample_count": 20,
      "scope_type": "bank_detail",
      "status": "fail"
    },
    {
      "action_names": [],
      "event_type": "pending_invoice.read_model.refresh",
      "failed_sample_count": 0,
      "latest_action_name": null,
      "latest_dirty_status": "done",
      "latest_error": "p95_enqueue_to_done_ms_exceeded_target:45167.721>1000.0",
      "latest_event_id": "8ce44ec6-3544-4390-927e-91c3da18f87d",
      "latest_event_status": "done",
      "latest_scope_key": "expense:bank_statement_as_invoice:2026-03",
      "max_enqueue_to_done_ms": 309573.243,
      "operation": "workbench_relation_confirm_bank_turnover_cross_page",
      "p95_enqueue_to_done_ms": 45167.721,

      "p99_enqueue_to_done_ms": 309573.243,
      "reason": "workbench_relation_changed",
      "required": true,
      "sample_count": 90,
      "scope_type": "pending_invoice",
      "status": "fail"
    },
    {
      "action_names": [],
      "event_type": "cost_statistics.read_model.refresh",
      "failed_sample_count": 0,
      "latest_action_name": null,
      "latest_dirty_status": "done",
      "latest_error": "p95_enqueue_to_done_ms_exceeded_target:14635.553>1000.0",
      "latest_event_id": "a1542e95-1153-4e2b-b2e6-228281cb387f",
      "latest_event_status": "done",
      "latest_scope_key": "all:2026-03",
      "max_enqueue_to_done_ms": 35988.054,
      "operation": "workbench_relation_confirm_bank_turnover_cross_page",
      "p95_enqueue_to_done_ms": 14635.553,
      "p99_enqueue_to_done_ms": 35988.054,
      "reason": "workbench_relation_changed",
      "required": true,
      "sample_count": 57,
      "scope_type": "cost_statistics",
      "status": "fail"
    },
    {
      "action_names": [],
      "event_type": "search.read_model.refresh",
      "failed_sample_count": 0,
      "latest_action_name": null,
      "latest_dirty_status": "done",
      "latest_error": "p95_enqueue_to_done_ms_exceeded_target:14588.079>1000.0",
      "latest_event_id": "b9138754-21f2-4cc0-8ffc-8c4840f0e3ad",
      "latest_event_status": "done",
      "latest_scope_key": "2026-03",
      "max_enqueue_to_done_ms": 301452.399,
      "operation": "workbench_relation_confirm_bank_turnover_cross_page",
      "p95_enqueue_to_done_ms": 14588.079,
      "p99_enqueue_to_done_ms": 301452.399,
      "reason": "workbench_relation_changed",
      "required": true,
      "sample_count": 85,
      "scope_type": "search",
      "status": "fail"
    },
    {
      "action_names": [],
      "event_type": "workbench.read_model.refresh",
      "failed_sample_count": 0,
      "latest_action_name": null,
      "latest_dirty_status": "done",
      "latest_error": "p95_enqueue_to_done_ms_exceeded_target:45572.779>1000.0",
      "latest_event_id": "0a11b8ec-d5f2-4300-8db4-7c02529eba24",
      "latest_event_status": "done",
      "latest_scope_key": "2026-02",
      "max_enqueue_to_done_ms": 71312.763,
      "operation": "workbench_relation_withdraw_bank_turnover_cross_page",
      "p95_enqueue_to_done_ms": 45572.779,
      "p99_enqueue_to_done_ms": 71312.763,
      "reason": "workbench_relation_changed",
      "required": true,
      "sample_count": 63,
      "scope_type": "workbench",
      "status": "fail"
    },
    {
      "action_names": [],
      "event_type": "workbench_relation.read_model.refresh",
      "failed_sample_count": 0,
      "latest_action_name": null,
      "latest_dirty_status": null,
      "latest_error": "p95_enqueue_to_done_ms_exceeded_target:18666.904>1000.0",
      "latest_event_id": "155e11cf-3a09-4b31-b1e0-ba0919059218",
      "latest_event_status": "done",
      "latest_scope_key": "2026-01",
      "max_enqueue_to_done_ms": 20264.575,
      "operation": "workbench_relation_withdraw_bank_turnover_cross_page",
      "p95_enqueue_to_done_ms": 18666.904,
      "p99_enqueue_to_done_ms": 20264.575,
      "reason": "workbench_pair_relation_changed",
      "required": true,
      "sample_count": 48,
      "scope_type": "workbench_relation",
      "status": "fail"
    },
    {
      "action_names": [],
      "event_type": "bank_detail.read_model.refresh",
      "failed_sample_count": 0,
      "latest_action_name": null,
      "latest_dirty_status": "done",
      "latest_error": "p95_enqueue_to_done_ms_exceeded_target:11370.364>1000.0",
      "latest_event_id": "12b6bff7-ac52-457a-a9c5-fb3e7d4cdaeb",
      "latest_event_status": "done",
      "latest_scope_key": "2026-03",
      "max_enqueue_to_done_ms": 12566.794,
      "operation": "workbench_relation_withdraw_bank_turnover_cross_page",
      "p95_enqueue_to_done_ms": 11370.364,
      "p99_enqueue_to_done_ms": 12566.794,
      "reason": "workbench_relation_changed",
      "required": true,
      "sample_count": 20,
      "scope_type": "bank_detail",
      "status": "fail"
    },
    {
      "action_names": [],
      "event_type": "pending_invoice.read_model.refresh",
      "failed_sample_count": 0,
      "latest_action_name": null,
      "latest_dirty_status": "done",
      "latest_error": "p95_enqueue_to_done_ms_exceeded_target:45167.721>1000.0",
      "latest_event_id": "8ce44ec6-3544-4390-927e-91c3da18f87d",
      "latest_event_status": "done",
      "latest_scope_key": "expense:bank_statement_as_invoice:2026-03",
      "max_enqueue_to_done_ms": 309573.243,
      "operation": "workbench_relation_withdraw_bank_turnover_cross_page",
      "p95_enqueue_to_done_ms": 45167.721,
      "p99_enqueue_to_done_ms": 309573.243,
      "reason": "workbench_relation_changed",
      "required": true,
      "sample_count": 90,
      "scope_type": "pending_invoice",
      "status": "fail"
    },
    {
      "action_names": [],
      "event_type": "cost_statistics.read_model.refresh",
      "failed_sample_count": 0,
      "latest_action_name": null,
      "latest_dirty_status": "done",
      "latest_error": "p95_enqueue_to_done_ms_exceeded_target:14635.553>1000.0",
      "latest_event_id": "a1542e95-1153-4e2b-b2e6-228281cb387f",
      "latest_event_status": "done",
      "latest_scope_key": "all:2026-03",
      "max_enqueue_to_done_ms": 35988.054,
      "operation": "workbench_relation_withdraw_bank_turnover_cross_page",
      "p95_enqueue_to_done_ms": 14635.553,
      "p99_enqueue_to_done_ms": 35988.054,
      "reason": "workbench_relation_changed",
      "required": true,
      "sample_count": 57,
      "scope_type": "cost_statistics",
      "status": "fail"
    },
    {
      "action_names": [],
      "event_type": "search.read_model.refresh",
      "failed_sample_count": 0,
      "latest_action_name": null,
      "latest_dirty_status": "done",
      "latest_error": "p95_enqueue_to_done_ms_exceeded_target:14588.079>1000.0",
      "latest_event_id": "b9138754-21f2-4cc0-8ffc-8c4840f0e3ad",
      "latest_event_status": "done",
      "latest_scope_key": "2026-03",
      "max_enqueue_to_done_ms": 301452.399,
      "operation": "workbench_relation_withdraw_bank_turnover_cross_page",
      "p95_enqueue_to_done_ms": 14588.079,
      "p99_enqueue_to_done_ms": 301452.399,
      "reason": "workbench_relation_changed",
      "required": true,
      "sample_count": 85,
      "scope_type": "search",
      "status": "fail"
    },
    {
      "action_names": [
        "no_oa_bank_batch_withdraw"
      ],
      "event_type": "no_oa_bank_batch.read_model.refresh",
      "failed_sample_count": 0,
      "latest_action_name": null,
      "latest_dirty_status": null,
      "latest_error": "no_recent_required_write_refresh_event",
      "latest_event_id": null,
      "latest_event_status": null,
      "latest_scope_key": null,
      "max_enqueue_to_done_ms": null,
      "operation": "no_oa_bank_batch_withdraw",
      "p95_enqueue_to_done_ms": null,

      "p99_enqueue_to_done_ms": null,
      "reason": "no_oa_bank_batch_changed",
      "required": true,
      "sample_count": 0,
      "scope_type": "no_oa_bank_batch",
      "status": "missing"
    },
    {
      "action_names": [
        "no_oa_bank_batch_withdraw"
      ],
      "event_type": "workbench.read_model.refresh",
      "failed_sample_count": 0,
      "latest_action_name": null,
      "latest_dirty_status": null,
      "latest_error": "no_recent_required_write_refresh_event",
      "latest_event_id": null,
      "latest_event_status": null,
      "latest_scope_key": null,
      "max_enqueue_to_done_ms": null,
      "operation": "no_oa_bank_batch_withdraw",
      "p95_enqueue_to_done_ms": null,
      "p99_enqueue_to_done_ms": null,
      "reason": "workbench_scope_invalidated",
      "required": true,
      "sample_count": 0,
      "scope_type": "workbench",
      "status": "missing"
    },
    {
      "action_names": [
        "no_oa_bank_batch_withdraw"
      ],
      "event_type": "workbench_relation.read_model.refresh",
      "failed_sample_count": 0,
      "latest_action_name": null,
      "latest_dirty_status": null,
      "latest_error": "no_recent_required_write_refresh_event",
      "latest_event_id": null,
      "latest_event_status": null,
      "latest_scope_key": null,
      "max_enqueue_to_done_ms": null,
      "operation": "no_oa_bank_batch_withdraw",
      "p95_enqueue_to_done_ms": null,
      "p99_enqueue_to_done_ms": null,
      "reason": "no_oa_bank_batch_changed",
      "required": true,
      "sample_count": 0,
      "scope_type": "workbench_relation",
      "status": "missing"
    },
    {
      "action_names": [
        "no_oa_bank_batch_withdraw"
      ],
      "event_type": "cost_statistics.read_model.refresh",
      "failed_sample_count": 0,
      "latest_action_name": null,
      "latest_dirty_status": null,
      "latest_error": "no_recent_required_write_refresh_event",
      "latest_event_id": null,
      "latest_event_status": null,
      "latest_scope_key": null,
      "max_enqueue_to_done_ms": null,
      "operation": "no_oa_bank_batch_withdraw",
      "p95_enqueue_to_done_ms": null,
      "p99_enqueue_to_done_ms": null,
      "reason": "no_oa_bank_batch_changed",
      "required": true,
      "sample_count": 0,
      "scope_type": "cost_statistics",
      "status": "missing"
    },
    {
      "action_names": [
        "no_oa_bank_batch_withdraw"
      ],
      "event_type": "search.read_model.refresh",
      "failed_sample_count": 0,
      "latest_action_name": null,
      "latest_dirty_status": null,
      "latest_error": "no_recent_required_write_refresh_event",
      "latest_event_id": null,
      "latest_event_status": null,
      "latest_scope_key": null,
      "max_enqueue_to_done_ms": null,
      "operation": "no_oa_bank_batch_withdraw",
      "p95_enqueue_to_done_ms": null,
      "p99_enqueue_to_done_ms": null,
      "reason": "no_oa_bank_batch_changed",
      "required": true,
      "sample_count": 0,
      "scope_type": "search",
      "status": "missing"
    }
  ],
  "since": null,
  "status": "fail",
  "target_ms": 1000.0,
  "tenant_id": "default",
  "version": 1
}
===== EXIT write_audit_24h 1 =====
===== scenario_discovery =====
{
  "candidate_counts": {
    "no_oa_bank_batch_withdraw_context": 3,
    "turnover_manual_closure_or_withdraw": 5,
    "workbench_pair_withdraw_context": 5
  },
  "candidates": {
    "no_oa_bank_batch_withdraw_context": [
      {
        "batch_id": "no_oa_batch_1ce653ae5b57f410eb56",
        "candidate_path": "/api/no-oa-bank-batches/no_oa_batch_1ce653ae5b57f410eb56/withdraw",
        "month": "2026-02",
        "operation_context": "no_oa_bank_batch_withdraw",
        "risk": "existing_no_oa_batch_withdraw_requires_manual_business_approval",
        "status": "submitted",
        "status_bucket": "submitted",
        "updated_at": "2026-07-01 00:03:47.789840+08:00",
        "version": 2
      },
      {
        "batch_id": "no_oa_batch_6211b812b413ffb7b94c",
        "candidate_path": "/api/no-oa-bank-batches/no_oa_batch_6211b812b413ffb7b94c/withdraw",
        "month": "2026-02",
        "operation_context": "no_oa_bank_batch_withdraw",
        "risk": "existing_no_oa_batch_withdraw_requires_manual_business_approval",
        "status": "submitted",
        "status_bucket": "submitted",
        "updated_at": "2026-07-01 00:03:47.789840+08:00",
        "version": 2
      },
      {
        "batch_id": "no_oa_batch_5524bc9a91b2bf440b3b",
        "candidate_path": "/api/no-oa-bank-batches/no_oa_batch_5524bc9a91b2bf440b3b/withdraw",
        "month": "2026-01",
        "operation_context": "no_oa_bank_batch_withdraw",
        "risk": "existing_no_oa_batch_withdraw_requires_manual_business_approval",
        "status": "submitted",
        "status_bucket": "submitted",
        "updated_at": "2026-07-01 00:03:36.934175+08:00",
        "version": 2
      }
    ],
    "turnover_manual_closure_or_withdraw": [
      {
        "operation": "turnover_manual_closure_or_withdraw",
        "relation_id": "turnover_rel_36266274e9235566",
        "relation_type": "",
        "risk": "existing_relation_withdraw_requires_manual_business_approval",
        "scope_month": "",
        "source": "manual",
        "status": "confirmed",
        "updated_at": "2026-07-01 12:23:14.642382+08:00",
        "version": 1
      },
      {
        "operation": "turnover_manual_closure_or_withdraw",
        "relation_id": "turnover_rel_45d08e61d1b0d637",
        "relation_type": "",
        "risk": "existing_relation_withdraw_requires_manual_business_approval",
        "scope_month": "",
        "source": "manual",
        "status": "confirmed",
        "updated_at": "2026-07-01 12:23:14.642382+08:00",
        "version": 1
      },
      {
        "operation": "turnover_manual_closure_or_withdraw",
        "relation_id": "turnover_rel_89e8fb47e3ffce91",
        "relation_type": "",
        "risk": "existing_relation_withdraw_requires_manual_business_approval",
        "scope_month": "",
        "source": "manual",
        "status": "confirmed",
        "updated_at": "2026-07-01 12:23:14.642382+08:00",
        "version": 1
      },
      {
        "operation": "turnover_manual_closure_or_withdraw",
        "relation_id": "turnover_rel_8b39f1218ecd98ac",
        "relation_type": "",
        "risk": "existing_relation_withdraw_requires_manual_business_approval",
        "scope_month": "",
        "source": "manual",
        "status": "confirmed",
        "updated_at": "2026-07-01 12:23:14.642382+08:00",
        "version": 1
      },
      {
        "operation": "turnover_manual_closure_or_withdraw",
        "relation_id": "turnover_rel_a4fc90a82cc517a9",
        "relation_type": "",
        "risk": "existing_relation_withdraw_requires_manual_business_approval",
        "scope_month": "",
        "source": "manual",
        "status": "confirmed",
        "updated_at": "2026-07-01 12:23:14.642382+08:00",
        "version": 1
      }
    ],
    "workbench_pair_withdraw_context": [
      {
        "candidate_path": "/api/workbench/actions/withdraw-link",
        "case_id": "CASE-BATCH-txn_imported_1393",
        "month": "all",
        "operation_context": "workbench_pair_withdraw",
        "relation_mode": "batch_accounting",
        "risk": "existing_workbench_relation_withdraw_requires_manual_business_approval",
        "row_ids": [
          "txn_imported_1393",
          "oa-exp-1991",
          "oa-exp-2008",
          "oa-exp-2003",
          "oa-exp-1980",
          "oa-exp-2012",
          "inv_imported_0239",
          "inv_imported_0240",
          "inv_imported_0247",
          "inv_imported_0248",
          "inv_imported_0249",
          "inv_imported_0250",
          "inv_imported_0251",
          "inv_imported_0167",
          "inv_imported_0171",
          "inv_imported_0180",
          "inv_imported_0181",
          "inv_imported_0202",
          "inv_imported_0242",
          "inv_imported_0206"
        ],
        "status": "active",
        "updated_at": "2026-07-02 14:23:38.705116+08:00",
        "version": 1
      },
      {
        "candidate_path": "/api/workbench/actions/withdraw-link",
        "case_id": "CASE-BATCH-txn_imported_1389",
        "month": "all",
        "operation_context": "workbench_pair_withdraw",
        "relation_mode": "batch_accounting",
        "risk": "existing_workbench_relation_withdraw_requires_manual_business_approval",
        "row_ids": [
          "txn_imported_1389",
          "oa-exp-2015",
          "oa-exp-2023",
          "oa-exp-2013",
          "oa-exp-2000",
          "inv_imported_0207",
          "inv_imported_0204",
          "inv_imported_0195",
          "inv_imported_0157",
          "oa-att-inv-oa-exp-2015-9efaee6f6d194bd9",
          "oa-att-inv-oa-exp-2015-9660c2aa3ee766a5",
          "oa-att-inv-oa-exp-2015-a74fce20d666514d",
          "oa-att-inv-oa-exp-2015-def7397bc26b4edd",
          "oa-att-inv-oa-exp-2023-fe3da04844ab9669",
          "oa-att-inv-oa-exp-2023-0ef786f5d42e443f",
          "oa-att-inv-oa-exp-2023-d66570138e1e1238",
          "oa-att-inv-oa-exp-2023-fc1f3a47887b754e",
          "inv_imported_0162",
          "inv_imported_0160",
          "oa-att-inv-oa-exp-2013-8cd867ee81349ab5",
          "oa-att-inv-oa-exp-2013-ce8c8d52f1192d5c",
          "oa-att-inv-oa-exp-2000:item:4:586f63e79866-7ef6d070682c2136",
          "oa-att-inv-oa-exp-2000:item:4:586f63e79866-6efa8f5297ef7fbc",
          "inv_imported_0254",
          "inv_imported_0253",
          "inv_imported_0231",
          "inv_imported_0197",
          "oa-att-inv-oa-exp-2000-b24b9366218773d5",
          "oa-att-inv-oa-exp-2000-b93606aa92cc9301",
          "oa-att-inv-oa-exp-2000-1d9ef2998089051a",
          "oa-att-inv-oa-exp-2000-7ef6d070682c2136",
          "oa-att-inv-oa-exp-2000-6efa8f5297ef7fbc",
          "oa-att-inv-oa-exp-2000-da7ef516c96c4842"
        ],
        "status": "active",
        "updated_at": "2026-07-02 12:05:53.474019+08:00",
        "version": 1
      },
      {
        "candidate_path": "/api/workbench/actions/withdraw-link",
        "case_id": "decision:2026-01:oa_attachment_invoice_with_bank:oa-exp-1970:txn_imported_1241:inv_imported_0263:inv_imported_0264",
        "month": "2026-01",
        "operation_context": "workbench_pair_withdraw",
        "relation_mode": "manual_confirmed",
        "risk": "existing_workbench_relation_withdraw_requires_manual_business_approval",
        "row_ids": [
          "oa-exp-1970",
          "txn_imported_1241",
          "inv_imported_0263",
          "inv_imported_0264",
          "oa-att-inv-oa-exp-1970-8259b3fade532976",
          "oa-att-inv-oa-exp-1970-596dfbe889e403cc"
        ],
        "status": "active",
        "updated_at": "2026-07-02 12:05:53.474019+08:00",
        "version": 1
      },
      {
        "candidate_path": "/api/workbench/actions/withdraw-link",
        "case_id": "decision:2026-03:oa_attachment_invoice_with_bank:oa-exp-1979:txn_imported_1337:inv_imported_0243:inv_imported_0245:inv_imported_0246:inv_imported_0252:inv_imported_0256",
        "month": "2026-03",
        "operation_context": "workbench_pair_withdraw",
        "relation_mode": "manual_confirmed",
        "risk": "existing_workbench_relation_withdraw_requires_manual_business_approval",
        "row_ids": [
          "oa-exp-1979",
          "txn_imported_1337",
          "inv_imported_0243",
          "inv_imported_0245",
          "inv_imported_0246",
          "inv_imported_0252",
          "inv_imported_0256",
          "oa-att-inv-oa-exp-1979-60040e6c3d13071c",
          "oa-att-inv-oa-exp-1979-bb3fe3b230d70925",
          "oa-att-inv-oa-exp-1979-d2714ba6558f1fdf",
          "oa-att-inv-oa-exp-1979-44c67b69db11d06a",
          "oa-att-inv-oa-exp-1979-18ecd1b53038dc48"
        ],
        "status": "active",
        "updated_at": "2026-07-02 12:05:53.474019+08:00",
        "version": 1
      },
      {
        "candidate_path": "/api/workbench/actions/withdraw-link",
        "case_id": "decision:2026-04:oa_attachment_invoice_with_bank:oa-exp-2060:txn_imported_1426:inv_imported_0092:oa-att-inv-oa-exp-2060:item:0:02dbf9b63d80-7a6d73dc8658a01e:oa-att-inv-oa-exp-2060:item:2:550d29388fa0-2bee7d8a45c049c2:oa-att-inv-oa-exp-2060:item:3:563bce5b6640-04421abf4556fe69:oa-att-inv-oa-exp-2060:item:4:75372f279163-a1aa0c20658a6721:oa-att-inv-oa-exp-2060:item:5:992058a38608-c8d97bcf1faccc86",
        "month": "2026-04",
        "operation_context": "workbench_pair_withdraw",
        "relation_mode": "manual_confirmed",
        "risk": "existing_workbench_relation_withdraw_requires_manual_business_approval",
        "row_ids": [
          "oa-exp-2060",
          "txn_imported_1426",
          "inv_imported_0092",
          "oa-att-inv-oa-exp-2060:item:0:02dbf9b63d80-7a6d73dc8658a01e",
          "oa-att-inv-oa-exp-2060:item:2:550d29388fa0-2bee7d8a45c049c2",
          "oa-att-inv-oa-exp-2060:item:3:563bce5b6640-04421abf4556fe69",
          "oa-att-inv-oa-exp-2060:item:4:75372f279163-a1aa0c20658a6721",
          "oa-att-inv-oa-exp-2060:item:5:992058a38608-c8d97bcf1faccc86",
          "oa-att-inv-oa-exp-2060-16e981c5061b8ac8",
          "oa-att-inv-oa-exp-2060-e45cb3929cbb147f",
          "oa-att-inv-oa-exp-2060-bbbb87576ff497cc",
          "oa-att-inv-oa-exp-2060-1af07a9597e58d40",
          "oa-att-inv-oa-exp-2060-d277eeada4577ed1",
          "oa-att-inv-oa-exp-2060-1cec9fc6cdd9f412"
        ],
        "status": "active",
        "updated_at": "2026-07-02 12:05:53.474019+08:00",
        "version": 1
      }
    ]
  },
  "generated_at": "2026-07-02T07:50:58.153623+00:00",
  "mode": "read_only",
  "safety": {
    "mutates_data": false,
    "notes": [
      "Discovery is read-only and does not call mutating HTTP endpoints.",
      "Generated scenarios withdraw existing turnover, Workbench, or no-OA relations; use only on reviewed test or reversible objects.",
      "Every generated scenario remains blocked for --apply until real OA/Admin auth and manual approval are supplied."
    ],
    "requires_manual_approval_before_apply": true,
    "requires_real_auth_to_apply": true
  },
  "scenario_json": {
    "scenarios": [
      {
        "metadata": {
          "candidate_scope_month": "",
          "candidate_status": "confirmed",
          "requires_manual_approval_before_apply": true,
          "risk": "existing_relation_withdraw_requires_manual_business_approval"
        },
        "name": "turnover-withdraw-turnover_rel_36266274e9235566",
        "operation": "turnover_manual_closure_or_withdraw",
        "post_api_probes": [
          {
            "expected_statuses": [
              200,
              202
            ],
            "name": "turnover_ledger_grouped",
            "path": "/api/turnover-ledger?view=grouped&page=1&page_size=50",
            "target_ms": 1000
          },
          {
            "expected_statuses": [
              200,
              202
            ],
            "name": "operations_app_health_dashboard",
            "path": "/api/operations/app-health-dashboard",
            "target_ms": 1000
          }
        ],
        "steps": [
          {
            "expected_statuses": [
              200
            ],
            "json": {
              "idempotency_key": "runtime-sync-slo-withdraw-turnover_rel_36266274e9235566",
              "note": "controlled runtime sync SLO smoke withdraw; review rollback before apply"
            },
            "method": "POST",
            "name": "withdraw",
            "path": "/api/turnover-ledger/relations/turnover_rel_36266274e9235566/withdraw"
          }
        ]
      },
      {
        "metadata": {
          "candidate_scope_month": "",
          "candidate_status": "confirmed",
          "requires_manual_approval_before_apply": true,
          "risk": "existing_relation_withdraw_requires_manual_business_approval"
        },
        "name": "turnover-withdraw-turnover_rel_45d08e61d1b0d637",
        "operation": "turnover_manual_closure_or_withdraw",
        "post_api_probes": [
          {
            "expected_statuses": [
              200,
              202
            ],
            "name": "turnover_ledger_grouped",
            "path": "/api/turnover-ledger?view=grouped&page=1&page_size=50",
            "target_ms": 1000
          },
          {
            "expected_statuses": [
              200,
              202
            ],
            "name": "operations_app_health_dashboard",
            "path": "/api/operations/app-health-dashboard",
            "target_ms": 1000
          }
        ],
        "steps": [
          {
            "expected_statuses": [
              200
            ],
            "json": {
              "idempotency_key": "runtime-sync-slo-withdraw-turnover_rel_45d08e61d1b0d637",
              "note": "controlled runtime sync SLO smoke withdraw; review rollback before apply"
            },
            "method": "POST",
            "name": "withdraw",
            "path": "/api/turnover-ledger/relations/turnover_rel_45d08e61d1b0d637/withdraw"
          }
        ]
      },
      {
        "metadata": {
          "candidate_scope_month": "",
          "candidate_status": "confirmed",
          "requires_manual_approval_before_apply": true,
          "risk": "existing_relation_withdraw_requires_manual_business_approval"
        },
        "name": "turnover-withdraw-turnover_rel_89e8fb47e3ffce91",
        "operation": "turnover_manual_closure_or_withdraw",
        "post_api_probes": [
          {
            "expected_statuses": [
              200,
              202
            ],
            "name": "turnover_ledger_grouped",
            "path": "/api/turnover-ledger?view=grouped&page=1&page_size=50",
            "target_ms": 1000
          },
          {
            "expected_statuses": [
              200,
              202
            ],
            "name": "operations_app_health_dashboard",
            "path": "/api/operations/app-health-dashboard",
            "target_ms": 1000
          }
        ],
        "steps": [
          {
            "expected_statuses": [
              200
            ],
            "json": {
              "idempotency_key": "runtime-sync-slo-withdraw-turnover_rel_89e8fb47e3ffce91",
              "note": "controlled runtime sync SLO smoke withdraw; review rollback before apply"
            },
            "method": "POST",
            "name": "withdraw",
            "path": "/api/turnover-ledger/relations/turnover_rel_89e8fb47e3ffce91/withdraw"
          }
        ]
      },
      {
        "metadata": {
          "candidate_scope_month": "",
          "candidate_status": "confirmed",
          "requires_manual_approval_before_apply": true,
          "risk": "existing_relation_withdraw_requires_manual_business_approval"
        },
        "name": "turnover-withdraw-turnover_rel_8b39f1218ecd98ac",
        "operation": "turnover_manual_closure_or_withdraw",
        "post_api_probes": [
          {
            "expected_statuses": [
              200,
              202
            ],
            "name": "turnover_ledger_grouped",
            "path": "/api/turnover-ledger?view=grouped&page=1&page_size=50",
            "target_ms": 1000
          },
          {
            "expected_statuses": [
              200,
              202
            ],
            "name": "operations_app_health_dashboard",
            "path": "/api/operations/app-health-dashboard",
            "target_ms": 1000
          }
        ],
        "steps": [
          {
            "expected_statuses": [
              200
            ],
            "json": {
              "idempotency_key": "runtime-sync-slo-withdraw-turnover_rel_8b39f1218ecd98ac",
              "note": "controlled runtime sync SLO smoke withdraw; review rollback before apply"
            },
            "method": "POST",
            "name": "withdraw",
            "path": "/api/turnover-ledger/relations/turnover_rel_8b39f1218ecd98ac/withdraw"
          }
        ]
      },
      {
        "metadata": {
          "candidate_scope_month": "",
          "candidate_status": "confirmed",
          "requires_manual_approval_before_apply": true,
          "risk": "existing_relation_withdraw_requires_manual_business_approval"
        },
        "name": "turnover-withdraw-turnover_rel_a4fc90a82cc517a9",
        "operation": "turnover_manual_closure_or_withdraw",
        "post_api_probes": [
          {
            "expected_statuses": [
              200,
              202
            ],
            "name": "turnover_ledger_grouped",
            "path": "/api/turnover-ledger?view=grouped&page=1&page_size=50",
            "target_ms": 1000
          },
          {
            "expected_statuses": [
              200,
              202
            ],
            "name": "operations_app_health_dashboard",
            "path": "/api/operations/app-health-dashboard",
            "target_ms": 1000
          }
        ],
        "steps": [
          {
            "expected_statuses": [
              200
            ],
            "json": {
              "idempotency_key": "runtime-sync-slo-withdraw-turnover_rel_a4fc90a82cc517a9",
              "note": "controlled runtime sync SLO smoke withdraw; review rollback before apply"
            },
            "method": "POST",
            "name": "withdraw",
            "path": "/api/turnover-ledger/relations/turnover_rel_a4fc90a82cc517a9/withdraw"
          }
        ]
      },
      {
        "metadata": {
          "candidate_case_id": "CASE-BATCH-txn_imported_1393",
          "candidate_month": "all",
          "candidate_relation_mode": "batch_accounting",
          "requires_manual_approval_before_apply": true,
          "risk": "existing_workbench_relation_withdraw_requires_manual_business_approval"
        },
        "name": "workbench-withdraw-CASE-BATCH-txn_imported_1393",
        "operation": "workbench_relation_withdraw",
        "post_api_probes": [
          {
            "expected_statuses": [
              200,
              202
            ],
            "name": "workbench_groups",
            "path": "/api/workbench/groups?month=all&zone=paired&page=1&page_size=20",
            "target_ms": 1000
          },
          {
            "expected_statuses": [
              200,
              202
            ],
            "name": "operations_app_health_dashboard",
            "path": "/api/operations/app-health-dashboard",
            "target_ms": 1000
          }
        ],
        "steps": [
          {
            "expected_statuses": [
              200
            ],
            "json": {
              "month": "all",
              "note": "controlled runtime sync SLO smoke withdraw; review rollback before apply",
              "row_ids": [
                "txn_imported_1393",
                "oa-exp-1991",
                "oa-exp-2008",
                "oa-exp-2003",
                "oa-exp-1980",
                "oa-exp-2012",
                "inv_imported_0239",
                "inv_imported_0240",
                "inv_imported_0247",
                "inv_imported_0248",
                "inv_imported_0249",
                "inv_imported_0250",
                "inv_imported_0251",
                "inv_imported_0167",
                "inv_imported_0171",
                "inv_imported_0180",
                "inv_imported_0181",
                "inv_imported_0202",
                "inv_imported_0242",
                "inv_imported_0206"
              ]
            },
            "method": "POST",
            "name": "withdraw",
            "path": "/api/workbench/actions/withdraw-link"
          }
        ]
      },
      {
        "metadata": {
          "candidate_case_id": "CASE-BATCH-txn_imported_1389",
          "candidate_month": "all",
          "candidate_relation_mode": "batch_accounting",
          "requires_manual_approval_before_apply": true,
          "risk": "existing_workbench_relation_withdraw_requires_manual_business_approval"
        },
        "name": "workbench-withdraw-CASE-BATCH-txn_imported_1389",
        "operation": "workbench_relation_withdraw",
        "post_api_probes": [
          {
            "expected_statuses": [
              200,
              202
            ],
            "name": "workbench_groups",
            "path": "/api/workbench/groups?month=all&zone=paired&page=1&page_size=20",
            "target_ms": 1000
          },
          {
            "expected_statuses": [
              200,
              202
            ],
            "name": "operations_app_health_dashboard",
            "path": "/api/operations/app-health-dashboard",
            "target_ms": 1000
          }
        ],
        "steps": [
          {
            "expected_statuses": [
              200
            ],
            "json": {
              "month": "all",
              "note": "controlled runtime sync SLO smoke withdraw; review rollback before apply",
              "row_ids": [
                "txn_imported_1389",
                "oa-exp-2015",
                "oa-exp-2023",
                "oa-exp-2013",
                "oa-exp-2000",
                "inv_imported_0207",
                "inv_imported_0204",
                "inv_imported_0195",
                "inv_imported_0157",
                "oa-att-inv-oa-exp-2015-9efaee6f6d194bd9",
                "oa-att-inv-oa-exp-2015-9660c2aa3ee766a5",
                "oa-att-inv-oa-exp-2015-a74fce20d666514d",
                "oa-att-inv-oa-exp-2015-def7397bc26b4edd",
                "oa-att-inv-oa-exp-2023-fe3da04844ab9669",
                "oa-att-inv-oa-exp-2023-0ef786f5d42e443f",
                "oa-att-inv-oa-exp-2023-d66570138e1e1238",
                "oa-att-inv-oa-exp-2023-fc1f3a47887b754e",
                "inv_imported_0162",
                "inv_imported_0160",
                "oa-att-inv-oa-exp-2013-8cd867ee81349ab5",
                "oa-att-inv-oa-exp-2013-ce8c8d52f1192d5c",
                "oa-att-inv-oa-exp-2000:item:4:586f63e79866-7ef6d070682c2136",
                "oa-att-inv-oa-exp-2000:item:4:586f63e79866-6efa8f5297ef7fbc",
                "inv_imported_0254",
                "inv_imported_0253",
                "inv_imported_0231",
                "inv_imported_0197",
                "oa-att-inv-oa-exp-2000-b24b9366218773d5",
                "oa-att-inv-oa-exp-2000-b93606aa92cc9301",
                "oa-att-inv-oa-exp-2000-1d9ef2998089051a",
                "oa-att-inv-oa-exp-2000-7ef6d070682c2136",
                "oa-att-inv-oa-exp-2000-6efa8f5297ef7fbc",
                "oa-att-inv-oa-exp-2000-da7ef516c96c4842"
              ]
            },
            "method": "POST",
            "name": "withdraw",
            "path": "/api/workbench/actions/withdraw-link"
          }
        ]
      },
      {
        "metadata": {
          "candidate_case_id": "decision:2026-01:oa_attachment_invoice_with_bank:oa-exp-1970:txn_imported_1241:inv_imported_0263:inv_imported_0264",
          "candidate_month": "2026-01",
          "candidate_relation_mode": "manual_confirmed",
          "requires_manual_approval_before_apply": true,
          "risk": "existing_workbench_relation_withdraw_requires_manual_business_approval"
        },
        "name": "workbench-withdraw-decision:2026-01:oa_attachment_invoice_with_bank:oa-exp-1970:txn_imported_1241:inv_imported_0263:inv_imported_0264",
        "operation": "workbench_relation_withdraw",
        "post_api_probes": [
          {
            "expected_statuses": [
              200,
              202
            ],
            "name": "workbench_groups",
            "path": "/api/workbench/groups?month=2026-01&zone=paired&page=1&page_size=20",
            "target_ms": 1000
          },
          {
            "expected_statuses": [
              200,
              202
            ],
            "name": "operations_app_health_dashboard",
            "path": "/api/operations/app-health-dashboard",
            "target_ms": 1000
          }
        ],
        "steps": [
          {
            "expected_statuses": [
              200
            ],
            "json": {
              "month": "2026-01",
              "note": "controlled runtime sync SLO smoke withdraw; review rollback before apply",
              "row_ids": [
                "oa-exp-1970",
                "txn_imported_1241",
                "inv_imported_0263",
                "inv_imported_0264",
                "oa-att-inv-oa-exp-1970-8259b3fade532976",
                "oa-att-inv-oa-exp-1970-596dfbe889e403cc"
              ]
            },
            "method": "POST",
            "name": "withdraw",
            "path": "/api/workbench/actions/withdraw-link"
          }
        ]
      },
      {
        "metadata": {
          "candidate_case_id": "decision:2026-03:oa_attachment_invoice_with_bank:oa-exp-1979:txn_imported_1337:inv_imported_0243:inv_imported_0245:inv_imported_0246:inv_imported_0252:inv_imported_0256",
          "candidate_month": "2026-03",
          "candidate_relation_mode": "manual_confirmed",
          "requires_manual_approval_before_apply": true,
          "risk": "existing_workbench_relation_withdraw_requires_manual_business_approval"
        },
        "name": "workbench-withdraw-decision:2026-03:oa_attachment_invoice_with_bank:oa-exp-1979:txn_imported_1337:inv_imported_0243:inv_imported_0245:inv_imported_0246:inv_imported_0252:inv_imported_0256",
        "operation": "workbench_relation_withdraw",
        "post_api_probes": [
          {
            "expected_statuses": [
              200,
              202
            ],
            "name": "workbench_groups",
            "path": "/api/workbench/groups?month=2026-03&zone=paired&page=1&page_size=20",
            "target_ms": 1000
          },
          {
            "expected_statuses": [
              200,
              202
            ],
            "name": "operations_app_health_dashboard",
            "path": "/api/operations/app-health-dashboard",
            "target_ms": 1000
          }
        ],
        "steps": [
          {
            "expected_statuses": [
              200
            ],
            "json": {
              "month": "2026-03",
              "note": "controlled runtime sync SLO smoke withdraw; review rollback before apply",
              "row_ids": [
                "oa-exp-1979",
                "txn_imported_1337",
                "inv_imported_0243",
                "inv_imported_0245",
                "inv_imported_0246",
                "inv_imported_0252",
                "inv_imported_0256",
                "oa-att-inv-oa-exp-1979-60040e6c3d13071c",
                "oa-att-inv-oa-exp-1979-bb3fe3b230d70925",
                "oa-att-inv-oa-exp-1979-d2714ba6558f1fdf",
                "oa-att-inv-oa-exp-1979-44c67b69db11d06a",
                "oa-att-inv-oa-exp-1979-18ecd1b53038dc48"
              ]
            },
            "method": "POST",
            "name": "withdraw",
            "path": "/api/workbench/actions/withdraw-link"
          }
        ]
      },
      {
        "metadata": {
          "candidate_case_id": "decision:2026-04:oa_attachment_invoice_with_bank:oa-exp-2060:txn_imported_1426:inv_imported_0092:oa-att-inv-oa-exp-2060:item:0:02dbf9b63d80-7a6d73dc8658a01e:oa-att-inv-oa-exp-2060:item:2:550d29388fa0-2bee7d8a45c049c2:oa-att-inv-oa-exp-2060:item:3:563bce5b6640-04421abf4556fe69:oa-att-inv-oa-exp-2060:item:4:75372f279163-a1aa0c20658a6721:oa-att-inv-oa-exp-2060:item:5:992058a38608-c8d97bcf1faccc86",
          "candidate_month": "2026-04",
          "candidate_relation_mode": "manual_confirmed",
          "requires_manual_approval_before_apply": true,
          "risk": "existing_workbench_relation_withdraw_requires_manual_business_approval"
        },
        "name": "workbench-withdraw-decision:2026-04:oa_attachment_invoice_with_bank:oa-exp-2060:txn_imported_1426:inv_imported_0092:oa-att-inv-oa-exp-2060:item:0:02dbf9b63d80-7a6d73dc8658a01e:oa-att-inv-oa-exp-2060:item:2:550d29388fa0-2bee7d8a45c049c2:oa-att-inv-oa-exp-2060:item:3:563bce5b6640-04421abf4556fe69:oa-att-inv-oa-exp-2060:item:4:75372f279163-a1aa0c20658a6721:oa-att-inv-oa-exp-2060:item:5:992058a38608-c8d97bcf1faccc86",
        "operation": "workbench_relation_withdraw",
        "post_api_probes": [
          {
            "expected_statuses": [
              200,
              202
            ],
            "name": "workbench_groups",
            "path": "/api/workbench/groups?month=2026-04&zone=paired&page=1&page_size=20",
            "target_ms": 1000
          },
          {
            "expected_statuses": [
              200,
              202
            ],
            "name": "operations_app_health_dashboard",
            "path": "/api/operations/app-health-dashboard",
            "target_ms": 1000
          }
        ],
        "steps": [
          {
            "expected_statuses": [
              200
            ],
            "json": {
              "month": "2026-04",
              "note": "controlled runtime sync SLO smoke withdraw; review rollback before apply",
              "row_ids": [
                "oa-exp-2060",
                "txn_imported_1426",
                "inv_imported_0092",
                "oa-att-inv-oa-exp-2060:item:0:02dbf9b63d80-7a6d73dc8658a01e",
                "oa-att-inv-oa-exp-2060:item:2:550d29388fa0-2bee7d8a45c049c2",
                "oa-att-inv-oa-exp-2060:item:3:563bce5b6640-04421abf4556fe69",
                "oa-att-inv-oa-exp-2060:item:4:75372f279163-a1aa0c20658a6721",
                "oa-att-inv-oa-exp-2060:item:5:992058a38608-c8d97bcf1faccc86",
                "oa-att-inv-oa-exp-2060-16e981c5061b8ac8",
                "oa-att-inv-oa-exp-2060-e45cb3929cbb147f",
                "oa-att-inv-oa-exp-2060-bbbb87576ff497cc",
                "oa-att-inv-oa-exp-2060-1af07a9597e58d40",
                "oa-att-inv-oa-exp-2060-d277eeada4577ed1",
                "oa-att-inv-oa-exp-2060-1cec9fc6cdd9f412"
              ]
            },
            "method": "POST",
            "name": "withdraw",
            "path": "/api/workbench/actions/withdraw-link"
          }
        ]
      },
      {
        "metadata": {
          "candidate_batch_id": "no_oa_batch_1ce653ae5b57f410eb56",
          "candidate_month": "2026-02",
          "candidate_version": 2,
          "requires_manual_approval_before_apply": true,
          "risk": "existing_no_oa_batch_withdraw_requires_manual_business_approval"
        },
        "name": "no-oa-withdraw-no_oa_batch_1ce653ae5b57f410eb56",
        "operation": "no_oa_bank_batch_withdraw",
        "post_api_probes": [
          {
            "expected_statuses": [
              200,
              202
            ],
            "name": "no_oa_bank_batches",
            "path": "/api/no-oa-bank-batches?month=2026-02&bucket=submitted",
            "target_ms": 1000
          },
          {
            "expected_statuses": [
              200,
              202
            ],
            "name": "operations_app_health_dashboard",
            "path": "/api/operations/app-health-dashboard",
            "target_ms": 1000
          }
        ],
        "steps": [
          {
            "expected_statuses": [
              200
            ],
            "json": {
              "expected_version": 2,
              "reason": "controlled runtime sync SLO smoke withdraw; review rollback before apply"
            },
            "method": "POST",
            "name": "withdraw",
            "path": "/api/no-oa-bank-batches/no_oa_batch_1ce653ae5b57f410eb56/withdraw"
          }
        ]
      },
      {
        "metadata": {
          "candidate_batch_id": "no_oa_batch_6211b812b413ffb7b94c",
          "candidate_month": "2026-02",
          "candidate_version": 2,
          "requires_manual_approval_before_apply": true,
          "risk": "existing_no_oa_batch_withdraw_requires_manual_business_approval"
        },
        "name": "no-oa-withdraw-no_oa_batch_6211b812b413ffb7b94c",
        "operation": "no_oa_bank_batch_withdraw",
        "post_api_probes": [
          {
            "expected_statuses": [
              200,
              202
            ],
            "name": "no_oa_bank_batches",
            "path": "/api/no-oa-bank-batches?month=2026-02&bucket=submitted",
            "target_ms": 1000
          },
          {
            "expected_statuses": [
              200,
              202
            ],
            "name": "operations_app_health_dashboard",
            "path": "/api/operations/app-health-dashboard",
            "target_ms": 1000
          }
        ],
        "steps": [
          {
            "expected_statuses": [
              200
            ],
            "json": {
              "expected_version": 2,
              "reason": "controlled runtime sync SLO smoke withdraw; review rollback before apply"
            },
            "method": "POST",
            "name": "withdraw",
            "path": "/api/no-oa-bank-batches/no_oa_batch_6211b812b413ffb7b94c/withdraw"
          }
        ]
      },
      {
        "metadata": {
          "candidate_batch_id": "no_oa_batch_5524bc9a91b2bf440b3b",
          "candidate_month": "2026-01",
          "candidate_version": 2,
          "requires_manual_approval_before_apply": true,
          "risk": "existing_no_oa_batch_withdraw_requires_manual_business_approval"
        },
        "name": "no-oa-withdraw-no_oa_batch_5524bc9a91b2bf440b3b",
        "operation": "no_oa_bank_batch_withdraw",
        "post_api_probes": [
          {
            "expected_statuses": [
              200,
              202
            ],
            "name": "no_oa_bank_batches",
            "path": "/api/no-oa-bank-batches?month=2026-01&bucket=submitted",
            "target_ms": 1000
          },
          {
            "expected_statuses": [
              200,
              202
            ],
            "name": "operations_app_health_dashboard",
            "path": "/api/operations/app-health-dashboard",
            "target_ms": 1000
          }
        ],
        "steps": [
          {
            "expected_statuses": [
              200
            ],
            "json": {
              "expected_version": 2,
              "reason": "controlled runtime sync SLO smoke withdraw; review rollback before apply"
            },
            "method": "POST",
            "name": "withdraw",
            "path": "/api/no-oa-bank-batches/no_oa_batch_5524bc9a91b2bf440b3b/withdraw"
          }
        ]
      }
    ],
    "warning": "Review every scenario and its rollback path before running write_operation_e2e_smoke --apply."
  },
  "status": "ready",
  "tenant_id": "default",
  "version": 1
}
===== EXIT scenario_discovery 0 =====
