test_application_handle_request_records_workbench_route_and_database_timing (test_api_performance_metrics.ApiPerformanceMetricsTests.test_application_handle_request_records_workbench_route_and_database_timing) ... ok
test_database_timing_context_tracks_only_current_request (test_api_performance_metrics.ApiPerformanceMetricsTests.test_database_timing_context_tracks_only_current_request) ... ok
test_recorder_can_return_bounded_slowest_endpoint_summary (test_api_performance_metrics.ApiPerformanceMetricsTests.test_recorder_can_return_bounded_slowest_endpoint_summary) ... ok
test_recorder_reports_request_and_database_p95_by_endpoint (test_api_performance_metrics.ApiPerformanceMetricsTests.test_recorder_reports_request_and_database_p95_by_endpoint) ... ok
test_deep_health_endpoint_reports_workbench_api_self_test_counts (test_app.AppTests.test_deep_health_endpoint_reports_workbench_api_self_test_counts) ... ok
test_health_endpoint_does_not_run_workbench_api_self_test (test_app.AppTests.test_health_endpoint_does_not_run_workbench_api_self_test) ... ok
test_health_endpoint_marks_release_import_path_mismatch_not_ready (test_app.AppTests.test_health_endpoint_marks_release_import_path_mismatch_not_ready) ... ok
test_health_endpoint_reports_current_and_future_capabilities (test_app.AppTests.test_health_endpoint_reports_current_and_future_capabilities) ... ok
test_metrics_endpoint_exports_full_api_performance_payload (test_app.AppTests.test_metrics_endpoint_exports_full_api_performance_payload) ... ok
test_metrics_endpoint_exports_prometheus_text_without_workbench_api_self_test (test_app.AppTests.test_metrics_endpoint_exports_prometheus_text_without_workbench_api_self_test) ... ok
test_metrics_endpoint_is_hidden_when_token_is_not_configured (test_app.AppTests.test_metrics_endpoint_is_hidden_when_token_is_not_configured) ... ok
test_metrics_endpoint_rejects_missing_or_wrong_token (test_app.AppTests.test_metrics_endpoint_rejects_missing_or_wrong_token) ... ok
test_ready_endpoint_bounds_api_performance_payload (test_app.AppTests.test_ready_endpoint_bounds_api_performance_payload) ... ok
test_ready_endpoint_reports_readiness_without_workbench_api_self_test (test_app.AppTests.test_ready_endpoint_reports_readiness_without_workbench_api_self_test) ... ok
test_alert_recovers_when_condition_clears (test_app_health_alert_service.AppHealthAlertServiceTests.test_alert_recovers_when_condition_clears) ... ok
test_dependency_unavailable_creates_critical_alert (test_app_health_alert_service.AppHealthAlertServiceTests.test_dependency_unavailable_creates_critical_alert) ... ok
test_dirty_scope_warning_and_critical_thresholds (test_app_health_alert_service.AppHealthAlertServiceTests.test_dirty_scope_warning_and_critical_thresholds) ... ok
test_long_running_background_job_creates_warning (test_app_health_alert_service.AppHealthAlertServiceTests.test_long_running_background_job_creates_warning) ... ok
test_app_health_caches_workbench_refresh_status_briefly (test_app_health_api.AppHealthApiTests.test_app_health_caches_workbench_refresh_status_briefly) ... ok
test_app_health_excludes_acknowledged_failed_job_from_active_and_attention (test_app_health_api.AppHealthApiTests.test_app_health_excludes_acknowledged_failed_job_from_active_and_attention) ... ok
test_app_health_excludes_succeeded_job_after_recent_success_window (test_app_health_api.AppHealthApiTests.test_app_health_excludes_succeeded_job_after_recent_success_window) ... ok
test_app_health_keeps_workbench_consistency_failure_busy_during_active_repair (test_app_health_api.AppHealthApiTests.test_app_health_keeps_workbench_consistency_failure_busy_during_active_repair) ... ok
test_app_health_marks_cost_statistics_warmup_attention_retryable_and_serializes_job_policy (test_app_health_api.AppHealthApiTests.test_app_health_marks_cost_statistics_warmup_attention_retryable_and_serializes_job_policy) ... ok
test_app_health_marks_interrupted_job_without_source_not_retryable_but_acknowledgeable (test_app_health_api.AppHealthApiTests.test_app_health_marks_interrupted_job_without_source_not_retryable_but_acknowledgeable) ... ok
test_app_health_marks_workbench_matching_attention_retryable_when_months_exist (test_app_health_api.AppHealthApiTests.test_app_health_marks_workbench_matching_attention_retryable_when_months_exist) ... ok
test_app_health_reports_dependency_error_as_blocked (test_app_health_api.AppHealthApiTests.test_app_health_reports_dependency_error_as_blocked) ... ok
test_app_health_reports_dirty_oa_scopes_as_busy_and_stale (test_app_health_api.AppHealthApiTests.test_app_health_reports_dirty_oa_scopes_as_busy_and_stale) ... ok
test_app_health_reports_running_background_job_as_busy (test_app_health_api.AppHealthApiTests.test_app_health_reports_running_background_job_as_busy) ... ok
test_app_health_reports_unacknowledged_failed_and_partial_success_jobs_as_attention (test_app_health_api.AppHealthApiTests.test_app_health_reports_unacknowledged_failed_and_partial_success_jobs_as_attention) ... ok
test_app_health_reports_workbench_generation_consistency_failure (test_app_health_api.AppHealthApiTests.test_app_health_reports_workbench_generation_consistency_failure) ... ok
test_app_health_reports_workbench_rebuild_job_as_rebuilding (test_app_health_api.AppHealthApiTests.test_app_health_reports_workbench_rebuild_job_as_rebuilding) ... ok
test_app_health_returns_ok_when_idle (test_app_health_api.AppHealthApiTests.test_app_health_returns_ok_when_idle) ... ok
test_app_health_stream_returns_sse_snapshot_and_heartbeat (test_app_health_api.AppHealthApiTests.test_app_health_stream_returns_sse_snapshot_and_heartbeat) ... ok
test_app_health_uses_existing_auth_guard_when_session_is_missing (test_app_health_api.AppHealthApiTests.test_app_health_uses_existing_auth_guard_when_session_is_missing) ... ok
test_dirty_oa_scopes_block_workbench_write_actions (test_app_health_api.AppHealthApiTests.test_dirty_oa_scopes_block_workbench_write_actions) ... {"event": "app_health.snapshot", "status": "ok", "duration_ms": 0.08, "dirty_scope_count": 0, "background_jobs_running_count": 0, "active_alert_count": 0}
{"event": "app_health.snapshot", "status": "ok", "duration_ms": 0.04, "dirty_scope_count": 0, "background_jobs_running_count": 0, "active_alert_count": 0}
{"event": "app_health.snapshot", "status": "ok", "duration_ms": 0.07, "dirty_scope_count": 0, "background_jobs_running_count": 0, "active_alert_count": 0}
{"event": "app_health.snapshot", "status": "ok", "duration_ms": 2.09, "dirty_scope_count": 0, "background_jobs_running_count": 0, "active_alert_count": 0}
{"event": "app_health.snapshot", "status": "busy", "duration_ms": 0.06, "dirty_scope_count": 0, "background_jobs_running_count": 0, "active_alert_count": 0}
{"event": "app_health.snapshot", "status": "busy", "duration_ms": 0.1, "dirty_scope_count": 0, "background_jobs_running_count": 0, "active_alert_count": 0}
{"event": "app_health.snapshot", "status": "busy", "duration_ms": 0.07, "dirty_scope_count": 0, "background_jobs_running_count": 0, "active_alert_count": 0}
{"event": "app_health.snapshot", "status": "busy", "duration_ms": 0.09, "dirty_scope_count": 0, "background_jobs_running_count": 0, "active_alert_count": 0}
{"event": "app_health.snapshot", "status": "blocked", "duration_ms": 0.07, "dirty_scope_count": 1, "background_jobs_running_count": 0, "active_alert_count": 2}
{"event": "app_health.snapshot", "status": "busy", "duration_ms": 0.09, "dirty_scope_count": 1, "background_jobs_running_count": 0, "active_alert_count": 0}
{"event": "app_health.snapshot", "status": "busy", "duration_ms": 0.09, "dirty_scope_count": 0, "background_jobs_running_count": 1, "active_alert_count": 0}
{"event": "app_health.snapshot", "status": "busy", "duration_ms": 0.11, "dirty_scope_count": 0, "background_jobs_running_count": 0, "active_alert_count": 0}
{"event": "app_health.snapshot", "status": "blocked", "duration_ms": 0.08, "dirty_scope_count": 0, "background_jobs_running_count": 0, "active_alert_count": 1}
{"event": "app_health.snapshot", "status": "busy", "duration_ms": 0.08, "dirty_scope_count": 0, "background_jobs_running_count": 1, "active_alert_count": 0}
{"event": "app_health.snapshot", "status": "ok", "duration_ms": 0.05, "dirty_scope_count": 0, "background_jobs_running_count": 0, "active_alert_count": 0}
{"event": "app_health.snapshot", "status": "ok", "duration_ms": 0.04, "dirty_scope_count": 0, "background_jobs_running_count": 0, "active_alert_count": 0}
{"kind": "workbench_action_timing", "request_id": "72fe0889951c", "action": "confirm_link", "phase": "oa_auth", "duration_ms": 0.017, "timestamp": "2026-07-05T20:49:04.214140"}
{"kind": "workbench_action_timing", "request_id": "72fe0889951c", "action": "confirm_link", "phase": "request_total", "duration_ms": 0.123, "timestamp": "2026-07-05T20:49:04.214224", "status": 409}
ok
test_operation_barrier_rejects_invalid_target_contract (test_app_health_api.AppHealthApiTests.test_operation_barrier_rejects_invalid_target_contract) ... ok
test_operation_barrier_rejects_non_object_target_entries (test_app_health_api.AppHealthApiTests.test_operation_barrier_rejects_non_object_target_entries) ... ok
test_operation_barrier_status_returns_runtime_readiness_contract (test_app_health_api.AppHealthApiTests.test_operation_barrier_status_returns_runtime_readiness_contract) ... ok
test_operations_app_health_dashboard_is_admin_only (test_app_health_api.AppHealthApiTests.test_operations_app_health_dashboard_is_admin_only) ... ok
test_operations_app_health_dashboard_returns_read_only_payload_for_admin (test_app_health_api.AppHealthApiTests.test_operations_app_health_dashboard_returns_read_only_payload_for_admin) ... ok
test_operations_app_health_dashboard_returns_stale_cached_payload_after_refresh_error (test_app_health_api.AppHealthApiTests.test_operations_app_health_dashboard_returns_stale_cached_payload_after_refresh_error) ... ok
test_build_snapshot_counts_active_and_attention_jobs_separately (test_app_health_service.AppHealthServiceTests.test_build_snapshot_counts_active_and_attention_jobs_separately) ... ok
test_build_snapshot_reports_idle_ok_with_version_metrics_and_alerts (test_app_health_service.AppHealthServiceTests.test_build_snapshot_reports_idle_ok_with_version_metrics_and_alerts) ... ok
test_dependency_error_marks_blocked (test_app_health_service.AppHealthServiceTests.test_dependency_error_marks_blocked) ... ok
test_dirty_scope_marks_busy_stale_and_tracks_age (test_app_health_service.AppHealthServiceTests.test_dirty_scope_marks_busy_stale_and_tracks_age) ... ok
test_rebuild_job_marks_read_model_rebuilding (test_app_health_service.AppHealthServiceTests.test_rebuild_job_marks_read_model_rebuilding) ... ok
test_sse_event_serializes_named_event (test_app_health_service.AppHealthServiceTests.test_sse_event_serializes_named_event) ... ok
test_workbench_matching_dirty_scope_marks_busy_and_exposes_last_error (test_app_health_service.AppHealthServiceTests.test_workbench_matching_dirty_scope_marks_busy_and_exposes_last_error) ... ok
test_workbench_matching_running_scope_marks_rebuilding (test_app_health_service.AppHealthServiceTests.test_workbench_matching_running_scope_marks_rebuilding) ... ok
test_workbench_relation_read_model_health_exposes_backlog_and_failure (test_app_health_service.AppHealthServiceTests.test_workbench_relation_read_model_health_exposes_backlog_and_failure) ... ok
test_default_build_application_requires_postgres_backend (test_app_postgres_mode.AppPostgresModeTests.test_default_build_application_requires_postgres_backend) ... ok
test_health_endpoint_exposes_workbench_relation_distribution_status (test_app_postgres_mode.AppPostgresModeTests.test_health_endpoint_exposes_workbench_relation_distribution_status) ... ok
test_postgres_backend_without_database_url_fails_clearly (test_app_postgres_mode.AppPostgresModeTests.test_postgres_backend_without_database_url_fails_clearly) ... ok
test_postgres_runtime_bootstrap_loads_pair_relations_without_full_snapshot (test_app_postgres_mode.AppPostgresModeTests.test_postgres_runtime_bootstrap_loads_pair_relations_without_full_snapshot) ... ok
test_postgres_runtime_workbench_rebuild_uses_sql_projection_not_legacy_snapshot (test_app_postgres_mode.AppPostgresModeTests.test_postgres_runtime_workbench_rebuild_uses_sql_projection_not_legacy_snapshot) ... ok
test_readiness_includes_postgres_status_without_uri (test_app_postgres_mode.AppPostgresModeTests.test_readiness_includes_postgres_status_without_uri) ... ok
test_ready_endpoint_exposes_runtime_infrastructure_contract (test_app_postgres_mode.AppPostgresModeTests.test_ready_endpoint_exposes_runtime_infrastructure_contract) ... ok
setUpClass (test_app_postgres_mode_integration.AppPostgresModeIntegrationTests) ... skipped 'FIN_OPS_TEST_DATABASE_URL is not set; skipping PostgreSQL integration tests.'
test_archiving_pending_invoice_mapped_tag_detaches_references_through_auto_tag_api (test_app_settings_service.AppSettingsServiceTests.test_archiving_pending_invoice_mapped_tag_detaches_references_through_auto_tag_api) ... ok
test_bank_flow_rule_batch_tag_rules_are_independent_from_no_oa_selection (test_app_settings_service.AppSettingsServiceTests.test_bank_flow_rule_batch_tag_rules_are_independent_from_no_oa_selection) ... ok
test_bank_flow_rule_batch_tag_rules_reject_legacy_selection_and_duplicate_rules (test_app_settings_service.AppSettingsServiceTests.test_bank_flow_rule_batch_tag_rules_reject_legacy_selection_and_duplicate_rules) ... ok
test_create_manual_project_persists_and_defaults_to_active (test_app_settings_service.AppSettingsServiceTests.test_create_manual_project_persists_and_defaults_to_active) ... ok
test_delete_manual_project_removes_only_local_project (test_app_settings_service.AppSettingsServiceTests.test_delete_manual_project_removes_only_local_project) ... ok
test_delete_oa_project_local_override_does_not_remove_oa_project (test_app_settings_service.AppSettingsServiceTests.test_delete_oa_project_local_override_does_not_remove_oa_project) ... ok
test_file_rule_replacement_detaches_pending_invoice_and_no_oa_archived_codes_atomically (test_app_settings_service.AppSettingsServiceTests.test_file_rule_replacement_detaches_pending_invoice_and_no_oa_archived_codes_atomically) ... ok
test_historical_duplicate_pending_invoice_mappings_survive_reload_for_resolution (test_app_settings_service.AppSettingsServiceTests.test_historical_duplicate_pending_invoice_mappings_survive_reload_for_resolution) ... ok
test_historical_invalid_pending_invoice_mappings_survive_reload_for_resolution (test_app_settings_service.AppSettingsServiceTests.test_historical_invalid_pending_invoice_mappings_survive_reload_for_resolution) ... ok
test_income_and_expense_pending_invoice_rule_versions_are_independent (test_app_settings_service.AppSettingsServiceTests.test_income_and_expense_pending_invoice_rule_versions_are_independent) ... ok
test_invalid_oa_attachment_invoice_promotion_mode_falls_back_to_link_only (test_app_settings_service.AppSettingsServiceTests.test_invalid_oa_attachment_invoice_promotion_mode_falls_back_to_link_only) ... ok
test_invalid_oa_retention_cutoff_date_falls_back_to_default (test_app_settings_service.AppSettingsServiceTests.test_invalid_oa_retention_cutoff_date_falls_back_to_default) ... ok
test_invalid_pending_invoice_group_mappings_do_not_audit_or_finalize (test_app_settings_service.AppSettingsServiceTests.test_invalid_pending_invoice_group_mappings_do_not_audit_or_finalize) ... ok
test_no_oa_tag_selection_saves_requirement_rules_with_version_and_audit (test_app_settings_service.AppSettingsServiceTests.test_no_oa_tag_selection_saves_requirement_rules_with_version_and_audit) ... ok
test_no_oa_tag_selection_tracks_bank_rule_labels_and_excludes_turnover_third_labels (test_app_settings_service.AppSettingsServiceTests.test_no_oa_tag_selection_tracks_bank_rule_labels_and_excludes_turnover_third_labels) ... ok
test_oa_import_defaults_and_normalizes_to_supported_form_type_and_status_filters (test_app_settings_service.AppSettingsServiceTests.test_oa_import_defaults_and_normalizes_to_supported_form_type_and_status_filters) ... ok
test_pending_invoice_groups_survive_state_store_reload_without_rewriting_bank_tags (test_app_settings_service.AppSettingsServiceTests.test_pending_invoice_groups_survive_state_store_reload_without_rewriting_bank_tags) ... ok
test_pending_invoice_mapping_saves_audit_and_finalize_without_tag_version_change (test_app_settings_service.AppSettingsServiceTests.test_pending_invoice_mapping_saves_audit_and_finalize_without_tag_version_change) ... ok
test_pending_invoice_rule_changes_increment_only_rule_version (test_app_settings_service.AppSettingsServiceTests.test_pending_invoice_rule_changes_increment_only_rule_version) ... ok
test_refresh_uses_persisted_settings_contract_not_previous_memory_snapshot (test_app_settings_service.AppSettingsServiceTests.test_refresh_uses_persisted_settings_contract_not_previous_memory_snapshot) ... ok
test_settings_payload_includes_bank_transaction_tags_and_pending_invoice_groups (test_app_settings_service.AppSettingsServiceTests.test_settings_payload_includes_bank_transaction_tags_and_pending_invoice_groups) ... ok
test_stale_bank_transaction_tags_save_fails_with_version_conflict_code (test_app_settings_service.AppSettingsServiceTests.test_stale_bank_transaction_tags_save_fails_with_version_conflict_code) ... ok
test_state_store_mongo_app_settings_round_trips_bank_tags_and_pending_invoice_groups (test_app_settings_service.AppSettingsServiceTests.test_state_store_mongo_app_settings_round_trips_bank_tags_and_pending_invoice_groups) ... ok
test_sync_oa_projects_returns_source_and_status_in_settings_payload (test_app_settings_service.AppSettingsServiceTests.test_sync_oa_projects_returns_source_and_status_in_settings_payload) ... ok
test_synced_oa_projects_persist_across_reload (test_app_settings_service.AppSettingsServiceTests.test_synced_oa_projects_persist_across_reload) ... ok
test_turnover_ledger_tag_selection_defaults_to_all_active_external_rules (test_app_settings_service.AppSettingsServiceTests.test_turnover_ledger_tag_selection_defaults_to_all_active_external_rules) ... ok
test_turnover_ledger_tag_selection_saves_with_version_and_rejects_invalid_codes (test_app_settings_service.AppSettingsServiceTests.test_turnover_ledger_tag_selection_saves_with_version_and_rejects_invalid_codes) ... ok
test_update_settings_does_not_expose_bank_transaction_tags_write_parameter (test_app_settings_service.AppSettingsServiceTests.test_update_settings_does_not_expose_bank_transaction_tags_write_parameter) ... ok
test_update_settings_normalizes_access_control_lists_and_keeps_admin_in_allowed (test_app_settings_service.AppSettingsServiceTests.test_update_settings_normalizes_access_control_lists_and_keeps_admin_in_allowed) ... ok
test_update_settings_persists_access_control_lists (test_app_settings_service.AppSettingsServiceTests.test_update_settings_persists_access_control_lists) ... ok
test_update_settings_persists_bank_account_short_name (test_app_settings_service.AppSettingsServiceTests.test_update_settings_persists_bank_account_short_name) ... ok
test_update_settings_persists_oa_invoice_offset_applicants (test_app_settings_service.AppSettingsServiceTests.test_update_settings_persists_oa_invoice_offset_applicants) ... ok
test_update_settings_preserves_bank_flow_rule_batch_tag_rules (test_app_settings_service.AppSettingsServiceTests.test_update_settings_preserves_bank_flow_rule_batch_tag_rules) ... ok
test_update_settings_triggers_oa_role_sync_with_normalized_assignments (test_app_settings_service.AppSettingsServiceTests.test_update_settings_triggers_oa_role_sync_with_normalized_assignments) ... ok
test_workbench_settings_api_accepts_and_returns_access_control_lists (test_app_settings_service.AppSettingsServiceTests.test_workbench_settings_api_accepts_and_returns_access_control_lists) ... ok
test_workbench_settings_api_pending_invoice_rules_trigger_lifecycle (test_app_settings_service.AppSettingsServiceTests.test_workbench_settings_api_pending_invoice_rules_trigger_lifecycle) ... ok
test_workbench_settings_api_rejects_bank_transaction_tags_payload (test_app_settings_service.AppSettingsServiceTests.test_workbench_settings_api_rejects_bank_transaction_tags_payload) ... ok
test_workbench_settings_api_rejects_frontend_tags_alias_for_bank_transaction_tags (test_app_settings_service.AppSettingsServiceTests.test_workbench_settings_api_rejects_frontend_tags_alias_for_bank_transaction_tags) ... ok
test_app_health_response_includes_app_status_overview (test_app_status_overview_service.AppStatusApiContractTests.test_app_health_response_includes_app_status_overview) ... ok
test_app_status_overview_service_does_not_contain_sql (test_app_status_overview_service.AppStatusArchitectureBoundaryTests.test_app_status_overview_service_does_not_contain_sql) ... ok
test_app_status_server_integration_uses_public_runtime_snapshot_boundary (test_app_status_overview_service.AppStatusArchitectureBoundaryTests.test_app_status_server_integration_uses_public_runtime_snapshot_boundary) ... ok
test_cost_statistics_failed_readiness_blocks_cost_domain (test_app_status_overview_service.AppStatusOverviewServiceTests.test_cost_statistics_failed_readiness_blocks_cost_domain) ... ok
test_cost_statistics_fresh_readiness_restores_domain_after_previous_failure (test_app_status_overview_service.AppStatusOverviewServiceTests.test_cost_statistics_fresh_readiness_restores_domain_after_previous_failure) ... ok
test_cost_statistics_month_shard_failure_is_busy_with_scope_detail (test_app_status_overview_service.AppStatusOverviewServiceTests.test_cost_statistics_month_shard_failure_is_busy_with_scope_detail) ... ok
test_cost_statistics_parent_scope_failure_still_blocks_domain (test_app_status_overview_service.AppStatusOverviewServiceTests.test_cost_statistics_parent_scope_failure_still_blocks_domain) ... ok
test_cost_statistics_refreshing_readiness_is_busy_not_blocked (test_app_status_overview_service.AppStatusOverviewServiceTests.test_cost_statistics_refreshing_readiness_is_busy_not_blocked) ... ok
test_domain_registry_covers_frontend_routes (test_app_status_overview_service.AppStatusOverviewServiceTests.test_domain_registry_covers_frontend_routes) ... ok
test_domain_registry_has_runtime_fact_sources_for_every_mapping (test_app_status_overview_service.AppStatusOverviewServiceTests.test_domain_registry_has_runtime_fact_sources_for_every_mapping) ... ok
test_failed_critical_read_model_marks_domain_and_overall_red_without_blocking_writes (test_app_status_overview_service.AppStatusOverviewServiceTests.test_failed_critical_read_model_marks_domain_and_overall_red_without_blocking_writes) ... ok
test_historical_read_model_scopes_are_diagnostics_not_current_blockers (test_app_status_overview_service.AppStatusOverviewServiceTests.test_historical_read_model_scopes_are_diagnostics_not_current_blockers) ... ok
test_missing_critical_dependency_key_is_blocked_not_available (test_app_status_overview_service.AppStatusOverviewServiceTests.test_missing_critical_dependency_key_is_blocked_not_available) ... ok
test_missing_readiness_record_keeps_domain_busy_and_overall_yellow (test_app_status_overview_service.AppStatusOverviewServiceTests.test_missing_readiness_record_keeps_domain_busy_and_overall_yellow) ... ok
test_oa_sync_outbox_marks_oa_pending_without_marking_settings_busy (test_app_status_overview_service.AppStatusOverviewServiceTests.test_oa_sync_outbox_marks_oa_pending_without_marking_settings_busy) ... ok
test_running_background_task_marks_overall_yellow_and_projects_task_progress (test_app_status_overview_service.AppStatusOverviewServiceTests.test_running_background_task_marks_overall_yellow_and_projects_task_progress) ... ok
test_runtime_summary_counts_read_models_workers_and_queue_backlog (test_app_status_overview_service.AppStatusOverviewServiceTests.test_runtime_summary_counts_read_models_workers_and_queue_backlog) ... ok
test_background_job_payload_contract_exposes_progress_fields (test_app_status_overview_service.AppStatusRuntimeRepositoryTests.test_background_job_payload_contract_exposes_progress_fields) ... ok
test_background_job_payload_preserves_legacy_top_level_domain_and_route (test_app_status_overview_service.AppStatusRuntimeRepositoryTests.test_background_job_payload_preserves_legacy_top_level_domain_and_route) ... ok
test_background_job_registry_file_import_default_does_not_point_bank_import_to_invoice_page (test_app_status_overview_service.AppStatusRuntimeRepositoryTests.test_background_job_registry_file_import_default_does_not_point_bank_import_to_invoice_page) ... ok
test_file_import_can_use_explicit_affected_domain_without_marking_all_import_pages (test_app_status_overview_service.AppStatusRuntimeRepositoryTests.test_file_import_can_use_explicit_affected_domain_without_marking_all_import_pages) ... ok
test_generic_import_job_defaults_cover_all_import_domains_without_wrong_invoice_route (test_app_status_overview_service.AppStatusRuntimeRepositoryTests.test_generic_import_job_defaults_cover_all_import_domains_without_wrong_invoice_route) ... ok
test_required_worker_missing_marks_critical_domain_blocked (test_app_status_overview_service.AppStatusRuntimeRepositoryTests.test_required_worker_missing_marks_critical_domain_blocked) ... ok
test_runtime_repository_groups_dirty_scopes_outbox_and_workers_for_overview (test_app_status_overview_service.AppStatusRuntimeRepositoryTests.test_runtime_repository_groups_dirty_scopes_outbox_and_workers_for_overview) ... ok
test_runtime_repository_ignores_dirty_scope_covered_by_later_fresh_readiness (test_app_status_overview_service.AppStatusRuntimeRepositoryTests.test_runtime_repository_ignores_dirty_scope_covered_by_later_fresh_readiness) ... ok
test_runtime_repository_ignores_failed_outbox_row_covered_by_active_dirty_scope (test_app_status_overview_service.AppStatusRuntimeRepositoryTests.test_runtime_repository_ignores_failed_outbox_row_covered_by_active_dirty_scope) ... ok
test_runtime_repository_ignores_failed_outbox_row_covered_by_later_pending_retry (test_app_status_overview_service.AppStatusRuntimeRepositoryTests.test_runtime_repository_ignores_failed_outbox_row_covered_by_later_pending_retry) ... ok
test_runtime_repository_ignores_outbox_rows_covered_by_later_success (test_app_status_overview_service.AppStatusRuntimeRepositoryTests.test_runtime_repository_ignores_outbox_rows_covered_by_later_success) ... ok
test_runtime_repository_preserves_cost_statistics_scope_readiness_details (test_app_status_overview_service.AppStatusRuntimeRepositoryTests.test_runtime_repository_preserves_cost_statistics_scope_readiness_details) ... ok
test_runtime_repository_records_read_model_readiness_through_repository_boundary (test_app_status_overview_service.AppStatusRuntimeRepositoryTests.test_runtime_repository_records_read_model_readiness_through_repository_boundary) ... ok
test_runtime_repository_rejects_unknown_readiness_status (test_app_status_overview_service.AppStatusRuntimeRepositoryTests.test_runtime_repository_rejects_unknown_readiness_status) ... ok
test_runtime_repository_reports_registry_read_model_without_readiness_as_missing (test_app_status_overview_service.AppStatusRuntimeRepositoryTests.test_runtime_repository_reports_registry_read_model_without_readiness_as_missing) ... ok
test_runtime_repository_reports_unavailable_snapshot_instead_of_empty_green (test_app_status_overview_service.AppStatusRuntimeRepositoryTests.test_runtime_repository_reports_unavailable_snapshot_instead_of_empty_green) ... ok
test_runtime_repository_treats_legacy_cost_statistics_scopes_as_historical (test_app_status_overview_service.AppStatusRuntimeRepositoryTests.test_runtime_repository_treats_legacy_cost_statistics_scopes_as_historical) ... ok
test_runtime_repository_treats_requeued_cost_statistics_deadlock_as_refreshing (test_app_status_overview_service.AppStatusRuntimeRepositoryTests.test_runtime_repository_treats_requeued_cost_statistics_deadlock_as_refreshing) ... ok
test_service_marks_runtime_unavailable_as_blocked_not_green (test_app_status_overview_service.AppStatusRuntimeRepositoryTests.test_service_marks_runtime_unavailable_as_blocked_not_green) ... ok
test_apply_writes_only_computed_result (test_app_status_readiness_backfill.AppStatusReadinessBackfillTests.test_apply_writes_only_computed_result) ... ok
test_dry_run_reports_real_fresh_without_writing (test_app_status_readiness_backfill.AppStatusReadinessBackfillTests.test_dry_run_reports_real_fresh_without_writing) ... ok
test_missing_projection_fact_is_missing_not_fresh (test_app_status_readiness_backfill.AppStatusReadinessBackfillTests.test_missing_projection_fact_is_missing_not_fresh) ... ok
test_active_oa_source_alias_downgrades_lifecycle_duplicate (test_audit_object_identity_tool.AuditObjectIdentityToolTests.test_active_oa_source_alias_downgrades_lifecycle_duplicate) ... ok
test_audit_blocks_oa_attachment_invoice_duplicate_across_distinct_oa (test_audit_object_identity_tool.AuditObjectIdentityToolTests.test_audit_blocks_oa_attachment_invoice_duplicate_across_distinct_oa) ... ok
test_audit_does_not_block_oa_attachment_invoice_cache_aliases_for_same_attachment (test_audit_object_identity_tool.AuditObjectIdentityToolTests.test_audit_does_not_block_oa_attachment_invoice_cache_aliases_for_same_attachment) ... ok
test_audit_keeps_invoice_tax_amount_duplicates_as_warning_not_blocking (test_audit_object_identity_tool.AuditObjectIdentityToolTests.test_audit_keeps_invoice_tax_amount_duplicates_as_warning_not_blocking) ... ok
test_audit_keeps_raw_etc_duplicates_as_warning_not_blocking (test_audit_object_identity_tool.AuditObjectIdentityToolTests.test_audit_keeps_raw_etc_duplicates_as_warning_not_blocking) ... ok
test_audit_reports_etc_and_oa_attachment_invoice_identity_without_writes (test_audit_object_identity_tool.AuditObjectIdentityToolTests.test_audit_reports_etc_and_oa_attachment_invoice_identity_without_writes) ... ok
test_audit_reports_missing_optional_tables_without_blocking (test_audit_object_identity_tool.AuditObjectIdentityToolTests.test_audit_reports_missing_optional_tables_without_blocking) ... ok
test_audit_reports_workbench_cross_zone_identity_duplicates_and_orphan_relations (test_audit_object_identity_tool.AuditObjectIdentityToolTests.test_audit_reports_workbench_cross_zone_identity_duplicates_and_orphan_relations) ... ok
test_audit_reports_workbench_open_visible_owner_duplicates (test_audit_object_identity_tool.AuditObjectIdentityToolTests.test_audit_reports_workbench_open_visible_owner_duplicates) ... ok
test_audit_summary_counts_all_duplicates_even_when_examples_are_limited (test_audit_object_identity_tool.AuditObjectIdentityToolTests.test_audit_summary_counts_all_duplicates_even_when_examples_are_limited) ... ok
test_audit_treats_weak_oa_attachment_tax_amount_cross_oa_as_suspected_only (test_audit_object_identity_tool.AuditObjectIdentityToolTests.test_audit_treats_weak_oa_attachment_tax_amount_cross_oa_as_suspected_only) ... ok
test_record_action_keeps_amounts_and_metadata_for_manual_finance_actions (test_audit_service.AuditTrailServiceTests.test_record_action_keeps_amounts_and_metadata_for_manual_finance_actions) ... ok
test_clean_relation_display_audit_has_no_blocking_issues (test_audit_workbench_relation_display_tool.AuditWorkbenchRelationDisplayToolTests.test_clean_relation_display_audit_has_no_blocking_issues) ... ok
test_cli_fail_on_issues_returns_nonzero (test_audit_workbench_relation_display_tool.AuditWorkbenchRelationDisplayToolTests.test_cli_fail_on_issues_returns_nonzero) ... ok
test_module_has_cli_entrypoint (test_audit_workbench_relation_display_tool.AuditWorkbenchRelationDisplayToolTests.test_module_has_cli_entrypoint) ... ok
test_reports_missing_member_scope_rows_and_payload_mismatch (test_audit_workbench_relation_display_tool.AuditWorkbenchRelationDisplayToolTests.test_reports_missing_member_scope_rows_and_payload_mismatch) ... ok
test_reports_multi_oa_relation_bank_row_missing_source_alignment (test_audit_workbench_relation_display_tool.AuditWorkbenchRelationDisplayToolTests.test_reports_multi_oa_relation_bank_row_missing_source_alignment) ... ok
test_reports_split_all_scope_and_stale_all_generation_without_writing (test_audit_workbench_relation_display_tool.AuditWorkbenchRelationDisplayToolTests.test_reports_split_all_scope_and_stale_all_generation_without_writing) ... ok
test_import_endpoints_are_also_protected (test_auth_guard.AuthGuardTests.test_import_endpoints_are_also_protected) ... ok
test_protected_api_returns_forbidden_for_authenticated_but_unauthorized_user (test_auth_guard.AuthGuardTests.test_protected_api_returns_forbidden_for_authenticated_but_unauthorized_user) ... ok
test_protected_api_returns_unauthorized_without_oa_token (test_auth_guard.AuthGuardTests.test_protected_api_returns_unauthorized_without_oa_token) ... ok
test_readonly_export_user_can_export_but_cannot_mutate_or_admin (test_auth_guard.AuthGuardTests.test_readonly_export_user_can_export_but_cannot_mutate_or_admin) ... ok
test_apply_guard_requires_exact_candidate_row_set_in_report (test_backfill_etc_batch_invoice_links_tool.BackfillEtcBatchInvoiceLinksToolTests.test_apply_guard_requires_exact_candidate_row_set_in_report) ... ok
test_apply_requires_reason_and_operator_and_only_applies_auto_candidates (test_backfill_etc_batch_invoice_links_tool.BackfillEtcBatchInvoiceLinksToolTests.test_apply_requires_reason_and_operator_and_only_applies_auto_candidates) ... ok
test_dry_run_classifies_auto_manual_and_existing_links_with_rollback_plan (test_backfill_etc_batch_invoice_links_tool.BackfillEtcBatchInvoiceLinksToolTests.test_dry_run_classifies_auto_manual_and_existing_links_with_rollback_plan) ... ok
test_schema_preflight_reports_missing_link_table (test_backfill_etc_batch_invoice_links_tool.BackfillEtcBatchInvoiceLinksToolTests.test_schema_preflight_reports_missing_link_table) ... ok
test_acknowledge_job_is_idempotent_for_visible_acknowledged_job (test_background_job_service.BackgroundJobServiceTests.test_acknowledge_job_is_idempotent_for_visible_acknowledged_job) ... ok
test_acknowledge_jobs_closes_multiple_attention_jobs (test_background_job_service.BackgroundJobServiceTests.test_acknowledge_jobs_closes_multiple_attention_jobs) ... ok
test_background_job_api_includes_retry_and_acknowledge_policy_for_failed_cost_warmup (test_background_job_service.BackgroundJobServiceTests.test_background_job_api_includes_retry_and_acknowledge_policy_for_failed_cost_warmup) ... ok
test_background_job_api_returns_and_acknowledges_jobs (test_background_job_service.BackgroundJobServiceTests.test_background_job_api_returns_and_acknowledges_jobs) ... ok
test_create_job_is_visible_in_active_jobs (test_background_job_service.BackgroundJobServiceTests.test_create_job_is_visible_in_active_jobs) ... ok
test_failed_and_partial_success_jobs_are_attention_until_acknowledged (test_background_job_service.BackgroundJobServiceTests.test_failed_and_partial_success_jobs_are_attention_until_acknowledged) ... ok
test_idempotent_create_returns_existing_unfailed_job (test_background_job_service.BackgroundJobServiceTests.test_idempotent_create_returns_existing_unfailed_job) ... ok
test_job_acceptance_and_progress_visibility_contract (test_background_job_service.BackgroundJobServiceTests.test_job_acceptance_and_progress_visibility_contract) ... ok
test_old_snapshot_without_superseded_fields_still_loads (test_background_job_service.BackgroundJobServiceTests.test_old_snapshot_without_superseded_fields_still_loads) ... ok
test_payload_is_sanitized_before_persistence (test_background_job_service.BackgroundJobServiceTests.test_payload_is_sanitized_before_persistence) ... ok
test_run_job_executes_handler_and_marks_success (test_background_job_service.BackgroundJobServiceTests.test_run_job_executes_handler_and_marks_success) ... ok
test_service_start_marks_stale_running_jobs_failed (test_background_job_service.BackgroundJobServiceTests.test_service_start_marks_stale_running_jobs_failed) ... ok
test_succeeded_job_is_active_until_acknowledged (test_background_job_service.BackgroundJobServiceTests.test_succeeded_job_is_active_until_acknowledged) ... ok
test_succeeded_job_is_not_active_after_recent_success_window (test_background_job_service.BackgroundJobServiceTests.test_succeeded_job_is_not_active_after_recent_success_window) ... ok
test_superseded_job_is_not_active_or_attention (test_background_job_service.BackgroundJobServiceTests.test_superseded_job_is_not_active_or_attention) ... ok
test_update_progress_recomputes_percent_and_active_payload (test_background_job_service.BackgroundJobServiceTests.test_update_progress_recomputes_percent_and_active_payload) ... ok
test_wait_for_job_completion_waits_until_runner_returns (test_background_job_service.BackgroundJobServiceTests.test_wait_for_job_completion_waits_until_runner_returns) ... ok
test_execute_omits_job_when_enqueue_unavailable (test_bank_account_balance_derived_lifecycle_executor.BankAccountBalanceDerivedLifecycleExecutorTests.test_execute_omits_job_when_enqueue_unavailable) ... ok
test_execute_preserves_all_only_refresh_payload_when_enqueued (test_bank_account_balance_derived_lifecycle_executor.BankAccountBalanceDerivedLifecycleExecutorTests.test_execute_preserves_all_only_refresh_payload_when_enqueued) ... ok
test_port_excludes_unrelated_read_model_methods (test_bank_account_balance_read_model.BankAccountBalanceProjectionTests.test_port_excludes_unrelated_read_model_methods) ... ok
test_projection_normalizes_renminbi_currency_aliases (test_bank_account_balance_read_model.BankAccountBalanceProjectionTests.test_projection_normalizes_renminbi_currency_aliases) ... ok
test_projection_uses_latest_non_empty_balance_with_stable_account_identity (test_bank_account_balance_read_model.BankAccountBalanceProjectionTests.test_projection_uses_latest_non_empty_balance_with_stable_account_identity) ... ok
test_refresh_producer_enqueues_all_scope_through_gateway (test_bank_account_balance_read_model.BankAccountBalanceProjectionTests.test_refresh_producer_enqueues_all_scope_through_gateway) ... ok
test_refresh_producer_returns_false_when_gateway_unavailable (test_bank_account_balance_read_model.BankAccountBalanceProjectionTests.test_refresh_producer_returns_false_when_gateway_unavailable) ... ok
test_repository_lists_balances_without_reading_bank_detail_rows_for_balance (test_bank_account_balance_read_model.BankAccountBalanceProjectionTests.test_repository_lists_balances_without_reading_bank_detail_rows_for_balance) ... ok
test_repository_returns_empty_fresh_payload_after_empty_projection (test_bank_account_balance_read_model.BankAccountBalanceProjectionTests.test_repository_returns_empty_fresh_payload_after_empty_projection) ... ok
test_bank_category_mutation_side_effect_port_enqueues_turnover_ledger_all_refresh (test_bank_auto_tag_rules_api.BankAutoTagRulesApiTests.test_bank_category_mutation_side_effect_port_enqueues_turnover_ledger_all_refresh) ... ok
test_bank_detail_api_does_not_reenqueue_already_refreshing_scopes (test_bank_auto_tag_rules_api.BankAutoTagRulesApiTests.test_bank_detail_api_does_not_reenqueue_already_refreshing_scopes) ... ok
test_bank_detail_api_reenqueues_stale_scopes_once (test_bank_auto_tag_rules_api.BankAutoTagRulesApiTests.test_bank_detail_api_reenqueues_stale_scopes_once) ... ok
test_bank_detail_api_treats_old_auto_tag_rule_version_as_stale (test_bank_auto_tag_rules_api.BankAutoTagRulesApiTests.test_bank_detail_api_treats_old_auto_tag_rule_version_as_stale) ... ok
test_bank_detail_freshness_uses_latest_auto_tag_rules_from_shared_store (test_bank_auto_tag_rules_api.BankAutoTagRulesApiTests.test_bank_detail_freshness_uses_latest_auto_tag_rules_from_shared_store) ... ok
test_bank_detail_legacy_sql_helpers_are_removed_from_application_boundary (test_bank_auto_tag_rules_api.BankAutoTagRulesApiTests.test_bank_detail_legacy_sql_helpers_are_removed_from_application_boundary) ... ok
test_confirmation_endpoint_allows_external_turnover_third_label_candidate (test_bank_auto_tag_rules_api.BankAutoTagRulesApiTests.test_confirmation_endpoint_allows_external_turnover_third_label_candidate) ... ok
test_confirmation_endpoint_rejects_non_auto_rule_candidate (test_bank_auto_tag_rules_api.BankAutoTagRulesApiTests.test_confirmation_endpoint_rejects_non_auto_rule_candidate) ... ok
test_confirmation_endpoint_rejects_single_auto_match_candidate (test_bank_auto_tag_rules_api.BankAutoTagRulesApiTests.test_confirmation_endpoint_rejects_single_auto_match_candidate) ... ok
test_confirmation_endpoint_rejects_unmatched_row_without_current_candidates (test_bank_auto_tag_rules_api.BankAutoTagRulesApiTests.test_confirmation_endpoint_rejects_unmatched_row_without_current_candidates) ... ok
test_confirmation_endpoint_uses_only_current_needs_confirmation_candidates (test_bank_auto_tag_rules_api.BankAutoTagRulesApiTests.test_confirmation_endpoint_uses_only_current_needs_confirmation_candidates) ... ok
test_file_replacement_endpoint_uses_bundled_rules_and_triggers_lifecycle (test_bank_auto_tag_rules_api.BankAutoTagRulesApiTests.test_file_replacement_endpoint_uses_bundled_rules_and_triggers_lifecycle) ... ok
test_get_returns_system_active_archived_fields_and_permissions (test_bank_auto_tag_rules_api.BankAutoTagRulesApiTests.test_get_returns_system_active_archived_fields_and_permissions) ... ok
test_manual_assignment_delete_endpoint_clears_manual_category (test_bank_auto_tag_rules_api.BankAutoTagRulesApiTests.test_manual_assignment_delete_endpoint_clears_manual_category) ... ok
test_manual_assignment_endpoint_allows_unmatched_row_to_choose_active_tag (test_bank_auto_tag_rules_api.BankAutoTagRulesApiTests.test_manual_assignment_endpoint_allows_unmatched_row_to_choose_active_tag) ... ok
test_manual_assignment_endpoint_rejects_auto_candidate_confirmation_targets (test_bank_auto_tag_rules_api.BankAutoTagRulesApiTests.test_manual_assignment_endpoint_rejects_auto_candidate_confirmation_targets) ... ok
test_manual_assignment_endpoint_rejects_non_auto_rule_tag (test_bank_auto_tag_rules_api.BankAutoTagRulesApiTests.test_manual_assignment_endpoint_rejects_non_auto_rule_tag) ... ok
test_put_allows_deleting_active_rule_when_archived_has_same_label (test_bank_auto_tag_rules_api.BankAutoTagRulesApiTests.test_put_allows_deleting_active_rule_when_archived_has_same_label) ... ok
test_put_archives_referenced_tag_and_detaches_pending_invoice_rules_atomically (test_bank_auto_tag_rules_api.BankAutoTagRulesApiTests.test_put_archives_referenced_tag_and_detaches_pending_invoice_rules_atomically) ... ok
test_put_derives_label_from_required_primary_and_optional_sub_label (test_bank_auto_tag_rules_api.BankAutoTagRulesApiTests.test_put_derives_label_from_required_primary_and_optional_sub_label) ... ok
test_put_direction_only_change_persists_reloads_and_triggers_refresh (test_bank_auto_tag_rules_api.BankAutoTagRulesApiTests.test_put_direction_only_change_persists_reloads_and_triggers_refresh) ... ok
test_put_enqueues_bank_detail_month_shards_for_rule_changes (test_bank_auto_tag_rules_api.BankAutoTagRulesApiTests.test_put_enqueues_bank_detail_month_shards_for_rule_changes) ... ok
test_put_external_turnover_rule_clears_legacy_third_label_and_persists_action_type (test_bank_auto_tag_rules_api.BankAutoTagRulesApiTests.test_put_external_turnover_rule_clears_legacy_third_label_and_persists_action_type) ... ok
test_put_primary_label_only_change_persists_reconfigures_engine_and_enqueues_refresh (test_bank_auto_tag_rules_api.BankAutoTagRulesApiTests.test_put_primary_label_only_change_persists_reconfigures_engine_and_enqueues_refresh) ... ok
test_put_rejects_archived_rules_without_existing_code (test_bank_auto_tag_rules_api.BankAutoTagRulesApiTests.test_put_rejects_archived_rules_without_existing_code) ... ok
test_put_rejects_false_success_when_settings_store_does_not_persist_rules (test_bank_auto_tag_rules_api.BankAutoTagRulesApiTests.test_put_rejects_false_success_when_settings_store_does_not_persist_rules) ... ok
test_put_rejects_invalid_payloads_with_structured_errors (test_bank_auto_tag_rules_api.BankAutoTagRulesApiTests.test_put_rejects_invalid_payloads_with_structured_errors) ... ok
test_put_rejects_non_external_rule_with_turnover_fields (test_bank_auto_tag_rules_api.BankAutoTagRulesApiTests.test_put_rejects_non_external_rule_with_turnover_fields) ... ok
test_put_rejects_ordinary_priority_below_two_or_non_integer (test_bank_auto_tag_rules_api.BankAutoTagRulesApiTests.test_put_rejects_ordinary_priority_below_two_or_non_integer) ... ok
test_put_renames_reorders_adds_archives_audits_and_triggers_lifecycle (test_bank_auto_tag_rules_api.BankAutoTagRulesApiTests.test_put_renames_reorders_adds_archives_audits_and_triggers_lifecycle) ... ok
test_put_requires_save_permission (test_bank_auto_tag_rules_api.BankAutoTagRulesApiTests.test_put_requires_save_permission) ... ok
test_put_retries_transient_stale_settings_read_after_write (test_bank_auto_tag_rules_api.BankAutoTagRulesApiTests.test_put_retries_transient_stale_settings_read_after_write) ... ok
test_put_updates_auto_category_engine_rule_source (test_bank_auto_tag_rules_api.BankAutoTagRulesApiTests.test_put_updates_auto_category_engine_rule_source) ... ok
test_reapply_endpoint_enqueues_bank_detail_refresh_without_changing_rules (test_bank_auto_tag_rules_api.BankAutoTagRulesApiTests.test_reapply_endpoint_enqueues_bank_detail_refresh_without_changing_rules) ... ok
test_reapply_endpoint_fails_when_bank_detail_refresh_queue_is_unavailable (test_bank_auto_tag_rules_api.BankAutoTagRulesApiTests.test_reapply_endpoint_fails_when_bank_detail_refresh_queue_is_unavailable) ... ok
test_reapply_endpoint_requires_mutation_permission (test_bank_auto_tag_rules_api.BankAutoTagRulesApiTests.test_reapply_endpoint_requires_mutation_permission) ... ok
test_workbench_refresh_status_marks_old_bank_auto_tag_generation_stale (test_bank_auto_tag_rules_api.BankAutoTagRulesApiTests.test_workbench_refresh_status_marks_old_bank_auto_tag_generation_stale) ... ok
test_workbench_source_versions_include_bank_auto_tag_rules_version (test_bank_auto_tag_rules_api.BankAutoTagRulesApiTests.test_workbench_source_versions_include_bank_auto_tag_rules_version) ... ok
test_latest_uses_normalized_transaction_and_service_owned_input_row (test_bank_detail_auto_category_suggestion_provider.BankDetailAutoCategorySuggestionProviderTests.test_latest_uses_normalized_transaction_and_service_owned_input_row) ... ok
test_scope_keys_collects_sorted_months_from_known_transaction_date_fields (test_bank_detail_available_month_scope_provider.BankDetailAvailableMonthScopeProviderTests.test_scope_keys_collects_sorted_months_from_known_transaction_date_fields) ... ok
test_scope_keys_falls_back_to_unfiltered_loader_and_all_scope (test_bank_detail_available_month_scope_provider.BankDetailAvailableMonthScopeProviderTests.test_scope_keys_falls_back_to_unfiltered_loader_and_all_scope) ... ok
test_scope_keys_prefers_read_model_repository_without_import_scan (test_bank_detail_available_month_scope_provider.BankDetailAvailableMonthScopeProviderTests.test_scope_keys_prefers_read_model_repository_without_import_scan) ... ok
test_scope_keys_without_import_fallback_returns_all_when_repository_missing (test_bank_detail_available_month_scope_provider.BankDetailAvailableMonthScopeProviderTests.test_scope_keys_without_import_fallback_returns_all_when_repository_missing) ... ok
test_execute_expands_all_scope_through_provider_and_defaults_reason (test_bank_detail_derived_lifecycle_executor.BankDetailDerivedLifecycleExecutorTests.test_execute_expands_all_scope_through_provider_and_defaults_reason) ... ok
test_execute_falls_back_to_all_when_no_scope_is_present (test_bank_detail_derived_lifecycle_executor.BankDetailDerivedLifecycleExecutorTests.test_execute_falls_back_to_all_when_no_scope_is_present) ... ok
test_execute_prefers_explicit_month_scopes_and_forwards_metadata (test_bank_detail_derived_lifecycle_executor.BankDetailDerivedLifecycleExecutorTests.test_execute_prefers_explicit_month_scopes_and_forwards_metadata) ... ok
test_enqueue_returns_false_without_wakeup_when_gateway_unavailable (test_bank_detail_read_model_refresh_producer.BankDetailReadModelRefreshProducerTests.test_enqueue_returns_false_without_wakeup_when_gateway_unavailable) ... ok
test_enqueue_uses_gateway_and_publishes_optional_wakeup_per_scope (test_bank_detail_read_model_refresh_producer.BankDetailReadModelRefreshProducerTests.test_enqueue_uses_gateway_and_publishes_optional_wakeup_per_scope) ... ok
test_account_export_validates_account_metadata_and_allows_empty_filtered_result (test_bank_details_export_service.BankDetailsExportServiceTests.test_account_export_validates_account_metadata_and_allows_empty_filtered_result) ... ok
test_all_bank_export_builds_summary_and_bank_sheets_with_professional_columns (test_bank_details_export_service.BankDetailsExportServiceTests.test_all_bank_export_builds_summary_and_bank_sheets_with_professional_columns) ... ok
test_export_escapes_formula_like_text_cells (test_bank_details_export_service.BankDetailsExportServiceTests.test_export_escapes_formula_like_text_cells) ... ok
test_export_forwards_category_label_filters_to_transaction_loader (test_bank_details_export_service.BankDetailsExportServiceTests.test_export_forwards_category_label_filters_to_transaction_loader) ... ok
test_export_maps_legacy_minsheng_text_to_note_only (test_bank_details_export_service.BankDetailsExportServiceTests.test_export_maps_legacy_minsheng_text_to_note_only) ... ok
test_export_pages_through_more_than_existing_page_cap (test_bank_details_export_service.BankDetailsExportServiceTests.test_export_pages_through_more_than_existing_page_cap) ... ok
test_export_rebuilds_text_columns_from_bank_text_fields_or_legacy_fields (test_bank_details_export_service.BankDetailsExportServiceTests.test_export_rebuilds_text_columns_from_bank_text_fields_or_legacy_fields) ... ok
test_invalid_account_key_is_rejected_before_row_collection (test_bank_details_export_service.BankDetailsExportServiceTests.test_invalid_account_key_is_rejected_before_row_collection) ... ok
test_row_limit_is_enforced_before_collecting_all_pages (test_bank_details_export_service.BankDetailsExportServiceTests.test_row_limit_is_enforced_before_collecting_all_pages) ... ok
test_route_owner_handles_auto_tag_write_mapping_with_body_and_default_source_ports (test_bank_details_routes.BankDetailsRoutesTests.test_route_owner_handles_auto_tag_write_mapping_with_body_and_default_source_ports) ... ok
test_route_owner_handles_category_write_mapping_with_transaction_id_and_body_ports (test_bank_details_routes.BankDetailsRoutesTests.test_route_owner_handles_category_write_mapping_with_transaction_id_and_body_ports) ... ok
test_route_owner_handles_read_and_export_http_mapping_with_platform_ports (test_bank_details_routes.BankDetailsRoutesTests.test_route_owner_handles_read_and_export_http_mapping_with_platform_ports) ... ok
test_route_owner_keeps_disabled_bulk_category_patch_without_service_call (test_bank_details_routes.BankDetailsRoutesTests.test_route_owner_keeps_disabled_bulk_category_patch_without_service_call) ... ok
test_routes_facade_delegates_export_to_application_service (test_bank_details_routes.BankDetailsRoutesTests.test_routes_facade_delegates_export_to_application_service) ... ok
test_routes_facade_delegates_mutations_with_default_actor (test_bank_details_routes.BankDetailsRoutesTests.test_routes_facade_delegates_mutations_with_default_actor) ... ok
test_routes_facade_delegates_reads_and_preserves_stale_rows_as_200 (test_bank_details_routes.BankDetailsRoutesTests.test_routes_facade_delegates_reads_and_preserves_stale_rows_as_200) ... ok
test_routes_facade_denies_mutations_before_calling_application_service (test_bank_details_routes.BankDetailsRoutesTests.test_routes_facade_denies_mutations_before_calling_application_service) ... ok
test_routes_facade_maps_category_validation_error_without_hiding_transaction_id (test_bank_details_routes.BankDetailsRoutesTests.test_routes_facade_maps_category_validation_error_without_hiding_transaction_id) ... ok
test_routes_facade_returns_202_only_when_refreshing_payload_has_no_rows (test_bank_details_routes.BankDetailsRoutesTests.test_routes_facade_returns_202_only_when_refreshing_payload_has_no_rows) ... ok
test_accounts_group_by_bank_and_last4_with_latest_balances (test_bank_details_service.BankDetailsServiceTests.test_accounts_group_by_bank_and_last4_with_latest_balances) ... ok
test_accounts_transaction_count_respects_date_range (test_bank_details_service.BankDetailsServiceTests.test_accounts_transaction_count_respects_date_range) ... ok
test_accounts_use_sql_account_repository_when_available (test_bank_details_service.BankDetailsServiceTests.test_accounts_use_sql_account_repository_when_available) ... ok
test_bank_text_field_split_uses_real_bank_columns_without_cross_fallback (test_bank_details_service.BankDetailsServiceTests.test_bank_text_field_split_uses_real_bank_columns_without_cross_fallback) ... ok
test_bank_text_fields_are_split_for_table_display_and_time_zone_is_trimmed (test_bank_details_service.BankDetailsServiceTests.test_bank_text_fields_are_split_for_table_display_and_time_zone_is_trimmed) ... ok
test_category_counts_are_based_on_effective_categories_across_full_filter (test_bank_details_service.BankDetailsServiceTests.test_category_counts_are_based_on_effective_categories_across_full_filter) ... ok
test_category_filters_match_effective_primary_and_sub_labels (test_bank_details_service.BankDetailsServiceTests.test_category_filters_match_effective_primary_and_sub_labels) ... ok
test_internal_transfer_auto_category_runs_before_social_tax_text (test_bank_details_service.BankDetailsServiceTests.test_internal_transfer_auto_category_runs_before_social_tax_text) ... ok
test_internal_transfer_pair_is_bank_auto_category_across_account_filters (test_bank_details_service.BankDetailsServiceTests.test_internal_transfer_pair_is_bank_auto_category_across_account_filters) ... ok
test_keyword_search_filters_full_account_date_result_before_pagination_and_counts (test_bank_details_service.BankDetailsServiceTests.test_keyword_search_filters_full_account_date_result_before_pagination_and_counts) ... ok
test_keyword_search_matches_auto_category_primary_label (test_bank_details_service.BankDetailsServiceTests.test_keyword_search_matches_auto_category_primary_label) ... ok
test_manual_categories_are_history_not_effective_category_counts (test_bank_details_service.BankDetailsServiceTests.test_manual_categories_are_history_not_effective_category_counts) ... ok
test_manual_category_classifies_unmatched_transaction (test_bank_details_service.BankDetailsServiceTests.test_manual_category_classifies_unmatched_transaction) ... ok
test_manual_clear_does_not_suppress_auto_category (test_bank_details_service.BankDetailsServiceTests.test_manual_clear_does_not_suppress_auto_category) ... ok
test_manual_clear_history_does_not_suppress_internal_transfer_auto_category (test_bank_details_service.BankDetailsServiceTests.test_manual_clear_history_does_not_suppress_internal_transfer_auto_category) ... ok
test_relation_tag_projection_preserves_candidate_status (test_bank_details_service.BankDetailsServiceTests.test_relation_tag_projection_preserves_candidate_status) ... ok
test_relation_tag_projection_returns_none_for_unlinked_distribution_row (test_bank_details_service.BankDetailsServiceTests.test_relation_tag_projection_returns_none_for_unlinked_distribution_row) ... ok
test_relation_tag_projection_uses_relation_distribution_row (test_bank_details_service.BankDetailsServiceTests.test_relation_tag_projection_uses_relation_distribution_row) ... ok
test_saved_manual_category_does_not_override_auto_category (test_bank_details_service.BankDetailsServiceTests.test_saved_manual_category_does_not_override_auto_category) ... ok
test_sql_paged_bank_details_uses_full_date_context_for_internal_transfer_auto_category (test_bank_details_service.BankDetailsServiceTests.test_sql_paged_bank_details_uses_full_date_context_for_internal_transfer_auto_category) ... ok
test_transactions_default_to_no_relation_tags_without_provider (test_bank_details_service.BankDetailsServiceTests.test_transactions_default_to_no_relation_tags_without_provider) ... ok
test_transactions_display_candidate_relation_tags_explicitly (test_bank_details_service.BankDetailsServiceTests.test_transactions_display_candidate_relation_tags_explicitly) ... ok
test_transactions_filter_by_account_and_date_with_direction_label (test_bank_details_service.BankDetailsServiceTests.test_transactions_filter_by_account_and_date_with_direction_label) ... ok
test_transactions_page_size_is_capped_at_500 (test_bank_details_service.BankDetailsServiceTests.test_transactions_page_size_is_capped_at_500) ... ok
test_transactions_payload_exposes_server_owned_tag_dictionary (test_bank_details_service.BankDetailsServiceTests.test_transactions_payload_exposes_server_owned_tag_dictionary) ... ok
test_transactions_returns_requested_page_total_and_page_size (test_bank_details_service.BankDetailsServiceTests.test_transactions_returns_requested_page_total_and_page_size) ... ok
test_transactions_use_auto_category_as_effective_when_no_manual_category (test_bank_details_service.BankDetailsServiceTests.test_transactions_use_auto_category_as_effective_when_no_manual_category) ... ok
test_transactions_use_batch_relation_provider_once_and_degrade_on_failure (test_bank_details_service.BankDetailsServiceTests.test_transactions_use_batch_relation_provider_once_and_degrade_on_failure) ... ok
test_transactions_use_relation_provider_for_invoice_only_boundary (test_bank_details_service.BankDetailsServiceTests.test_transactions_use_relation_provider_for_invoice_only_boundary) ... ok
test_transactions_use_relation_provider_for_oa_and_invoice_tags (test_bank_details_service.BankDetailsServiceTests.test_transactions_use_relation_provider_for_oa_and_invoice_tags) ... ok
test_transactions_use_relation_provider_for_oa_only_boundary (test_bank_details_service.BankDetailsServiceTests.test_transactions_use_relation_provider_for_oa_only_boundary) ... ok
test_transactions_use_sql_paged_repository_when_available (test_bank_details_service.BankDetailsServiceTests.test_transactions_use_sql_paged_repository_when_available) ... ok
test_uncategorized_category_filter_matches_rows_without_effective_category (test_bank_details_service.BankDetailsServiceTests.test_uncategorized_category_filter_matches_rows_without_effective_category) ... ok
test_all_scope_fans_out_to_month_shards_without_sync_history_rebuild (test_bank_details_sql_runtime.BankDetailReadModelRefreshServiceTests.test_all_scope_fans_out_to_month_shards_without_sync_history_rebuild) ... ok
test_month_scope_rebuilds_and_completes_matching_source_version (test_bank_details_sql_runtime.BankDetailReadModelRefreshServiceTests.test_month_scope_rebuilds_and_completes_matching_source_version) ... ok
test_source_version_that_becomes_stale_after_rebuild_does_not_complete (test_bank_details_sql_runtime.BankDetailReadModelRefreshServiceTests.test_source_version_that_becomes_stale_after_rebuild_does_not_complete) ... ok
test_stale_source_version_does_not_rebuild_or_complete (test_bank_details_sql_runtime.BankDetailReadModelRefreshServiceTests.test_stale_source_version_does_not_rebuild_or_complete) ... ok
test_normalized_row_does_not_copy_missing_bank_columns_from_summary_or_remark (test_bank_details_sql_runtime.BankDetailSqlProjectionBuilderTests.test_normalized_row_does_not_copy_missing_bank_columns_from_summary_or_remark) ... ok
test_normalized_row_splits_bank_text_fields_for_bank_detail_table (test_bank_details_sql_runtime.BankDetailSqlProjectionBuilderTests.test_normalized_row_splits_bank_text_fields_for_bank_detail_table) ... ok
test_rebuild_embeds_internal_transfer_counterpart_summary (test_bank_details_sql_runtime.BankDetailSqlProjectionBuilderTests.test_rebuild_embeds_internal_transfer_counterpart_summary) ... ok
test_rebuild_enriches_legacy_confirmation_from_current_external_tag_definition (test_bank_details_sql_runtime.BankDetailSqlProjectionBuilderTests.test_rebuild_enriches_legacy_confirmation_from_current_external_tag_definition) ... ok
test_rebuild_loads_custom_auto_tag_rules_from_app_settings (test_bank_details_sql_runtime.BankDetailSqlProjectionBuilderTests.test_rebuild_loads_custom_auto_tag_rules_from_app_settings) ... ok
test_rebuild_persists_internal_transfer_auto_category_before_text_category (test_bank_details_sql_runtime.BankDetailSqlProjectionBuilderTests.test_rebuild_persists_internal_transfer_auto_category_before_text_category) ... ok
test_rebuild_projects_legacy_external_turnover_third_label_as_confirmation_candidates (test_bank_details_sql_runtime.BankDetailSqlProjectionBuilderTests.test_rebuild_projects_legacy_external_turnover_third_label_as_confirmation_candidates) ... ok
test_rebuild_skips_unchanged_scope_and_advances_source_version (test_bank_details_sql_runtime.BankDetailSqlProjectionBuilderTests.test_rebuild_skips_unchanged_scope_and_advances_source_version) ... ok
test_rebuild_uses_boundary_context_for_cross_month_internal_transfer_auto_category (test_bank_details_sql_runtime.BankDetailSqlProjectionBuilderTests.test_rebuild_uses_boundary_context_for_cross_month_internal_transfer_auto_category) ... ok
test_rebuild_uses_manual_category_for_unmatched_transaction (test_bank_details_sql_runtime.BankDetailSqlProjectionBuilderTests.test_rebuild_uses_manual_category_for_unmatched_transaction) ... ok
test_relation_tags_do_not_read_legacy_candidate_matches_in_projection (test_bank_details_sql_runtime.BankDetailSqlProjectionBuilderTests.test_relation_tags_do_not_read_legacy_candidate_matches_in_projection) ... ok
test_relation_tags_use_workbench_relation_distribution_for_oa_attachment_invoices (test_bank_details_sql_runtime.BankDetailSqlProjectionBuilderTests.test_relation_tags_use_workbench_relation_distribution_for_oa_attachment_invoices) ... ok
test_accounts_aggregate_from_bank_detail_rows_only_when_scopes_are_fresh (test_bank_details_sql_runtime.BankDetailSqlRepositoryTests.test_accounts_aggregate_from_bank_detail_rows_only_when_scopes_are_fresh) ... ok
test_accounts_serve_previous_schema_rows_while_refreshing (test_bank_details_sql_runtime.BankDetailSqlRepositoryTests.test_accounts_serve_previous_schema_rows_while_refreshing) ... ok
test_accounts_use_all_available_rows_for_latest_balances_and_date_range_only_for_counts (test_bank_details_sql_runtime.BankDetailSqlRepositoryTests.test_accounts_use_all_available_rows_for_latest_balances_and_date_range_only_for_counts) ... ok
test_application_accounts_uses_account_balance_repository_port (test_bank_details_sql_runtime.BankDetailSqlRepositoryTests.test_application_accounts_uses_account_balance_repository_port) ... ok
test_application_cache_key_includes_bank_detail_schema_version (test_bank_details_sql_runtime.BankDetailSqlRepositoryTests.test_application_cache_key_includes_bank_detail_schema_version) ... ok
test_application_transactions_missing_sql_scope_enqueues_refresh_without_legacy_scan (test_bank_details_sql_runtime.BankDetailSqlRepositoryTests.test_application_transactions_missing_sql_scope_enqueues_refresh_without_legacy_scan) ... ok
test_auto_tag_rules_update_refreshes_priority_bank_detail_and_turnover_all_scope (test_bank_details_sql_runtime.BankDetailSqlRepositoryTests.test_auto_tag_rules_update_refreshes_priority_bank_detail_and_turnover_all_scope) ... ok
test_bank_detail_read_model_port_excludes_unrelated_read_model_methods (test_bank_details_sql_runtime.BankDetailSqlRepositoryTests.test_bank_detail_read_model_port_excludes_unrelated_read_model_methods) ... ok
test_category_mutation_persists_via_explicit_category_store_port (test_bank_details_sql_runtime.BankDetailSqlRepositoryTests.test_category_mutation_persists_via_explicit_category_store_port) ... ok
test_category_mutation_refreshes_turnover_ledger_all_scope (test_bank_details_sql_runtime.BankDetailSqlRepositoryTests.test_category_mutation_refreshes_turnover_ledger_all_scope) ... ok
test_category_mutation_response_returns_bank_detail_operation_barrier_targets (test_bank_details_sql_runtime.BankDetailSqlRepositoryTests.test_category_mutation_response_returns_bank_detail_operation_barrier_targets) ... ok
test_category_mutation_side_effect_port_failure_does_not_run_fallback_side_effects (test_bank_details_sql_runtime.BankDetailSqlRepositoryTests.test_category_mutation_side_effect_port_failure_does_not_run_fallback_side_effects) ... ok
test_category_mutation_side_effect_port_suppresses_fallback_enqueue_audit_and_invalidate (test_bank_details_sql_runtime.BankDetailSqlRepositoryTests.test_category_mutation_side_effect_port_suppresses_fallback_enqueue_audit_and_invalidate) ... ok
test_get_tagged_rows_by_transaction_ids_matches_payload_legacy_ids (test_bank_details_sql_runtime.BankDetailSqlRepositoryTests.test_get_tagged_rows_by_transaction_ids_matches_payload_legacy_ids) ... ok
test_get_tagged_rows_by_transaction_ids_reads_only_bank_detail_projection (test_bank_details_sql_runtime.BankDetailSqlRepositoryTests.test_get_tagged_rows_by_transaction_ids_reads_only_bank_detail_projection) ... ok
test_list_tagged_rows_by_month_uses_direction_and_effective_category_filters (test_bank_details_sql_runtime.BankDetailSqlRepositoryTests.test_list_tagged_rows_by_month_uses_direction_and_effective_category_filters) ... ok
test_save_bank_detail_rows_keeps_insert_placeholders_aligned_with_record (test_bank_details_sql_runtime.BankDetailSqlRepositoryTests.test_save_bank_detail_rows_keeps_insert_placeholders_aligned_with_record) ... ok
test_scope_keys_for_unbounded_bank_detail_reads_use_month_shards (test_bank_details_sql_runtime.BankDetailSqlRepositoryTests.test_scope_keys_for_unbounded_bank_detail_reads_use_month_shards) ... ok
test_transactions_filter_by_effective_primary_and_sub_category_labels (test_bank_details_sql_runtime.BankDetailSqlRepositoryTests.test_transactions_filter_by_effective_primary_and_sub_category_labels) ... ok
test_transactions_filter_by_effective_third_category_label (test_bank_details_sql_runtime.BankDetailSqlRepositoryTests.test_transactions_filter_by_effective_third_category_label) ... ok
test_transactions_filter_uncategorized_rows_by_null_effective_category (test_bank_details_sql_runtime.BankDetailSqlRepositoryTests.test_transactions_filter_uncategorized_rows_by_null_effective_category) ... ok
test_transactions_map_legacy_minsheng_text_to_note_only (test_bank_details_sql_runtime.BankDetailSqlRepositoryTests.test_transactions_map_legacy_minsheng_text_to_note_only) ... ok
test_transactions_rebuild_bank_text_columns_from_raw_payload_or_sql_columns (test_bank_details_sql_runtime.BankDetailSqlRepositoryTests.test_transactions_rebuild_bank_text_columns_from_raw_payload_or_sql_columns) ... ok
test_transactions_return_fresh_empty_payload_for_built_empty_scope (test_bank_details_sql_runtime.BankDetailSqlRepositoryTests.test_transactions_return_fresh_empty_payload_for_built_empty_scope) ... ok
test_transactions_return_none_when_month_scope_is_missing (test_bank_details_sql_runtime.BankDetailSqlRepositoryTests.test_transactions_return_none_when_month_scope_is_missing) ... ok
test_transactions_serve_previous_schema_rows_while_refreshing (test_bank_details_sql_runtime.BankDetailSqlRepositoryTests.test_transactions_serve_previous_schema_rows_while_refreshing) ... ok
test_transactions_treat_pending_bank_detail_dirty_scope_as_refreshing (test_bank_details_sql_runtime.BankDetailSqlRepositoryTests.test_transactions_treat_pending_bank_detail_dirty_scope_as_refreshing) ... ok
test_transactions_treat_schema_seven_as_mismatch_after_external_turnover_multi_candidate_contract (test_bank_details_sql_runtime.BankDetailSqlRepositoryTests.test_transactions_treat_schema_seven_as_mismatch_after_external_turnover_multi_candidate_contract) ... ok
test_provider_docstring_states_legacy_on_demand_boundary (test_bank_details_sql_runtime.BankTransactionEffectiveCategoryProviderTests.test_provider_docstring_states_legacy_on_demand_boundary) ... ok
test_provider_does_not_expose_read_model_freshness_contract (test_bank_details_sql_runtime.BankTransactionEffectiveCategoryProviderTests.test_provider_does_not_expose_read_model_freshness_contract) ... ok
test_provider_keeps_legacy_on_demand_effective_category_resolution (test_bank_details_sql_runtime.BankTransactionEffectiveCategoryProviderTests.test_provider_keeps_legacy_on_demand_effective_category_resolution) ... ok
test_bulk_get_for_rows_preserves_versions_for_downstream_preconditions (test_bank_details_sql_runtime.BankTransactionTagReadFacadeTests.test_bulk_get_for_rows_preserves_versions_for_downstream_preconditions) ... ok
test_category_records_do_not_refresh_or_raise_when_fresh_model_has_missing_rows (test_bank_details_sql_runtime.BankTransactionTagReadFacadeTests.test_category_records_do_not_refresh_or_raise_when_fresh_model_has_missing_rows) ... ok
test_get_by_transaction_ids_enqueues_all_scope_when_missing_without_hint (test_bank_details_sql_runtime.BankTransactionTagReadFacadeTests.test_get_by_transaction_ids_enqueues_all_scope_when_missing_without_hint) ... ok
test_get_by_transaction_ids_enqueues_hint_scope_when_all_projected_rows_are_missing (test_bank_details_sql_runtime.BankTransactionTagReadFacadeTests.test_get_by_transaction_ids_enqueues_hint_scope_when_all_projected_rows_are_missing) ... ok
test_get_by_transaction_ids_keeps_fresh_status_when_some_rows_are_not_projected (test_bank_details_sql_runtime.BankTransactionTagReadFacadeTests.test_get_by_transaction_ids_keeps_fresh_status_when_some_rows_are_not_projected) ... ok
test_get_by_transaction_ids_refreshes_only_blocking_dirty_scopes (test_bank_details_sql_runtime.BankTransactionTagReadFacadeTests.test_get_by_transaction_ids_refreshes_only_blocking_dirty_scopes) ... ok
test_get_by_transaction_ids_requires_fresh_before_returning_publishable_rows (test_bank_details_sql_runtime.BankTransactionTagReadFacadeTests.test_get_by_transaction_ids_requires_fresh_before_returning_publishable_rows) ... ok
test_get_by_transaction_ids_returns_standardized_fresh_tagged_rows (test_bank_details_sql_runtime.BankTransactionTagReadFacadeTests.test_get_by_transaction_ids_returns_standardized_fresh_tagged_rows) ... ok
test_list_by_month_allows_diagnostic_stale_rows_when_fresh_not_required (test_bank_details_sql_runtime.BankTransactionTagReadFacadeTests.test_list_by_month_allows_diagnostic_stale_rows_when_fresh_not_required) ... ok
test_source_versions_for_scope_keys_uses_scope_summary_without_loading_rows (test_bank_details_sql_runtime.BankTransactionTagReadFacadeTests.test_source_versions_for_scope_keys_uses_scope_summary_without_loading_rows) ... ok
test_after_mutation_does_not_expand_workbench_scope_keys (test_bank_flow_rule_batch_application_service.BankFlowRuleBatchApplicationServiceTests.test_after_mutation_does_not_expand_workbench_scope_keys) ... ok
test_after_mutation_keeps_lifecycle_for_rule_changes (test_bank_flow_rule_batch_application_service.BankFlowRuleBatchApplicationServiceTests.test_after_mutation_keeps_lifecycle_for_rule_changes) ... ok
test_after_mutation_skips_legacy_lifecycle_for_online_submit (test_bank_flow_rule_batch_application_service.BankFlowRuleBatchApplicationServiceTests.test_after_mutation_skips_legacy_lifecycle_for_online_submit) ... ok
test_bank_flow_scope_source_versions_use_probe_ports_before_row_loading (test_bank_flow_rule_batch_application_service.BankFlowRuleBatchApplicationServiceTests.test_bank_flow_scope_source_versions_use_probe_ports_before_row_loading) ... ok
test_bank_flow_source_versions_use_bank_flow_rule_version_boundary (test_bank_flow_rule_batch_application_service.BankFlowRuleBatchApplicationServiceTests.test_bank_flow_source_versions_use_bank_flow_rule_version_boundary) ... ok
test_detail_falls_back_to_all_scope_refresh_when_batch_is_missing (test_bank_flow_rule_batch_application_service.BankFlowRuleBatchApplicationServiceTests.test_detail_falls_back_to_all_scope_refresh_when_batch_is_missing) ... ok
test_detail_hydrates_missing_runtime_batch_from_read_model_without_all_refresh (test_bank_flow_rule_batch_application_service.BankFlowRuleBatchApplicationServiceTests.test_detail_hydrates_missing_runtime_batch_from_read_model_without_all_refresh) ... ok
test_detail_uses_current_bank_flow_batch_without_all_scope_refresh (test_bank_flow_rule_batch_application_service.BankFlowRuleBatchApplicationServiceTests.test_detail_uses_current_bank_flow_batch_without_all_scope_refresh) ... ok
test_pair_relation_snapshot_by_case_id_uses_scoped_snapshot (test_bank_flow_rule_batch_application_service.BankFlowRuleBatchApplicationServiceTests.test_pair_relation_snapshot_by_case_id_uses_scoped_snapshot) ... ok
test_persist_mutation_fails_fast_without_bank_flow_boundary (test_bank_flow_rule_batch_application_service.BankFlowRuleBatchApplicationServiceTests.test_persist_mutation_fails_fast_without_bank_flow_boundary) ... ok
test_persist_mutation_uses_bank_flow_state_store_boundary (test_bank_flow_rule_batch_application_service.BankFlowRuleBatchApplicationServiceTests.test_persist_mutation_uses_bank_flow_state_store_boundary) ... ok
test_refresh_persistence_uses_bank_flow_scope_boundary (test_bank_flow_rule_batch_application_service.BankFlowRuleBatchApplicationServiceTests.test_refresh_persistence_uses_bank_flow_scope_boundary) ... ok
test_reset_submitted_refreshes_affected_months_without_preflight_all_refresh (test_bank_flow_rule_batch_application_service.BankFlowRuleBatchApplicationServiceTests.test_reset_submitted_refreshes_affected_months_without_preflight_all_refresh) ... ok
test_submit_falls_back_to_all_scope_refresh_when_batch_is_missing (test_bank_flow_rule_batch_application_service.BankFlowRuleBatchApplicationServiceTests.test_submit_falls_back_to_all_scope_refresh_when_batch_is_missing) ... ok
test_submit_restores_persisted_snapshot_before_all_scope_refresh_when_runtime_missing (test_bank_flow_rule_batch_application_service.BankFlowRuleBatchApplicationServiceTests.test_submit_restores_persisted_snapshot_before_all_scope_refresh_when_runtime_missing) ... ok
test_submit_uses_current_bank_flow_batch_without_all_scope_refresh (test_bank_flow_rule_batch_application_service.BankFlowRuleBatchApplicationServiceTests.test_submit_uses_current_bank_flow_batch_without_all_scope_refresh) ... ok
test_submitted_candidate_lookup_is_relation_mode_scoped (test_bank_flow_rule_batch_application_service.BankFlowRuleBatchApplicationServiceTests.test_submitted_candidate_lookup_is_relation_mode_scoped) ... ok
test_tag_selection_payload_reads_bank_flow_rule_settings_boundary (test_bank_flow_rule_batch_application_service.BankFlowRuleBatchApplicationServiceTests.test_tag_selection_payload_reads_bank_flow_rule_settings_boundary) ... ok
test_unchanged_read_model_scope_requires_fresh_status_by_default (test_bank_flow_rule_batch_application_service.BankFlowRuleBatchApplicationServiceTests.test_unchanged_read_model_scope_requires_fresh_status_by_default) ... ok
test_unchanged_read_model_scope_uses_bank_flow_source_version_summary (test_bank_flow_rule_batch_application_service.BankFlowRuleBatchApplicationServiceTests.test_unchanged_read_model_scope_uses_bank_flow_source_version_summary) ... ok
test_update_tag_selection_uses_bank_flow_rule_settings_boundary (test_bank_flow_rule_batch_application_service.BankFlowRuleBatchApplicationServiceTests.test_update_tag_selection_uses_bank_flow_rule_settings_boundary) ... ok
test_withdraw_falls_back_to_all_scope_refresh_when_batch_is_missing (test_bank_flow_rule_batch_application_service.BankFlowRuleBatchApplicationServiceTests.test_withdraw_falls_back_to_all_scope_refresh_when_batch_is_missing) ... ok
test_withdraw_uses_bank_flow_relation_mode_for_shared_mutation_boundary (test_bank_flow_rule_batch_application_service.BankFlowRuleBatchApplicationServiceTests.test_withdraw_uses_bank_flow_relation_mode_for_shared_mutation_boundary) ... ok
test_withdraw_uses_current_bank_flow_batch_without_all_scope_refresh (test_bank_flow_rule_batch_application_service.BankFlowRuleBatchApplicationServiceTests.test_withdraw_uses_current_bank_flow_batch_without_all_scope_refresh) ... ok
test_bank_flow_read_model_runtime_contract_is_independent (test_bank_flow_rule_batch_backend_boundary.BankFlowRuleBatchBackendBoundaryTests.test_bank_flow_read_model_runtime_contract_is_independent) ... ok
test_bank_flow_runtime_files_do_not_import_no_oa_module_boundaries (test_bank_flow_rule_batch_backend_boundary.BankFlowRuleBatchBackendBoundaryTests.test_bank_flow_runtime_files_do_not_import_no_oa_module_boundaries) ... ok
test_no_oa_route_does_not_expose_bank_flow_api (test_bank_flow_rule_batch_backend_boundary.BankFlowRuleBatchBackendBoundaryTests.test_no_oa_route_does_not_expose_bank_flow_api) ... ok
test_operation_barrier_has_no_bank_flow_to_no_oa_alias (test_bank_flow_rule_batch_backend_boundary.BankFlowRuleBatchBackendBoundaryTests.test_operation_barrier_has_no_bank_flow_to_no_oa_alias) ... ok
test_postgres_state_store_bank_flow_storage_uses_dedicated_repository_io (test_bank_flow_rule_batch_backend_boundary.BankFlowRuleBatchBackendBoundaryTests.test_postgres_state_store_bank_flow_storage_uses_dedicated_repository_io) ... ok
test_server_and_worker_bank_flow_wiring_use_bank_flow_io_names (test_bank_flow_rule_batch_backend_boundary.BankFlowRuleBatchBackendBoundaryTests.test_server_and_worker_bank_flow_wiring_use_bank_flow_io_names) ... ok
test_server_dispatches_bank_flow_to_dedicated_route (test_bank_flow_rule_batch_backend_boundary.BankFlowRuleBatchBackendBoundaryTests.test_server_dispatches_bank_flow_to_dedicated_route) ... ok
test_enqueue_normalizes_scope_keys_and_uses_bank_flow_scope (test_bank_flow_rule_batch_read_model_refresh_producer.BankFlowRuleBatchReadModelRefreshProducerTests.test_enqueue_normalizes_scope_keys_and_uses_bank_flow_scope) ... ok
test_enqueue_returns_false_without_queue_gateway (test_bank_flow_rule_batch_read_model_refresh_producer.BankFlowRuleBatchReadModelRefreshProducerTests.test_enqueue_returns_false_without_queue_gateway) ... ok
test_http_boundary_translates_shared_legacy_error_codes_to_bank_flow_codes (test_bank_flow_rule_batch_routes.BankFlowRuleBatchRoutesTests.test_http_boundary_translates_shared_legacy_error_codes_to_bank_flow_codes) ... ok
test_list_route_uses_bank_flow_relation_mode (test_bank_flow_rule_batch_routes.BankFlowRuleBatchRoutesTests.test_list_route_uses_bank_flow_relation_mode) ... ok
test_reset_route_maps_actor_and_reason (test_bank_flow_rule_batch_routes.BankFlowRuleBatchRoutesTests.test_reset_route_maps_actor_and_reason) ... ok
test_submit_and_withdraw_use_bank_flow_write_targets (test_bank_flow_rule_batch_routes.BankFlowRuleBatchRoutesTests.test_submit_and_withdraw_use_bank_flow_write_targets) ... ok
test_tag_rules_reject_legacy_selection_and_duplicate_rules (test_bank_flow_rule_batch_routes.BankFlowRuleBatchRoutesTests.test_tag_rules_reject_legacy_selection_and_duplicate_rules) ... ok
test_tag_rules_return_policy_rules_and_map_conflict (test_bank_flow_rule_batch_routes.BankFlowRuleBatchRoutesTests.test_tag_rules_return_policy_rules_and_map_conflict) ... ok
test_contains_all_can_be_the_only_positive_condition (test_bank_transaction_auto_category_service.BankTransactionAutoCategoryServiceTests.test_contains_all_can_be_the_only_positive_condition) ... ok
test_detects_bonus_from_keywords (test_bank_transaction_auto_category_service.BankTransactionAutoCategoryServiceTests.test_detects_bonus_from_keywords) ... ok
test_detects_fee_from_counterparty_summary_or_remark_only (test_bank_transaction_auto_category_service.BankTransactionAutoCategoryServiceTests.test_detects_fee_from_counterparty_summary_or_remark_only) ... ok
test_detects_holiday_bonus_from_keywords (test_bank_transaction_auto_category_service.BankTransactionAutoCategoryServiceTests.test_detects_holiday_bonus_from_keywords) ... ok
test_detects_salary_from_text_keyword_without_workbench_detector (test_bank_transaction_auto_category_service.BankTransactionAutoCategoryServiceTests.test_detects_salary_from_text_keyword_without_workbench_detector) ... ok
test_detects_sms_service_fee_as_bank_fee_without_broadening_service_fee (test_bank_transaction_auto_category_service.BankTransactionAutoCategoryServiceTests.test_detects_sms_service_fee_as_bank_fee_without_broadening_service_fee) ... ok
test_detects_tax_treasury_tax_collection_and_social_security_from_keywords (test_bank_transaction_auto_category_service.BankTransactionAutoCategoryServiceTests.test_detects_tax_treasury_tax_collection_and_social_security_from_keywords) ... ok
test_effective_category_ignores_manual_clear_when_auto_exists (test_bank_transaction_auto_category_service.BankTransactionAutoCategoryServiceTests.test_effective_category_ignores_manual_clear_when_auto_exists) ... ok
test_effective_category_ignores_manual_history_when_auto_exists (test_bank_transaction_auto_category_service.BankTransactionAutoCategoryServiceTests.test_effective_category_ignores_manual_history_when_auto_exists) ... ok
test_effective_category_preserves_confirmed_external_turnover_third_label (test_bank_transaction_auto_category_service.BankTransactionAutoCategoryServiceTests.test_effective_category_preserves_confirmed_external_turnover_third_label) ... ok
test_effective_category_uses_manual_category_when_auto_is_missing (test_bank_transaction_auto_category_service.BankTransactionAutoCategoryServiceTests.test_effective_category_uses_manual_category_when_auto_is_missing) ... ok
test_external_turnover_candidate_runs_after_specific_business_rules (test_bank_transaction_auto_category_service.BankTransactionAutoCategoryServiceTests.test_external_turnover_candidate_runs_after_specific_business_rules) ... ok
test_external_turnover_rule_with_legacy_third_label_still_requires_confirmation (test_bank_transaction_auto_category_service.BankTransactionAutoCategoryServiceTests.test_external_turnover_rule_with_legacy_third_label_still_requires_confirmation) ... ok
test_external_turnover_rule_without_third_label_requires_confirmation_candidates (test_bank_transaction_auto_category_service.BankTransactionAutoCategoryServiceTests.test_external_turnover_rule_without_third_label_requires_confirmation_candidates) ... ok
test_higher_priority_match_stops_lower_priority_candidates (test_bank_transaction_auto_category_service.BankTransactionAutoCategoryServiceTests.test_higher_priority_match_stops_lower_priority_candidates) ... ok
test_internal_transfer_explicit_self_account_rows_pair_when_amount_repeats (test_bank_transaction_auto_category_service.BankTransactionAutoCategoryServiceTests.test_internal_transfer_explicit_self_account_rows_pair_when_amount_repeats) ... ok
test_internal_transfer_multi_solution_does_not_guess (test_bank_transaction_auto_category_service.BankTransactionAutoCategoryServiceTests.test_internal_transfer_multi_solution_does_not_guess) ... ok
test_internal_transfer_pair_is_classified_before_text_rules (test_bank_transaction_auto_category_service.BankTransactionAutoCategoryServiceTests.test_internal_transfer_pair_is_classified_before_text_rules) ... ok
test_internal_transfer_rejects_ineligible_pairs (test_bank_transaction_auto_category_service.BankTransactionAutoCategoryServiceTests.test_internal_transfer_rejects_ineligible_pairs) ... ok
test_multiple_external_turnover_rule_matches_expand_each_sub_label_to_third_level_candidates (test_bank_transaction_auto_category_service.BankTransactionAutoCategoryServiceTests.test_multiple_external_turnover_rule_matches_expand_each_sub_label_to_third_level_candidates) ... ok
test_multiple_ordinary_rule_matches_require_confirmation_in_rule_order (test_bank_transaction_auto_category_service.BankTransactionAutoCategoryServiceTests.test_multiple_ordinary_rule_matches_require_confirmation_in_rule_order) ... ok
test_plain_service_fee_text_is_not_bank_fee (test_bank_transaction_auto_category_service.BankTransactionAutoCategoryServiceTests.test_plain_service_fee_text_is_not_bank_fee) ... ok
test_rule_engine_supports_direction_combined_conditions_regex_and_normalized_text (test_bank_transaction_auto_category_service.BankTransactionAutoCategoryServiceTests.test_rule_engine_supports_direction_combined_conditions_regex_and_normalized_text) ... ok
test_single_ordinary_rule_match_marks_auto_matched_and_candidate_code (test_bank_transaction_auto_category_service.BankTransactionAutoCategoryServiceTests.test_single_ordinary_rule_match_marks_auto_matched_and_candidate_code) ... ok
test_tax_and_social_security_rules_do_not_match_broad_generic_words (test_bank_transaction_auto_category_service.BankTransactionAutoCategoryServiceTests.test_tax_and_social_security_rules_do_not_match_broad_generic_words) ... ok
test_uses_configured_label_semantic_fields_excludes_priority_and_evidence (test_bank_transaction_auto_category_service.BankTransactionAutoCategoryServiceTests.test_uses_configured_label_semantic_fields_excludes_priority_and_evidence) ... ok
test_apply_turnover_updates_allows_only_turnover_leaf_tags_atomically (test_bank_transaction_category_service.BankTransactionCategoryServiceTests.test_apply_turnover_updates_allows_only_turnover_leaf_tags_atomically) ... ok
test_apply_updates_persists_category_with_version_and_audit_fields (test_bank_transaction_category_service.BankTransactionCategoryServiceTests.test_apply_updates_persists_category_with_version_and_audit_fields) ... ok
test_apply_updates_rejects_expected_version_conflict (test_bank_transaction_category_service.BankTransactionCategoryServiceTests.test_apply_updates_rejects_expected_version_conflict) ... ok
test_apply_updates_rejects_invalid_category_code_atomically (test_bank_transaction_category_service.BankTransactionCategoryServiceTests.test_apply_updates_rejects_invalid_category_code_atomically) ... ok
test_apply_updates_rejects_unknown_transaction (test_bank_transaction_category_service.BankTransactionCategoryServiceTests.test_apply_updates_rejects_unknown_transaction) ... ok
test_archived_tag_remains_resolvable_but_cannot_be_new_manual_choice (test_bank_transaction_category_service.BankTransactionCategoryServiceTests.test_archived_tag_remains_resolvable_but_cannot_be_new_manual_choice) ... ok
test_assign_manual_category_rejects_archived_tag (test_bank_transaction_category_service.BankTransactionCategoryServiceTests.test_assign_manual_category_rejects_archived_tag) ... ok
test_assign_manual_category_uses_existing_manual_update_contract (test_bank_transaction_category_service.BankTransactionCategoryServiceTests.test_assign_manual_category_uses_existing_manual_update_contract) ... ok
test_auto_business_category_codes_are_valid_manual_choices (test_bank_transaction_category_service.BankTransactionCategoryServiceTests.test_auto_business_category_codes_are_valid_manual_choices) ... ok
test_auto_tag_rules_payload_exposes_production_rule_fields_without_hidden_system_controls (test_bank_transaction_category_service.BankTransactionCategoryServiceTests.test_auto_tag_rules_payload_exposes_production_rule_fields_without_hidden_system_controls) ... ok
test_auto_tag_rules_payload_preserves_user_configured_priorities (test_bank_transaction_category_service.BankTransactionCategoryServiceTests.test_auto_tag_rules_payload_preserves_user_configured_priorities) ... ok
test_auto_tag_rules_update_accepts_direction_account_scope_combined_conditions_and_regex (test_bank_transaction_category_service.BankTransactionCategoryServiceTests.test_auto_tag_rules_update_accepts_direction_account_scope_combined_conditions_and_regex) ... ok
test_auto_tag_rules_update_allows_duplicate_archived_labels (test_bank_transaction_category_service.BankTransactionCategoryServiceTests.test_auto_tag_rules_update_allows_duplicate_archived_labels) ... ok
test_auto_tag_rules_update_marks_direction_and_scope_only_change_as_changed (test_bank_transaction_category_service.BankTransactionCategoryServiceTests.test_auto_tag_rules_update_marks_direction_and_scope_only_change_as_changed) ... ok
test_auto_tag_rules_update_validates_identity_labels_and_rules (test_bank_transaction_category_service.BankTransactionCategoryServiceTests.test_auto_tag_rules_update_validates_identity_labels_and_rules) ... ok
test_clear_category_keeps_next_version_and_counts_uncategorized (test_bank_transaction_category_service.BankTransactionCategoryServiceTests.test_clear_category_keeps_next_version_and_counts_uncategorized) ... ok
test_clear_category_without_existing_record_persists_manual_clear_override (test_bank_transaction_category_service.BankTransactionCategoryServiceTests.test_clear_category_without_existing_record_persists_manual_clear_override) ... ok
test_clear_manual_category_reuses_manual_clear_contract (test_bank_transaction_category_service.BankTransactionCategoryServiceTests.test_clear_manual_category_reuses_manual_clear_contract) ... ok
test_compare_file_rule_sources_ignores_header_alias_and_oa_type_only (test_bank_transaction_category_service.BankTransactionCategoryServiceTests.test_compare_file_rule_sources_ignores_header_alias_and_oa_type_only) ... ok
test_configured_custom_tag_is_valid_manual_choice (test_bank_transaction_category_service.BankTransactionCategoryServiceTests.test_configured_custom_tag_is_valid_manual_choice) ... ok
test_file_replacement_persists_all_ordinary_rules_as_priority_two_in_file_order (test_bank_transaction_category_service.BankTransactionCategoryServiceTests.test_file_replacement_persists_all_ordinary_rules_as_priority_two_in_file_order) ... ok
test_file_replacement_recovers_legacy_external_turnover_custom_codes_missing_from_file (test_bank_transaction_category_service.BankTransactionCategoryServiceTests.test_file_replacement_recovers_legacy_external_turnover_custom_codes_missing_from_file) ... ok
test_file_replacement_reuses_damaged_custom_label_code_without_archiving_uncovered_custom_labels (test_bank_transaction_category_service.BankTransactionCategoryServiceTests.test_file_replacement_reuses_damaged_custom_label_code_without_archiving_uncovered_custom_labels) ... ok
test_file_replacement_reuses_damaged_external_turnover_system_code_by_label (test_bank_transaction_category_service.BankTransactionCategoryServiceTests.test_file_replacement_reuses_damaged_external_turnover_system_code_by_label) ... ok
test_file_replacement_reuses_matching_label_code_archives_external_rules_and_audits_source (test_bank_transaction_category_service.BankTransactionCategoryServiceTests.test_file_replacement_reuses_matching_label_code_archives_external_rules_and_audits_source) ... ok
test_file_replacement_reuses_repurposed_editable_system_code_by_label (test_bank_transaction_category_service.BankTransactionCategoryServiceTests.test_file_replacement_reuses_repurposed_editable_system_code_by_label) ... ok
test_legacy_category_record_uses_current_external_definition_semantics (test_bank_transaction_category_service.BankTransactionCategoryServiceTests.test_legacy_category_record_uses_current_external_definition_semantics) ... ok
test_parse_file_rules_rejects_unknown_query_field_with_structured_error (test_bank_transaction_category_service.BankTransactionCategoryServiceTests.test_parse_file_rules_rejects_unknown_query_field_with_structured_error) ... ok
test_parse_normalized_bank_flow_fixture_into_file_rules (test_bank_transaction_category_service.BankTransactionCategoryServiceTests.test_parse_normalized_bank_flow_fixture_into_file_rules) ... ok
test_parse_worksheet_rows_maps_headers_aliases_and_ignores_oa_type (test_bank_transaction_category_service.BankTransactionCategoryServiceTests.test_parse_worksheet_rows_maps_headers_aliases_and_ignores_oa_type) ... ok
test_parse_xlsx_source_skips_title_row_and_preserves_workbook_row_numbers (test_bank_transaction_category_service.BankTransactionCategoryServiceTests.test_parse_xlsx_source_skips_title_row_and_preserves_workbook_row_numbers) ... ok
test_snapshot_round_trips_categories (test_bank_transaction_category_service.BankTransactionCategoryServiceTests.test_snapshot_round_trips_categories) ... ok
test_system_categories_are_exposed_as_seed_tag_definitions (test_bank_transaction_category_service.BankTransactionCategoryServiceTests.test_system_categories_are_exposed_as_seed_tag_definitions) ... ok
test_bank_transaction_model_is_supported (test_bank_transaction_identity_service.BankTransactionIdentityServiceTests.test_bank_transaction_model_is_supported) ... ok
test_date_only_time_does_not_generate_identity (test_bank_transaction_identity_service.BankTransactionIdentityServiceTests.test_date_only_time_does_not_generate_identity) ... ok
test_different_direction_amount_or_counterparty_produces_different_key (test_bank_transaction_identity_service.BankTransactionIdentityServiceTests.test_different_direction_amount_or_counterparty_produces_different_key) ... ok
test_different_second_produces_different_key (test_bank_transaction_identity_service.BankTransactionIdentityServiceTests.test_different_second_produces_different_key) ... ok
test_same_business_fields_produce_same_key_even_when_serials_differ (test_bank_transaction_identity_service.BankTransactionIdentityServiceTests.test_same_business_fields_produce_same_key_even_when_serials_differ) ... ok
test_same_serial_but_business_fields_differ_is_not_duplicate (test_bank_transaction_identity_service.BankTransactionIdentityServiceTests.test_same_serial_but_business_fields_differ_is_not_duplicate) ... ok
test_bank_account_balance_backfill_dry_run_does_not_open_postgres (test_bankdetail_backfill_cli.BankdetailBackfillCliTests.test_bank_account_balance_backfill_dry_run_does_not_open_postgres) ... ok
test_bank_account_balance_backfill_enqueue_uses_durable_queue_contract (test_bankdetail_backfill_cli.BankdetailBackfillCliTests.test_bank_account_balance_backfill_enqueue_uses_durable_queue_contract) ... ok
test_bank_account_balance_worker_drain_wires_expected_event_type_and_handler (test_bankdetail_backfill_cli.BankdetailBackfillCliTests.test_bank_account_balance_worker_drain_wires_expected_event_type_and_handler) ... ok
test_bank_detail_backfill_enqueue_all_and_missing_use_expected_reasons (test_bankdetail_backfill_cli.BankdetailBackfillCliTests.test_bank_detail_backfill_enqueue_all_and_missing_use_expected_reasons) ... ok
test_bank_detail_backfill_explicit_scope_dry_run_does_not_open_postgres (test_bankdetail_backfill_cli.BankdetailBackfillCliTests.test_bank_detail_backfill_explicit_scope_dry_run_does_not_open_postgres) ... ok
test_target_auto_tag_rules_update_commits_settings_audit_bankdetail_and_turnover_dirty_scopes (test_bankdetail_write_uow_contract.BankdetailWriteUowContractTests.test_target_auto_tag_rules_update_commits_settings_audit_bankdetail_and_turnover_dirty_scopes) ... ok
test_target_category_expected_version_conflict_does_not_write_dirty_or_outbox (test_bankdetail_write_uow_contract.BankdetailWriteUowContractTests.test_target_category_expected_version_conflict_does_not_write_dirty_or_outbox) ... ok
test_target_category_mutation_commits_facts_audit_and_dirty_outbox_in_one_transaction (test_bankdetail_write_uow_contract.BankdetailWriteUowContractTests.test_target_category_mutation_commits_facts_audit_and_dirty_outbox_in_one_transaction) ... ok
test_target_category_side_effect_failure_rolls_back_facts_and_refresh_requests (test_bankdetail_write_uow_contract.BankdetailWriteUowContractTests.test_target_category_side_effect_failure_rolls_back_facts_and_refresh_requests) ... ok
test_target_no_oa_side_effect_failure_rolls_back_batch_and_pair_relation_facts (test_bankdetail_write_uow_contract.BankdetailWriteUowContractTests.test_target_no_oa_side_effect_failure_rolls_back_batch_and_pair_relation_facts) ... ok
test_target_no_oa_stale_expected_version_does_not_persist_lifecycle_or_refresh (test_bankdetail_write_uow_contract.BankdetailWriteUowContractTests.test_target_no_oa_stale_expected_version_does_not_persist_lifecycle_or_refresh) ... ok
test_target_no_oa_submit_commits_batch_relation_audit_dirty_and_outbox_in_one_transaction (test_bankdetail_write_uow_contract.BankdetailWriteUowContractTests.test_target_no_oa_submit_commits_batch_relation_audit_dirty_and_outbox_in_one_transaction) ... ok
test_postgres_batch_withdraw_uses_durable_relation_repository (test_batch_accounting_api.BatchAccountingApiTests.test_postgres_batch_withdraw_uses_durable_relation_repository) ... ok
test_submit_allows_cross_year_bank_and_oa_selection (test_batch_accounting_api.BatchAccountingApiTests.test_submit_allows_cross_year_bank_and_oa_selection) ... ok
test_submit_allows_invoice_only_oa_relation_without_linked_bank_flow (test_batch_accounting_api.BatchAccountingApiTests.test_submit_allows_invoice_only_oa_relation_without_linked_bank_flow) ... ok
test_submit_amount_mismatch_rejects_whitespace_note (test_batch_accounting_api.BatchAccountingApiTests.test_submit_amount_mismatch_rejects_whitespace_note) ... ok
test_submit_amount_mismatch_requires_difference_note (test_batch_accounting_api.BatchAccountingApiTests.test_submit_amount_mismatch_requires_difference_note) ... ok
test_submit_amount_mismatch_with_note_persists_relation_and_history (test_batch_accounting_api.BatchAccountingApiTests.test_submit_amount_mismatch_with_note_persists_relation_and_history) ... ok
test_submit_checks_active_relations_only_for_selected_rows_without_relation_read_model_gate (test_batch_accounting_api.BatchAccountingApiTests.test_submit_checks_active_relations_only_for_selected_rows_without_relation_read_model_gate) ... ok
test_submit_creates_batch_accounting_relation_with_current_invoice_rows (test_batch_accounting_api.BatchAccountingApiTests.test_submit_creates_batch_accounting_relation_with_current_invoice_rows) ... ok
test_submit_delegates_relation_write_to_command_service (test_batch_accounting_api.BatchAccountingApiTests.test_submit_delegates_relation_write_to_command_service) ... ok
test_submit_does_not_call_legacy_post_command_side_effects (test_batch_accounting_api.BatchAccountingApiTests.test_submit_does_not_call_legacy_post_command_side_effects) ... ok
test_submit_matched_amount_ignores_supplied_difference_note (test_batch_accounting_api.BatchAccountingApiTests.test_submit_matched_amount_ignores_supplied_difference_note) ... ok
test_submit_records_concrete_affected_scope_keys_for_cross_month_relation (test_batch_accounting_api.BatchAccountingApiTests.test_submit_records_concrete_affected_scope_keys_for_cross_month_relation) ... ok
test_submit_requires_relation_command_service_without_direct_pair_fallback (test_batch_accounting_api.BatchAccountingApiTests.test_submit_requires_relation_command_service_without_direct_pair_fallback) ... ok
test_submit_uses_bank_row_scoped_relation_id_without_consuming_auto_override_ids (test_batch_accounting_api.BatchAccountingApiTests.test_submit_uses_bank_row_scoped_relation_id_without_consuming_auto_override_ids) ... ok
test_submit_uses_canonical_write_safety_when_relation_read_model_is_not_fresh (test_batch_accounting_api.BatchAccountingApiTests.test_submit_uses_canonical_write_safety_when_relation_read_model_is_not_fresh) ... ok
test_submit_uses_sql_read_model_loader_when_available (test_batch_accounting_api.BatchAccountingApiTests.test_submit_uses_sql_read_model_loader_when_available) ... ok
test_submitted_list_exposes_mismatch_note_and_amount_check (test_batch_accounting_api.BatchAccountingApiTests.test_submitted_list_exposes_mismatch_note_and_amount_check) ... ok
test_submitted_list_exposes_relation_read_model_stale_status (test_batch_accounting_api.BatchAccountingApiTests.test_submitted_list_exposes_relation_read_model_stale_status) ... ok
test_submitted_list_fails_closed_without_year_relation_reader (test_batch_accounting_api.BatchAccountingApiTests.test_submitted_list_fails_closed_without_year_relation_reader) ... ok
test_submitted_list_is_derived_from_active_batch_accounting_relations (test_batch_accounting_api.BatchAccountingApiTests.test_submitted_list_is_derived_from_active_batch_accounting_relations) ... ok
test_submitted_list_relation_bucket_uses_workbench_relation_distribution (test_batch_accounting_api.BatchAccountingApiTests.test_submitted_list_relation_bucket_uses_workbench_relation_distribution) ... ok
test_submitted_list_requires_fresh_relation_read_model_to_enqueue_stale_refresh (test_batch_accounting_api.BatchAccountingApiTests.test_submitted_list_requires_fresh_relation_read_model_to_enqueue_stale_refresh) ... ok
test_unsubmitted_list_deduplicates_sql_read_model_rows_by_row_id (test_batch_accounting_api.BatchAccountingApiTests.test_unsubmitted_list_deduplicates_sql_read_model_rows_by_row_id) ... ok
test_unsubmitted_list_does_not_run_legacy_relation_repair (test_batch_accounting_api.BatchAccountingApiTests.test_unsubmitted_list_does_not_run_legacy_relation_repair) ... ok
test_unsubmitted_list_excludes_bank_rows_already_linked_elsewhere (test_batch_accounting_api.BatchAccountingApiTests.test_unsubmitted_list_excludes_bank_rows_already_linked_elsewhere) ... ok
test_unsubmitted_list_explicit_pagination_protects_first_screen_slo (test_batch_accounting_api.BatchAccountingApiTests.test_unsubmitted_list_explicit_pagination_protects_first_screen_slo) ... ok
test_unsubmitted_list_exposes_relation_read_model_missing_status (test_batch_accounting_api.BatchAccountingApiTests.test_unsubmitted_list_exposes_relation_read_model_missing_status) ... ok
test_unsubmitted_list_filters_bank_rows_and_daily_reimbursement_oa_rows (test_batch_accounting_api.BatchAccountingApiTests.test_unsubmitted_list_filters_bank_rows_and_daily_reimbursement_oa_rows) ... ok
test_unsubmitted_list_filters_oa_rows_by_linked_bank_transactions_only (test_batch_accounting_api.BatchAccountingApiTests.test_unsubmitted_list_filters_oa_rows_by_linked_bank_transactions_only) ... ok
test_unsubmitted_list_ignores_legacy_oa_year_filter (test_batch_accounting_api.BatchAccountingApiTests.test_unsubmitted_list_ignores_legacy_oa_year_filter) ... ok
test_unsubmitted_list_requires_fresh_relation_read_model_to_enqueue_missing_refresh (test_batch_accounting_api.BatchAccountingApiTests.test_unsubmitted_list_requires_fresh_relation_read_model_to_enqueue_missing_refresh) ... ok
test_unsubmitted_list_uses_relation_count_instead_of_month_relation_scan (test_batch_accounting_api.BatchAccountingApiTests.test_unsubmitted_list_uses_relation_count_instead_of_month_relation_scan) ... ok
test_unsubmitted_list_uses_sql_read_model_loader_when_available (test_batch_accounting_api.BatchAccountingApiTests.test_unsubmitted_list_uses_sql_read_model_loader_when_available) ... ok
test_unsubmitted_relation_lookup_is_scoped_to_batch_candidates (test_batch_accounting_api.BatchAccountingApiTests.test_unsubmitted_relation_lookup_is_scoped_to_batch_candidates) ... ok
test_withdraw_delegates_relation_write_to_command_service (test_batch_accounting_api.BatchAccountingApiTests.test_withdraw_delegates_relation_write_to_command_service) ... ok
test_withdraw_does_not_restore_display_only_oa_invoice_snapshot_as_active_relation (test_batch_accounting_api.BatchAccountingApiTests.test_withdraw_does_not_restore_display_only_oa_invoice_snapshot_as_active_relation) ... ok
test_withdraw_legacy_relation_derives_scope_keys_from_narrow_context (test_batch_accounting_api.BatchAccountingApiTests.test_withdraw_legacy_relation_derives_scope_keys_from_narrow_context) ... ok
test_withdraw_legacy_relation_uses_sql_narrow_loader_for_scope_backfill (test_batch_accounting_api.BatchAccountingApiTests.test_withdraw_legacy_relation_uses_sql_narrow_loader_for_scope_backfill) ... ok
test_withdraw_mismatch_batch_preserves_submit_and_withdraw_notes (test_batch_accounting_api.BatchAccountingApiTests.test_withdraw_mismatch_batch_preserves_submit_and_withdraw_notes) ... ok
test_withdraw_requires_reason_and_batch_accounting_relation (test_batch_accounting_api.BatchAccountingApiTests.test_withdraw_requires_reason_and_batch_accounting_relation) ... ok
test_withdraw_requires_relation_command_service_without_direct_pair_fallback (test_batch_accounting_api.BatchAccountingApiTests.test_withdraw_requires_relation_command_service_without_direct_pair_fallback) ... ok
test_withdraw_uses_canonical_write_safety_when_relation_read_model_is_not_fresh (test_batch_accounting_api.BatchAccountingApiTests.test_withdraw_uses_canonical_write_safety_when_relation_read_model_is_not_fresh) ... ok
test_dry_run_blocks_task_with_active_business_batch (test_cleanup_orphan_etc_reconciliation_tasks_tool.CleanupOrphanEtcReconciliationTasksToolTests.test_dry_run_blocks_task_with_active_business_batch) ... ok
test_execute_deletes_ready_orphan_task_and_is_idempotent (test_cleanup_orphan_etc_reconciliation_tasks_tool.CleanupOrphanEtcReconciliationTasksToolTests.test_execute_deletes_ready_orphan_task_and_is_idempotent) ... ok
test_cost_statistics_all_month_miss_returns_refreshing_without_warmup_job (test_cost_statistics_api.CostStatisticsApiTests.test_cost_statistics_all_month_miss_returns_refreshing_without_warmup_job) ... {"event": "app_health.snapshot", "status": "ok", "duration_ms": 0.07, "dirty_scope_count": 0, "background_jobs_running_count": 0, "active_alert_count": 0}
{"kind": "cost_statistics_explorer_metric", "metric": "cost_statistics.explorer.duration_ms", "month": "all", "project_scope": "active", "cache_hit": false, "duration_ms": 0.123, "entry_count": 0, "timestamp": "2026-07-05T20:49:07.250121"}
ok
test_cost_statistics_explorer_cache_hit_does_not_rebuild (test_cost_statistics_api.CostStatisticsApiTests.test_cost_statistics_explorer_cache_hit_does_not_rebuild) ... {"kind": "cost_statistics_explorer_metric", "metric": "cost_statistics.explorer.duration_ms", "month": "2026-03", "project_scope": "active", "cache_hit": false, "duration_ms": 0.064, "entry_count": 1, "timestamp": "2026-07-05T20:49:07.256409"}
ok
test_cost_statistics_explorer_miss_returns_refreshing_without_warmup_job (test_cost_statistics_api.CostStatisticsApiTests.test_cost_statistics_explorer_miss_returns_refreshing_without_warmup_job) ... {"kind": "cost_statistics_explorer_metric", "metric": "cost_statistics.explorer.duration_ms", "month": "2026-03", "project_scope": "active", "cache_hit": false, "duration_ms": 0.056, "entry_count": 0, "timestamp": "2026-07-05T20:49:07.262519"}
ok
test_cost_statistics_explorer_reads_sql_read_model_and_logs_hit_metrics (test_cost_statistics_api.CostStatisticsApiTests.test_cost_statistics_explorer_reads_sql_read_model_and_logs_hit_metrics) ... ok
test_cost_statistics_export_limit_returns_structured_error (test_cost_statistics_api.CostStatisticsApiTests.test_cost_statistics_export_limit_returns_structured_error) ... ok
test_cost_statistics_export_preview_and_export_support_exact_date_range (test_cost_statistics_api.CostStatisticsApiTests.test_cost_statistics_export_preview_and_export_support_exact_date_range) ... ok
test_cost_statistics_export_preview_supports_filtered_views (test_cost_statistics_api.CostStatisticsApiTests.test_cost_statistics_export_preview_supports_filtered_views) ... ok
test_cost_statistics_export_returns_xlsx_for_each_view (test_cost_statistics_api.CostStatisticsApiTests.test_cost_statistics_export_returns_xlsx_for_each_view) ... ok
test_cost_statistics_route_owner_delegates_month_and_explorer_to_query_service (test_cost_statistics_api.CostStatisticsApiTests.test_cost_statistics_route_owner_delegates_month_and_explorer_to_query_service) ... ok
test_cost_statistics_secondary_read_routes_delegate_to_query_service_and_fail_closed (test_cost_statistics_api.CostStatisticsApiTests.test_cost_statistics_secondary_read_routes_delegate_to_query_service_and_fail_closed) ... ok
test_cost_statistics_uses_oa_detail_fields_after_manual_confirm_link (test_cost_statistics_api.CostStatisticsApiTests.test_cost_statistics_uses_oa_detail_fields_after_manual_confirm_link) ... ok
test_export_filters_project_and_expense_type_views_by_expense_types (test_cost_statistics_api.CostStatisticsApiTests.test_export_filters_project_and_expense_type_views_by_expense_types) ... ok
test_get_cost_statistics_routes_return_expected_shapes (test_cost_statistics_api.CostStatisticsApiTests.test_get_cost_statistics_routes_return_expected_shapes) ... {"kind": "cost_statistics_explorer_metric", "metric": "cost_statistics.explorer.duration_ms", "month": "2026-03", "project_scope": "active", "cache_hit": false, "duration_ms": 0.027, "entry_count": 1, "timestamp": "2026-07-05T20:49:07.437062"}
ok
test_import_confirm_invalidates_cost_statistics_cache_for_imported_month (test_cost_statistics_api.CostStatisticsApiTests.test_import_confirm_invalidates_cost_statistics_cache_for_imported_month) ... ok
test_import_preview_does_not_invalidate_cost_statistics_cache (test_cost_statistics_api.CostStatisticsApiTests.test_import_preview_does_not_invalidate_cost_statistics_cache) ... ok
test_legacy_cost_statistics_warmup_job_retry_closes_old_job_and_enqueues_refresh (test_cost_statistics_api.CostStatisticsApiTests.test_legacy_cost_statistics_warmup_job_retry_closes_old_job_and_enqueues_refresh) ... ok
test_project_export_honors_advanced_export_options (test_cost_statistics_api.CostStatisticsApiTests.test_project_export_honors_advanced_export_options) ... ok
test_project_scope_defaults_active_allows_all_and_rejects_invalid_scope (test_cost_statistics_api.CostStatisticsApiTests.test_project_scope_defaults_active_allows_all_and_rejects_invalid_scope) ... {"kind": "cost_statistics_explorer_metric", "metric": "cost_statistics.explorer.duration_ms", "month": "2026-03", "project_scope": "active", "cache_hit": false, "duration_ms": 0.047, "entry_count": 0, "timestamp": "2026-07-05T20:49:07.511257"}
{"kind": "cost_statistics_explorer_metric", "metric": "cost_statistics.explorer.duration_ms", "month": "2026-03", "project_scope": "all", "cache_hit": false, "duration_ms": 0.035, "entry_count": 1, "timestamp": "2026-07-05T20:49:07.511415"}
ok
test_workbench_scope_invalidation_deletes_cost_statistics_models_and_enqueues_refresh (test_cost_statistics_api.CostStatisticsApiTests.test_workbench_scope_invalidation_deletes_cost_statistics_models_and_enqueues_refresh) ... ok
test_execute_all_scope_uses_all_invalidation_without_warmup_fallback_when_gateway_unavailable (test_cost_statistics_derived_lifecycle_executor.CostStatisticsDerivedLifecycleExecutorTests.test_execute_all_scope_uses_all_invalidation_without_warmup_fallback_when_gateway_unavailable) ... ok
test_execute_invalidates_explicit_scopes_and_reports_gateway_refresh_job (test_cost_statistics_derived_lifecycle_executor.CostStatisticsDerivedLifecycleExecutorTests.test_execute_invalidates_explicit_scopes_and_reports_gateway_refresh_job) ... ok
test_execute_no_scope_refresh_fallback_defaults_to_all (test_cost_statistics_derived_lifecycle_executor.CostStatisticsDerivedLifecycleExecutorTests.test_execute_no_scope_refresh_fallback_defaults_to_all) ... ok
test_execute_preserves_no_warmup_refresh_fallback_metadata_and_deleted_scope_shape (test_cost_statistics_derived_lifecycle_executor.CostStatisticsDerivedLifecycleExecutorTests.test_execute_preserves_no_warmup_refresh_fallback_metadata_and_deleted_scope_shape) ... ok
test_from_snapshot_discards_mismatched_schema_versions (test_cost_statistics_read_model_service.CostStatisticsReadModelServiceTests.test_from_snapshot_discards_mismatched_schema_versions) ... ok
test_invalidate_months_removes_months_and_all_time_scopes (test_cost_statistics_read_model_service.CostStatisticsReadModelServiceTests.test_invalidate_months_removes_months_and_all_time_scopes) ... ok
test_invalidate_months_treats_empty_month_values_as_all_time (test_cost_statistics_read_model_service.CostStatisticsReadModelServiceTests.test_invalidate_months_treats_empty_month_values_as_all_time) ... ok
test_list_read_model_metadata_uses_transaction_count_then_time_rows (test_cost_statistics_read_model_service.CostStatisticsReadModelServiceTests.test_list_read_model_metadata_uses_transaction_count_then_time_rows) ... ok
test_scope_key_validates_month_and_project_scope (test_cost_statistics_read_model_service.CostStatisticsReadModelServiceTests.test_scope_key_validates_month_and_project_scope) ... ok
test_upsert_and_get_return_deep_copies (test_cost_statistics_read_model_service.CostStatisticsReadModelServiceTests.test_upsert_and_get_return_deep_copies) ... ok
test_enqueue_read_model_refresh_normalizes_legacy_month_scope (test_cost_statistics_runtime_service.CostStatisticsRuntimeServiceTests.test_enqueue_read_model_refresh_normalizes_legacy_month_scope) ... ok
test_invalidating_scope_marks_dirty_even_when_no_cached_model_exists (test_cost_statistics_runtime_service.CostStatisticsRuntimeServiceTests.test_invalidating_scope_marks_dirty_even_when_no_cached_model_exists) ... ok
test_scope_key_normalization_rejects_unknown_project_scopes (test_cost_statistics_runtime_service.CostStatisticsRuntimeServiceTests.test_scope_key_normalization_rejects_unknown_project_scopes) ... ok
test_cash_pass_through_confirmed_group_is_excluded_from_cost_statistics (test_cost_statistics_service.CostStatisticsServiceTests.test_cash_pass_through_confirmed_group_is_excluded_from_cost_statistics) ... ok
test_cash_ticket_purchase_counts_only_confirmed_ticket_cost (test_cost_statistics_service.CostStatisticsServiceTests.test_cash_ticket_purchase_counts_only_confirmed_ticket_cost) ... ok
test_cash_turnover_hint_only_group_keeps_normal_cost_statistics (test_cost_statistics_service.CostStatisticsServiceTests.test_cash_turnover_hint_only_group_keeps_normal_cost_statistics) ... ok
test_cost_entries_skip_oa_invoice_offset_groups (test_cost_statistics_service.CostStatisticsServiceTests.test_cost_entries_skip_oa_invoice_offset_groups) ... ok
test_explorer_all_aggregates_entries_across_multiple_months (test_cost_statistics_service.CostStatisticsServiceTests.test_explorer_all_aggregates_entries_across_multiple_months) ... ok
test_group_cost_context_treats_dash_placeholders_as_empty_and_falls_back_to_detail_fields (test_cost_statistics_service.CostStatisticsServiceTests.test_group_cost_context_treats_dash_placeholders_as_empty_and_falls_back_to_detail_fields) ... ok
test_invalid_project_scope_is_rejected (test_cost_statistics_service.CostStatisticsServiceTests.test_invalid_project_scope_is_rejected) ... ok
test_month_statistics_only_counts_outflow_rows_with_complete_oa_cost_fields (test_cost_statistics_service.CostStatisticsServiceTests.test_month_statistics_only_counts_outflow_rows_with_complete_oa_cost_fields) ... ok
test_open_candidate_groups_are_excluded_from_cost_statistics (test_cost_statistics_service.CostStatisticsServiceTests.test_open_candidate_groups_are_excluded_from_cost_statistics) ... ok
test_project_scope_filters_completed_projects_by_name_and_keeps_unknown_projects_active (test_cost_statistics_service.CostStatisticsServiceTests.test_project_scope_filters_completed_projects_by_name_and_keeps_unknown_projects_active) ... ok
test_port_excludes_unrelated_read_model_methods (test_cost_statistics_sql_runtime.CostStatisticsReadModelRepositoryPortTests.test_port_excludes_unrelated_read_model_methods) ... ok
test_cost_statistics_api_miss_enqueues_refresh_and_returns_refreshing (test_cost_statistics_sql_runtime.CostStatisticsSqlRuntimeTests.test_cost_statistics_api_miss_enqueues_refresh_and_returns_refreshing) ... {"kind": "cost_statistics_explorer_metric", "metric": "cost_statistics.explorer.duration_ms", "month": "2026-05", "project_scope": "active", "cache_hit": false, "duration_ms": 0.052, "entry_count": 0, "timestamp": "2026-07-05T20:49:07.520096"}
ok
test_cost_statistics_api_reads_redis_hot_cache_without_sql_or_sync_build (test_cost_statistics_sql_runtime.CostStatisticsSqlRuntimeTests.test_cost_statistics_api_reads_redis_hot_cache_without_sql_or_sync_build) ... {"kind": "cost_statistics_explorer_metric", "metric": "cost_statistics.explorer.duration_ms", "month": "2026-05", "project_scope": "active", "cache_hit": true, "duration_ms": 0.032, "entry_count": 0, "timestamp": "2026-07-05T20:49:07.520242"}
ok
test_cost_statistics_api_reads_sql_and_populates_short_redis_cache (test_cost_statistics_sql_runtime.CostStatisticsSqlRuntimeTests.test_cost_statistics_api_reads_sql_and_populates_short_redis_cache) ... {"kind": "cost_statistics_explorer_metric", "metric": "cost_statistics.explorer.duration_ms", "month": "2026-05", "project_scope": "active", "cache_hit": false, "duration_ms": 0.041, "entry_count": 1, "timestamp": "2026-07-05T20:49:07.520360"}
ok
test_cost_statistics_api_rejects_malformed_fresh_sql_payload_and_requeues (test_cost_statistics_sql_runtime.CostStatisticsSqlRuntimeTests.test_cost_statistics_api_rejects_malformed_fresh_sql_payload_and_requeues) ... {"kind": "cost_statistics_explorer_metric", "metric": "cost_statistics.explorer.duration_ms", "month": "2026-05", "project_scope": "active", "cache_hit": false, "duration_ms": 0.046, "entry_count": 0, "timestamp": "2026-07-05T20:49:07.520502"}
ok
test_cost_statistics_invalidation_marks_dirty_even_when_no_cached_model_exists (test_cost_statistics_sql_runtime.CostStatisticsSqlRuntimeTests.test_cost_statistics_invalidation_marks_dirty_even_when_no_cached_model_exists) ... ok
test_cost_statistics_month_summary_miss_enqueues_refresh_without_sync_build (test_cost_statistics_sql_runtime.CostStatisticsSqlRuntimeTests.test_cost_statistics_month_summary_miss_enqueues_refresh_without_sync_build) ... ok
test_cost_statistics_month_summary_reads_sql_aggregate_and_populates_redis (test_cost_statistics_sql_runtime.CostStatisticsSqlRuntimeTests.test_cost_statistics_month_summary_reads_sql_aggregate_and_populates_redis) ... ok
test_cost_statistics_refresh_handler_enqueues_missing_shards_before_parent_rebuild (test_cost_statistics_sql_runtime.CostStatisticsSqlRuntimeTests.test_cost_statistics_refresh_handler_enqueues_missing_shards_before_parent_rebuild) ... ok
test_cost_statistics_refresh_handler_publishes_parent_after_shards_converge (test_cost_statistics_sql_runtime.CostStatisticsSqlRuntimeTests.test_cost_statistics_refresh_handler_publishes_parent_after_shards_converge) ... ok
test_cost_statistics_refresh_handler_rebuilds_scope_and_marks_dirty_scope_done (test_cost_statistics_sql_runtime.CostStatisticsSqlRuntimeTests.test_cost_statistics_refresh_handler_rebuilds_scope_and_marks_dirty_scope_done) ... ok
test_cost_statistics_refresh_handler_requires_projection_builder_boundary (test_cost_statistics_sql_runtime.CostStatisticsSqlRuntimeTests.test_cost_statistics_refresh_handler_requires_projection_builder_boundary) ... ok
test_cost_statistics_scope_shards_are_listed_from_active_workbench_generations (test_cost_statistics_sql_runtime.CostStatisticsSqlRuntimeTests.test_cost_statistics_scope_shards_are_listed_from_active_workbench_generations) ... ok
test_cost_statistics_sql_projection_excludes_open_candidate_groups_from_amounts (test_cost_statistics_sql_runtime.CostStatisticsSqlRuntimeTests.test_cost_statistics_sql_projection_excludes_open_candidate_groups_from_amounts) ... ok
test_cost_statistics_sql_projection_rebuilds_active_all_from_materialized_shard_rows (test_cost_statistics_sql_runtime.CostStatisticsSqlRuntimeTests.test_cost_statistics_sql_projection_rebuilds_active_all_from_materialized_shard_rows) ... ok
test_cost_statistics_sql_projection_rebuilds_all_all_as_first_class_read_model (test_cost_statistics_sql_runtime.CostStatisticsSqlRuntimeTests.test_cost_statistics_sql_projection_rebuilds_all_all_as_first_class_read_model) ... ok
test_cost_statistics_sql_projection_skips_unchanged_month_scope_without_workbench_scan (test_cost_statistics_sql_runtime.CostStatisticsSqlRuntimeTests.test_cost_statistics_sql_projection_skips_unchanged_month_scope_without_workbench_scan) ... ok
test_cost_statistics_sql_projection_skips_unchanged_scope_while_dirty_scope_is_processing (test_cost_statistics_sql_runtime.CostStatisticsSqlRuntimeTests.test_cost_statistics_sql_projection_skips_unchanged_scope_while_dirty_scope_is_processing) ... ok
test_generic_cost_statistics_enqueue_expands_month_scopes (test_cost_statistics_sql_runtime.CostStatisticsSqlRuntimeTests.test_generic_cost_statistics_enqueue_expands_month_scopes) ... ok
test_production_postgres_cost_statistics_requires_sql_read_model_without_sync_build (test_cost_statistics_sql_runtime.CostStatisticsSqlRuntimeTests.test_production_postgres_cost_statistics_requires_sql_read_model_without_sync_build) ... {"kind": "cost_statistics_explorer_metric", "metric": "cost_statistics.explorer.duration_ms", "month": "2026-05", "project_scope": "active", "cache_hit": false, "duration_ms": 0.009, "entry_count": 0, "timestamp": "2026-07-05T20:49:07.521935"}
ok
test_repository_prefers_cost_statistics_row_table_over_snapshot_payload (test_cost_statistics_sql_runtime.CostStatisticsSqlRuntimeTests.test_repository_prefers_cost_statistics_row_table_over_snapshot_payload) ... ok
test_repository_reads_cost_statistics_schema_version_from_payload_not_table_column (test_cost_statistics_sql_runtime.CostStatisticsSqlRuntimeTests.test_repository_reads_cost_statistics_schema_version_from_payload_not_table_column) ... ok
test_repository_reads_cost_statistics_view_and_dirty_status_from_sql (test_cost_statistics_sql_runtime.CostStatisticsSqlRuntimeTests.test_repository_reads_cost_statistics_view_and_dirty_status_from_sql) ... ok
test_repository_saves_parent_scope_snapshot_without_writing_month_rows (test_cost_statistics_sql_runtime.CostStatisticsSqlRuntimeTests.test_repository_saves_parent_scope_snapshot_without_writing_month_rows) ... ok
test_fin_ops_relative_api_routes_do_not_fall_back_to_index_html (test_deploy_oa_nginx_config.DeployOANginxConfigTests.test_fin_ops_relative_api_routes_do_not_fall_back_to_index_html) ... ok
test_fin_ops_spa_routes_fall_back_to_fin_ops_index (test_deploy_oa_nginx_config.DeployOANginxConfigTests.test_fin_ops_spa_routes_fall_back_to_fin_ops_index) ... ok
test_hashed_assets_do_not_fall_back_to_index_html (test_deploy_oa_nginx_config.DeployOANginxConfigTests.test_hashed_assets_do_not_fall_back_to_index_html) ... ok
test_index_html_is_not_cached_and_api_remains_proxied (test_deploy_oa_nginx_config.DeployOANginxConfigTests.test_index_html_is_not_cached_and_api_remains_proxied) ... ok
test_deploy_control_read_model_slo_smoke_refuses_apply_before_release_lookup (test_deploy_oa_script.DeployOAScriptTest.test_deploy_control_read_model_slo_smoke_refuses_apply_before_release_lookup) ... ok
test_deploy_control_script_uses_canonical_etc_finops_secret_contract (test_deploy_oa_script.DeployOAScriptTest.test_deploy_control_script_uses_canonical_etc_finops_secret_contract) ... ok
test_legacy_current_deploy_mode_is_removed (test_deploy_oa_script.DeployOAScriptTest.test_legacy_current_deploy_mode_is_removed) ... ok
test_parser_defaults_match_oa_server (test_deploy_oa_script.DeployOAScriptTest.test_parser_defaults_match_oa_server) ... ok
test_release_archive_accepts_frontend_assets_under_configured_base_path (test_deploy_oa_script.DeployOAScriptTest.test_release_archive_accepts_frontend_assets_under_configured_base_path) ... ok
test_release_archive_rejects_frontend_assets_outside_configured_base_path (test_deploy_oa_script.DeployOAScriptTest.test_release_archive_rejects_frontend_assets_outside_configured_base_path) ... ok
test_release_remote_script_can_upload_without_activation (test_deploy_oa_script.DeployOAScriptTest.test_release_remote_script_can_upload_without_activation) ... ok
test_release_remote_script_uses_versioned_release_and_deploy_control (test_deploy_oa_script.DeployOAScriptTest.test_release_remote_script_uses_versioned_release_and_deploy_control) ... ok
test_release_remote_script_waits_for_backend_before_public_route_smoke (test_deploy_oa_script.DeployOAScriptTest.test_release_remote_script_waits_for_backend_before_public_route_smoke) ... ok
test_remote_command_quotes_multiline_script_for_ssh (test_deploy_oa_script.DeployOAScriptTest.test_remote_command_quotes_multiline_script_for_ssh) ... ok
test_runtime_worker_ensure_script_defaults_to_full_postgres_worker_matrix (test_deploy_oa_script.DeployOAScriptTest.test_runtime_worker_ensure_script_defaults_to_full_postgres_worker_matrix) ... ok
test_systemd_worker_template_uses_registry_registration_contract (test_deploy_oa_script.DeployOAScriptTest.test_systemd_worker_template_uses_registry_registration_contract) ... ok
test_deploy_control_worker_dropin_preserves_per_worker_throughput_env (test_deploy_runtime_examples.DeployRuntimeExampleTests.test_deploy_control_worker_dropin_preserves_per_worker_throughput_env) ... ok
test_oa_sync_enqueue_timer_uses_durable_queue_cli (test_deploy_runtime_examples.DeployRuntimeExampleTests.test_oa_sync_enqueue_timer_uses_durable_queue_cli) ... ok
test_rabbitmq_dispatcher_env_includes_invoice_usage_collection_events (test_deploy_runtime_examples.DeployRuntimeExampleTests.test_rabbitmq_dispatcher_env_includes_invoice_usage_collection_events) ... ok
test_rabbitmq_dispatcher_poll_interval_is_env_controlled_and_fast_by_default (test_deploy_runtime_examples.DeployRuntimeExampleTests.test_rabbitmq_dispatcher_poll_interval_is_env_controlled_and_fast_by_default) ... ok
test_rabbitmq_dispatcher_systemd_uses_env_allowlist_for_all_runtime_events (test_deploy_runtime_examples.DeployRuntimeExampleTests.test_rabbitmq_dispatcher_systemd_uses_env_allowlist_for_all_runtime_events) ... ok
test_required_worker_env_examples_define_max_events_per_iteration (test_deploy_runtime_examples.DeployRuntimeExampleTests.test_required_worker_env_examples_define_max_events_per_iteration) ... ok
test_required_worker_env_examples_do_not_pin_legacy_slow_poll_interval (test_deploy_runtime_examples.DeployRuntimeExampleTests.test_required_worker_env_examples_do_not_pin_legacy_slow_poll_interval) ... ok
test_runtime_env_examples_pin_standard_write_operation_smoke_inputs (test_deploy_runtime_examples.DeployRuntimeExampleTests.test_runtime_env_examples_pin_standard_write_operation_smoke_inputs) ... ok
test_runtime_queue_history_prune_helper_uses_controlled_retention_defaults (test_deploy_runtime_examples.DeployRuntimeExampleTests.test_runtime_queue_history_prune_helper_uses_controlled_retention_defaults) ... ok
test_runtime_worker_docs_use_registry_manifest_instead_of_manual_matrix (test_deploy_runtime_examples.DeployRuntimeExampleTests.test_runtime_worker_docs_use_registry_manifest_instead_of_manual_matrix) ... ok
test_runtime_worker_env_install_migrates_only_legacy_poll_interval (test_deploy_runtime_examples.DeployRuntimeExampleTests.test_runtime_worker_env_install_migrates_only_legacy_poll_interval) ... ok
test_runtime_worker_env_install_migrates_rabbitmq_consumer_drain_interval (test_deploy_runtime_examples.DeployRuntimeExampleTests.test_runtime_worker_env_install_migrates_rabbitmq_consumer_drain_interval) ... ok
test_search_pending_workers_and_dispatcher_include_pending_invoice_refresh (test_deploy_runtime_examples.DeployRuntimeExampleTests.test_search_pending_workers_and_dispatcher_include_pending_invoice_refresh) ... ok
test_shared_rabbitmq_worker_env_does_not_switch_all_workers_to_rabbitmq (test_deploy_runtime_examples.DeployRuntimeExampleTests.test_shared_rabbitmq_worker_env_does_not_switch_all_workers_to_rabbitmq) ... ok
test_systemd_examples_do_not_pin_retired_current_backend_path (test_deploy_runtime_examples.DeployRuntimeExampleTests.test_systemd_examples_do_not_pin_retired_current_backend_path) ... ok
test_workbench_generation_prune_helper_uses_current_retention_defaults (test_deploy_runtime_examples.DeployRuntimeExampleTests.test_workbench_generation_prune_helper_uses_current_retention_defaults) ... ok
test_workbench_workers_split_month_shards_from_all_scope_aggregate (test_deploy_runtime_examples.DeployRuntimeExampleTests.test_workbench_workers_split_month_shards_from_all_scope_aggregate) ... ok
test_bank_auto_tag_rules_changed_does_not_refresh_account_balances (test_derived_data_lifecycle_service.DerivedDataLifecycleServiceTests.test_bank_auto_tag_rules_changed_does_not_refresh_account_balances) ... ok
test_bank_flow_rule_batch_changed_refreshes_bank_flow_read_model (test_derived_data_lifecycle_service.DerivedDataLifecycleServiceTests.test_bank_flow_rule_batch_changed_refreshes_bank_flow_read_model) ... ok
test_bank_import_confirmed_maps_workbench_candidate_cost_and_search_domains (test_derived_data_lifecycle_service.DerivedDataLifecycleServiceTests.test_bank_import_confirmed_maps_workbench_candidate_cost_and_search_domains) ... ok
test_bank_transaction_category_changed_maps_workbench_pending_cost_and_search_domains (test_derived_data_lifecycle_service.DerivedDataLifecycleServiceTests.test_bank_transaction_category_changed_maps_workbench_pending_cost_and_search_domains) ... ok
test_batch_accounting_relation_changed_refreshes_bank_detail_tags (test_derived_data_lifecycle_service.DerivedDataLifecycleServiceTests.test_batch_accounting_relation_changed_refreshes_bank_detail_tags) ... ok
test_candidate_match_changed_refreshes_workbench_without_rerunning_matching (test_derived_data_lifecycle_service.DerivedDataLifecycleServiceTests.test_candidate_match_changed_refreshes_workbench_without_rerunning_matching) ... ok
test_declares_required_events_and_domains (test_derived_data_lifecycle_service.DerivedDataLifecycleServiceTests.test_declares_required_events_and_domains) ... ok
test_every_declared_event_builds_safe_json_serializable_plan (test_derived_data_lifecycle_service.DerivedDataLifecycleServiceTests.test_every_declared_event_builds_safe_json_serializable_plan) ... ok
test_execute_plan_calls_executors_and_aggregates_summary (test_derived_data_lifecycle_service.DerivedDataLifecycleServiceTests.test_execute_plan_calls_executors_and_aggregates_summary) ... ok
test_import_state_changed_maps_runtime_import_refresh_domains (test_derived_data_lifecycle_service.DerivedDataLifecycleServiceTests.test_import_state_changed_maps_runtime_import_refresh_domains) ... ok
test_income_status_override_only_refreshes_pending_invoice_and_search_domains (test_derived_data_lifecycle_service.DerivedDataLifecycleServiceTests.test_income_status_override_only_refreshes_pending_invoice_and_search_domains) ... ok
test_invoice_import_confirmed_maps_workbench_candidate_tax_cost_and_search_domains (test_derived_data_lifecycle_service.DerivedDataLifecycleServiceTests.test_invoice_import_confirmed_maps_workbench_candidate_tax_cost_and_search_domains) ... ok
test_invoice_lifecycle_domain_precedes_downstream_invoice_pages (test_derived_data_lifecycle_service.DerivedDataLifecycleServiceTests.test_invoice_lifecycle_domain_precedes_downstream_invoice_pages) ... ok
test_manual_cleanup_dry_run_is_json_serializable_and_does_not_plan_protected_deletes (test_derived_data_lifecycle_service.DerivedDataLifecycleServiceTests.test_manual_cleanup_dry_run_is_json_serializable_and_does_not_plan_protected_deletes) ... ok
test_manual_invoice_confirmed_maps_invoice_workbench_tax_cost_pending_and_search_domains (test_derived_data_lifecycle_service.DerivedDataLifecycleServiceTests.test_manual_invoice_confirmed_maps_invoice_workbench_tax_cost_pending_and_search_domains) ... ok
test_no_oa_bank_batch_changed_refreshes_no_oa_read_model (test_derived_data_lifecycle_service.DerivedDataLifecycleServiceTests.test_no_oa_bank_batch_changed_refreshes_no_oa_read_model) ... ok
test_oa_rebuilt_maps_oa_workbench_candidate_tax_cost_and_historical_reconcile_domains (test_derived_data_lifecycle_service.DerivedDataLifecycleServiceTests.test_oa_rebuilt_maps_oa_workbench_candidate_tax_cost_and_historical_reconcile_domains) ... ok
test_pair_and_exception_changes_mark_workbench_matching_dirty_scopes (test_derived_data_lifecycle_service.DerivedDataLifecycleServiceTests.test_pair_and_exception_changes_mark_workbench_matching_dirty_scopes) ... ok
test_pending_invoice_rules_changed_maps_only_invoice_related_domains (test_derived_data_lifecycle_service.DerivedDataLifecycleServiceTests.test_pending_invoice_rules_changed_maps_only_invoice_related_domains) ... ok
test_startup_stale_scan_marks_workbench_matching_dirty_scopes_for_rule_backfill (test_derived_data_lifecycle_service.DerivedDataLifecycleServiceTests.test_startup_stale_scan_marks_workbench_matching_dirty_scopes_for_rule_backfill) ... ok
test_tax_certified_import_confirmed_refreshes_lifecycle_tax_and_search_only (test_derived_data_lifecycle_service.DerivedDataLifecycleServiceTests.test_tax_certified_import_confirmed_refreshes_lifecycle_tax_and_search_only) ... ok
test_unknown_event_fails_fast (test_derived_data_lifecycle_service.DerivedDataLifecycleServiceTests.test_unknown_event_fails_fast) ... ok
test_bank_transaction_preserves_direction_and_remaining_amount (test_domain_models.DomainModelTests.test_bank_transaction_preserves_direction_and_remaining_amount) ... ok
test_follow_up_ledger_carries_project_scope_for_future_costing (test_domain_models.DomainModelTests.test_follow_up_ledger_carries_project_scope_for_future_costing) ... ok
test_import_tracking_models_keep_unique_key_fingerprint_and_row_decision (test_domain_models.DomainModelTests.test_import_tracking_models_keep_unique_key_fingerprint_and_row_decision) ... ok
test_integration_sync_models_track_external_mapping_and_retry_counts (test_domain_models.DomainModelTests.test_integration_sync_models_track_external_mapping_and_retry_counts) ... ok
test_invoice_tracks_outstanding_amount_and_project_metadata (test_domain_models.DomainModelTests.test_invoice_tracks_outstanding_amount_and_project_metadata) ... ok
test_manual_reconciliation_records_keep_exception_and_offline_traceability_fields (test_domain_models.DomainModelTests.test_manual_reconciliation_records_keep_exception_and_offline_traceability_fields) ... ok
test_matching_run_tracks_result_counts_by_type (test_domain_models.DomainModelTests.test_matching_run_tracks_result_counts_by_type) ... ok
test_offset_note_keeps_cross_side_amounts_and_operator_traceability (test_domain_models.DomainModelTests.test_offset_note_keeps_cross_side_amounts_and_operator_traceability) ... ok
test_project_assignment_and_summary_models_keep_traceable_costing_fields (test_domain_models.DomainModelTests.test_project_assignment_and_summary_models_keep_traceable_costing_fields) ... ok
test_reconciliation_case_sums_lines_and_flags_follow_up_when_difference_exists (test_domain_models.DomainModelTests.test_reconciliation_case_sums_lines_and_flags_follow_up_when_difference_exists) ... ok
test_reminder_model_keeps_delivery_state_for_repeatable_scheduler_runs (test_domain_models.DomainModelTests.test_reminder_model_keeps_delivery_state_for_repeatable_scheduler_runs) ... ok
test_business_batch_create_without_task_id_creates_linked_task_and_batch (test_etc_backend.EtcApiTests.test_business_batch_create_without_task_id_creates_linked_task_and_batch) ... ok
test_business_batch_create_without_task_id_tombstones_created_task_when_batch_create_fails (test_etc_backend.EtcApiTests.test_business_batch_create_without_task_id_tombstones_created_task_when_batch_create_fails) ... ok
test_business_batch_oa_draft_recovers_linked_task_after_durable_import_restart (test_etc_backend.EtcApiTests.test_business_batch_oa_draft_recovers_linked_task_after_durable_import_restart) ... ok
test_business_batch_title_patch_updates_linked_task_title (test_etc_backend.EtcApiTests.test_business_batch_title_patch_updates_linked_task_title) ... ok
test_chinese_ccb_statement_uploaded_to_ticket_root_route_returns_wrong_slot_message (test_etc_backend.EtcApiTests.test_chinese_ccb_statement_uploaded_to_ticket_root_route_returns_wrong_slot_message) ... ok
test_created_reconciliation_task_payload_is_fresh_and_includes_source_files (test_etc_backend.EtcApiTests.test_created_reconciliation_task_payload_is_fresh_and_includes_source_files) ... ok
test_credit_card_pdf_uploaded_to_ticket_root_route_uses_extracted_text_for_wrong_slot_detection (test_etc_backend.EtcApiTests.test_credit_card_pdf_uploaded_to_ticket_root_route_uses_extracted_text_for_wrong_slot_detection) ... ok
test_credit_card_statement_upload_returns_structured_storage_error (test_etc_backend.EtcApiTests.test_credit_card_statement_upload_returns_structured_storage_error) ... ok
test_credit_card_statement_uploaded_to_ticket_root_route_returns_wrong_slot_message (test_etc_backend.EtcApiTests.test_credit_card_statement_uploaded_to_ticket_root_route_returns_wrong_slot_message) ... ok
test_delete_imported_reconciliation_task_cleans_unsubmitted_external_oa_link (test_etc_backend.EtcApiTests.test_delete_imported_reconciliation_task_cleans_unsubmitted_external_oa_link) ... ok
test_delete_imported_reconciliation_task_tolerates_missing_import_batch_container (test_etc_backend.EtcApiTests.test_delete_imported_reconciliation_task_tolerates_missing_import_batch_container) ... ok
test_delete_ready_for_import_reconciliation_task (test_etc_backend.EtcApiTests.test_delete_ready_for_import_reconciliation_task) ... ok
test_delete_reconciliation_source_file_route_removes_file_parse_result_and_items (test_etc_backend.EtcApiTests.test_delete_reconciliation_source_file_route_removes_file_parse_result_and_items) ... ok
test_delete_reconciliation_source_file_route_requires_version_and_mutable_status (test_etc_backend.EtcApiTests.test_delete_reconciliation_source_file_route_requires_version_and_mutable_status) ... ok
test_delete_reconciliation_task_route_requires_mutable_status_and_version (test_etc_backend.EtcApiTests.test_delete_reconciliation_task_route_requires_mutable_status_and_version) ... ok
test_deleted_business_batch_route_tombstones_task_after_postgres_rehydrate (test_etc_backend.EtcApiTests.test_deleted_business_batch_route_tombstones_task_after_postgres_rehydrate) ... ok
test_deleted_reconciliation_task_route_does_not_reappear_after_postgres_rehydrate (test_etc_backend.EtcApiTests.test_deleted_reconciliation_task_route_does_not_reappear_after_postgres_rehydrate) ... ok
test_etc_business_batch_detail_returns_invoice_items_without_detection_fields (test_etc_backend.EtcApiTests.test_etc_business_batch_detail_returns_invoice_items_without_detection_fields) ... ok
test_etc_business_batch_oa_draft_revoke_route_resets_batch_and_invoices (test_etc_backend.EtcApiTests.test_etc_business_batch_oa_draft_revoke_route_resets_batch_and_invoices) ... ok
test_etc_business_batch_oa_draft_waits_for_manual_confirmation_without_detection_runtime (test_etc_backend.EtcApiTests.test_etc_business_batch_oa_draft_waits_for_manual_confirmation_without_detection_runtime) ... ok
test_etc_business_batch_scope_uses_session_dept_id (test_etc_backend.EtcApiTests.test_etc_business_batch_scope_uses_session_dept_id) ... ok
test_etc_business_batch_source_file_upload_returns_structured_storage_error (test_etc_backend.EtcApiTests.test_etc_business_batch_source_file_upload_returns_structured_storage_error) ... ok
test_etc_business_batch_source_files_append_to_reconciliation_task (test_etc_backend.EtcApiTests.test_etc_business_batch_source_files_append_to_reconciliation_task) ... ok
test_etc_business_batch_submitted_list_counts_use_filtered_passage_month (test_etc_backend.EtcApiTests.test_etc_business_batch_submitted_list_counts_use_filtered_passage_month) ... ok
test_etc_business_batch_submitted_list_prefers_scope_month_when_available (test_etc_backend.EtcApiTests.test_etc_business_batch_submitted_list_prefers_scope_month_when_available) ... ok
test_etc_business_manual_status_accepts_confirmation_pending_state (test_etc_backend.EtcApiTests.test_etc_business_manual_status_accepts_confirmation_pending_state) ... ok
test_etc_business_manual_submitted_closes_the_linked_reconciliation_task (test_etc_backend.EtcApiTests.test_etc_business_manual_submitted_closes_the_linked_reconciliation_task) ... ok
test_etc_business_manual_submitted_creates_open_workbench_summary_with_reported_amount (test_etc_backend.EtcApiTests.test_etc_business_manual_submitted_creates_open_workbench_summary_with_reported_amount) ... ok
test_etc_confirm_failed_session_can_retry_with_same_preview (test_etc_backend.EtcApiTests.test_etc_confirm_failed_session_can_retry_with_same_preview) ... ok
test_etc_confirm_job_partial_success_when_some_items_fail (test_etc_backend.EtcApiTests.test_etc_confirm_job_partial_success_when_some_items_fail) ... ok
test_etc_confirm_repeated_session_returns_same_job_without_duplicate_import (test_etc_backend.EtcApiTests.test_etc_confirm_repeated_session_returns_same_job_without_duplicate_import) ... ok
test_etc_confirm_returns_background_job_and_imports_asynchronously (test_etc_backend.EtcApiTests.test_etc_confirm_returns_background_job_and_imports_asynchronously) ... ok
test_etc_import_confirm_returns_preview_stale_when_canonical_invoice_changes_after_preview (test_etc_backend.EtcApiTests.test_etc_import_confirm_returns_preview_stale_when_canonical_invoice_changes_after_preview) ... ok
test_etc_import_drops_extra_zip_invoices_not_selected_by_current_task (test_etc_backend.EtcApiTests.test_etc_import_drops_extra_zip_invoices_not_selected_by_current_task) ... ok
test_etc_import_keeps_distinct_invoice_numbers_with_same_amount_without_creating_canonical_invoices (test_etc_backend.EtcApiTests.test_etc_import_keeps_distinct_invoice_numbers_with_same_amount_without_creating_canonical_invoices) ... ok
test_etc_import_links_existing_canonical_invoices_and_dedupes_manual_invoice (test_etc_backend.EtcApiTests.test_etc_import_links_existing_canonical_invoices_and_dedupes_manual_invoice) ... ok
test_etc_import_preview_requires_ready_task_even_when_no_tasks_exist (test_etc_backend.EtcApiTests.test_etc_import_preview_requires_ready_task_even_when_no_tasks_exist) ... ok
test_etc_invoice_api_reports_attachment_existence_flags (test_etc_backend.EtcApiTests.test_etc_invoice_api_reports_attachment_existence_flags) ... ok
test_etc_summary_relation_cancel_delegates_to_workbench_relation_command_service (test_etc_backend.EtcApiTests.test_etc_summary_relation_cancel_delegates_to_workbench_relation_command_service) ... ok
test_existing_etc_batch_link_extends_active_oa_bank_relation_and_renders_summary (test_etc_backend.EtcApiTests.test_existing_etc_batch_link_extends_active_oa_bank_relation_and_renders_summary) ... ok
test_existing_etc_batch_link_is_idempotent_and_does_not_create_parallel_relation (test_etc_backend.EtcApiTests.test_existing_etc_batch_link_is_idempotent_and_does_not_create_parallel_relation) ... ok
test_existing_etc_batch_link_requires_relation_command_service_before_local_writes (test_etc_backend.EtcApiTests.test_existing_etc_batch_link_requires_relation_command_service_before_local_writes) ... ok
test_historical_etc_repair_reconcile_is_idempotent_from_seed_bundle (test_etc_backend.EtcApiTests.test_historical_etc_repair_reconcile_is_idempotent_from_seed_bundle) ... ok
test_historical_etc_repair_requires_relation_command_service_before_local_writes (test_etc_backend.EtcApiTests.test_historical_etc_repair_requires_relation_command_service_before_local_writes) ... ok
test_old_direct_import_no_longer_persists_records (test_etc_backend.EtcApiTests.test_old_direct_import_no_longer_persists_records) ... ok
test_preview_rejects_non_zip_upload (test_etc_backend.EtcApiTests.test_preview_rejects_non_zip_upload) ... ok
test_ready_for_import_lists_unavailable_unconfirmed_tasks_with_blocker (test_etc_backend.EtcApiTests.test_ready_for_import_lists_unavailable_unconfirmed_tasks_with_blocker) ... ok
test_reconciliation_backed_oa_draft_uploads_supplements_and_uses_oa_total (test_etc_backend.EtcApiTests.test_reconciliation_backed_oa_draft_uploads_supplements_and_uses_oa_total) ... ok
test_reconciliation_confirm_route_accepts_selected_credit_card_item_ids (test_etc_backend.EtcApiTests.test_reconciliation_confirm_route_accepts_selected_credit_card_item_ids) ... ok
test_reconciliation_item_patch_conflict_returns_task_version_conflict (test_etc_backend.EtcApiTests.test_reconciliation_item_patch_conflict_returns_task_version_conflict) ... ok
test_reconciliation_item_supplement_upload_requires_note_for_amount_delta (test_etc_backend.EtcApiTests.test_reconciliation_item_supplement_upload_requires_note_for_amount_delta) ... ok
test_reconciliation_item_supplement_upload_returns_structured_storage_error (test_etc_backend.EtcApiTests.test_reconciliation_item_supplement_upload_returns_structured_storage_error) ... ok
test_reconciliation_mutations_require_expected_version_and_reject_ready_patch (test_etc_backend.EtcApiTests.test_reconciliation_mutations_require_expected_version_and_reject_ready_patch) ... ok
test_reconciliation_task_delete_cancels_submitted_business_summary_relation (test_etc_backend.EtcApiTests.test_reconciliation_task_delete_cancels_submitted_business_summary_relation) ... ok
test_reconciliation_task_delete_removes_orphan_submission_metadata_link (test_etc_backend.EtcApiTests.test_reconciliation_task_delete_removes_orphan_submission_metadata_link) ... ok
test_reconciliation_task_level_supplement_upload_parses_evidence (test_etc_backend.EtcApiTests.test_reconciliation_task_level_supplement_upload_parses_evidence) ... ok
test_reconciliation_task_payload_includes_source_file_context_for_parse_issues (test_etc_backend.EtcApiTests.test_reconciliation_task_payload_includes_source_file_context_for_parse_issues) ... ok
test_reconciliation_task_payload_is_not_confirmable_with_stale_included_etc_resolution (test_etc_backend.EtcApiTests.test_reconciliation_task_payload_is_not_confirmable_with_stale_included_etc_resolution) ... ok
test_reconciliation_task_routes_create_list_ready_and_get_without_route_swallowing (test_etc_backend.EtcApiTests.test_reconciliation_task_routes_create_list_ready_and_get_without_route_swallowing) ... ok
test_refresh_reconciliation_matches_route_recalculates_and_returns_task (test_etc_backend.EtcApiTests.test_refresh_reconciliation_matches_route_recalculates_and_returns_task) ... ok
test_refresh_reconciliation_matches_route_returns_404_for_unknown_task (test_etc_backend.EtcApiTests.test_refresh_reconciliation_matches_route_returns_404_for_unknown_task) ... ok
test_remove_reconciliation_task_imported_invoices_allows_reimport (test_etc_backend.EtcApiTests.test_remove_reconciliation_task_imported_invoices_allows_reimport) ... ok
test_submitted_etc_business_batch_delete_cancels_summary_relation_without_restoring_oa_bank_pair (test_etc_backend.EtcApiTests.test_submitted_etc_business_batch_delete_cancels_summary_relation_without_restoring_oa_bank_pair) ... ok
test_submitted_etc_business_batch_delete_releases_summary_and_deletes_local_task (test_etc_backend.EtcApiTests.test_submitted_etc_business_batch_delete_releases_summary_and_deletes_local_task) ... ok
test_submitted_etc_business_batch_delete_uses_canonical_relation_when_read_model_is_stale (test_etc_backend.EtcApiTests.test_submitted_etc_business_batch_delete_uses_canonical_relation_when_read_model_is_stale) ... ok
test_task_aware_etc_import_confirm_imports_sum_matched_invoices_only (test_etc_backend.EtcApiTests.test_task_aware_etc_import_confirm_imports_sum_matched_invoices_only) ... ok
test_task_aware_etc_import_empty_allowlist_does_not_import_original_zip (test_etc_backend.EtcApiTests.test_task_aware_etc_import_empty_allowlist_does_not_import_original_zip) ... ok
test_task_aware_etc_import_preview_ignores_corrupt_zip_during_allowlist_filtering (test_etc_backend.EtcApiTests.test_task_aware_etc_import_preview_ignores_corrupt_zip_during_allowlist_filtering) ... ok
test_task_aware_etc_import_requires_task_filters_extra_and_marks_imported (test_etc_backend.EtcApiTests.test_task_aware_etc_import_requires_task_filters_extra_and_marks_imported) ... ok
test_ticket_root_text_route_creates_source_file_parse_result_and_items (test_etc_backend.EtcApiTests.test_ticket_root_text_route_creates_source_file_parse_result_and_items) ... ok
test_ticket_root_text_route_rejects_existing_pdf_ticket_root_source (test_etc_backend.EtcApiTests.test_ticket_root_text_route_rejects_existing_pdf_ticket_root_source) ... ok
test_ticket_root_text_route_rejects_existing_txt_ticket_root_source (test_etc_backend.EtcApiTests.test_ticket_root_text_route_rejects_existing_txt_ticket_root_source) ... skipped 'missing local ticket root sample: /Users/yu/Desktop/sy/财务运营平台/票根网/4月/云A516HJ/云A516HJ'
test_ticket_root_text_route_returns_structured_storage_error (test_etc_backend.EtcApiTests.test_ticket_root_text_route_returns_structured_storage_error) ... ok
test_ticket_root_txt_file_upload_returns_structured_storage_error (test_etc_backend.EtcApiTests.test_ticket_root_txt_file_upload_returns_structured_storage_error) ... ok
test_ticket_root_upload_route_imports_gb18030_txt_file_with_clipboard_parser (test_etc_backend.EtcApiTests.test_ticket_root_upload_route_imports_gb18030_txt_file_with_clipboard_parser) ... ok
test_ticket_root_upload_route_imports_txt_file_with_clipboard_parser (test_etc_backend.EtcApiTests.test_ticket_root_upload_route_imports_txt_file_with_clipboard_parser) ... ok
test_ticket_root_upload_route_imports_txt_without_extension_with_clipboard_parser (test_etc_backend.EtcApiTests.test_ticket_root_upload_route_imports_txt_without_extension_with_clipboard_parser) ... skipped 'missing local ticket root sample: /Users/yu/Desktop/sy/财务运营平台/票根网/4月/云A516HJ/云A516HJ'
test_ticket_root_upload_route_rejects_existing_clipboard_text_source (test_etc_backend.EtcApiTests.test_ticket_root_upload_route_rejects_existing_clipboard_text_source) ... ok
test_ticket_root_upload_route_rejects_existing_pdf_ticket_root_source_before_txt_upload (test_etc_backend.EtcApiTests.test_ticket_root_upload_route_rejects_existing_pdf_ticket_root_source_before_txt_upload) ... skipped 'missing local ticket root sample: /Users/yu/Desktop/sy/财务运营平台/票根网/4月/云A516HJ/云A516HJ'
test_ticket_root_upload_route_rejects_existing_txt_ticket_root_source_before_pdf_upload (test_etc_backend.EtcApiTests.test_ticket_root_upload_route_rejects_existing_txt_ticket_root_source_before_pdf_upload) ... skipped 'missing local ticket root sample: /Users/yu/Desktop/sy/财务运营平台/票根网/4月/云A516HJ/云A516HJ'
test_batch_status_mark_not_submitted_and_draft_creation_with_fake_oa_client (test_etc_backend.EtcServiceTests.test_batch_status_mark_not_submitted_and_draft_creation_with_fake_oa_client) ... ok
test_business_batch_create_list_detail_and_active_guard (test_etc_backend.EtcServiceTests.test_business_batch_create_list_detail_and_active_guard) ... ok
test_business_batch_delete_is_idempotent_and_hides_deleted_batch (test_etc_backend.EtcServiceTests.test_business_batch_delete_is_idempotent_and_hides_deleted_batch) ... ok
test_business_batch_delete_removes_unsubmitted_oa_draft_contents (test_etc_backend.EtcServiceTests.test_business_batch_delete_removes_unsubmitted_oa_draft_contents) ... ok
test_business_batch_delete_resets_submitted_batch_and_releases_invoices (test_etc_backend.EtcServiceTests.test_business_batch_delete_resets_submitted_batch_and_releases_invoices) ... ok
test_business_batch_oa_draft_is_idempotent (test_etc_backend.EtcServiceTests.test_business_batch_oa_draft_is_idempotent) ... ok
test_business_batch_revoke_is_idempotent_and_releases_invoices (test_etc_backend.EtcServiceTests.test_business_batch_revoke_is_idempotent_and_releases_invoices) ... ok
test_business_batch_supplement_merge_rejects_after_draft_and_allows_after_revoke (test_etc_backend.EtcServiceTests.test_business_batch_supplement_merge_rejects_after_draft_and_allows_after_revoke) ... ok
test_business_batch_title_update_persists_and_locks_submitted (test_etc_backend.EtcServiceTests.test_business_batch_title_update_persists_and_locks_submitted) ... ok
test_confirm_import_session_persists_records_and_is_idempotent (test_etc_backend.EtcServiceTests.test_confirm_import_session_persists_records_and_is_idempotent) ... ok
test_create_historical_submitted_batch_is_idempotent_and_summarized (test_etc_backend.EtcServiceTests.test_create_historical_submitted_batch_is_idempotent_and_summarized) ... ok
test_create_historical_submitted_business_batch_links_existing_submission_to_new_model (test_etc_backend.EtcServiceTests.test_create_historical_submitted_business_batch_links_existing_submission_to_new_model) ... ok
test_delete_import_batch_removes_locally_submitted_invoices_without_oa_link (test_etc_backend.EtcServiceTests.test_delete_import_batch_removes_locally_submitted_invoices_without_oa_link) ... ok
test_delete_import_batch_removes_unsubmitted_invoices (test_etc_backend.EtcServiceTests.test_delete_import_batch_removes_unsubmitted_invoices) ... ok
test_delete_submission_batch_releases_import_batch_and_invoices (test_etc_backend.EtcServiceTests.test_delete_submission_batch_releases_import_batch_and_invoices) ... ok
test_delete_submission_batch_releases_locally_submitted_invoices_without_confirmed_oa (test_etc_backend.EtcServiceTests.test_delete_submission_batch_releases_locally_submitted_invoices_without_confirmed_oa) ... ok
test_delete_submitted_batch_releases_local_invoices (test_etc_backend.EtcServiceTests.test_delete_submitted_batch_releases_local_invoices) ... ok
test_draft_creation_accepts_complete_import_batch_submission (test_etc_backend.EtcServiceTests.test_draft_creation_accepts_complete_import_batch_submission) ... ok
test_draft_creation_failure_marks_batch_failed_and_keeps_invoice_unsubmitted (test_etc_backend.EtcServiceTests.test_draft_creation_failure_marks_batch_failed_and_keeps_invoice_unsubmitted) ... ok
test_draft_creation_rejects_missing_pdf_and_submitted_invoice_before_oa_calls (test_etc_backend.EtcServiceTests.test_draft_creation_rejects_missing_pdf_and_submitted_invoice_before_oa_calls) ... ok
test_draft_creation_rejects_partial_import_batch_submission (test_etc_backend.EtcServiceTests.test_draft_creation_rejects_partial_import_batch_submission) ... ok
test_draft_creation_repairs_stale_attachment_paths_from_canonical_storage (test_etc_backend.EtcServiceTests.test_draft_creation_repairs_stale_attachment_paths_from_canonical_storage) ... ok
test_historical_batch_can_use_invoice_repaired_from_zip_import (test_etc_backend.EtcServiceTests.test_historical_batch_can_use_invoice_repaired_from_zip_import) ... ok
test_http_oa_client_uploads_file_and_creates_form_draft (test_etc_backend.EtcServiceTests.test_http_oa_client_uploads_file_and_creates_form_draft) ... ok
test_http_oa_settings_treats_oa_page_base_as_oa_api_base (test_etc_backend.EtcServiceTests.test_http_oa_settings_treats_oa_page_base_as_oa_api_base) ... ok
test_import_batch_tracks_invoice_ids_and_date_ranges (test_etc_backend.EtcServiceTests.test_import_batch_tracks_invoice_ids_and_date_ranges) ... ok
test_import_reports_missing_xml_and_malformed_xml_without_blocking_other_zips (test_etc_backend.EtcServiceTests.test_import_reports_missing_xml_and_malformed_xml_without_blocking_other_zips) ... ok
test_import_zip_parses_nested_xml_stores_files_deduplicates_and_completes_pdf (test_etc_backend.EtcServiceTests.test_import_zip_parses_nested_xml_stores_files_deduplicates_and_completes_pdf) ... ok
test_legacy_business_batch_pickle_drops_removed_oa_detection_status (test_etc_backend.EtcServiceTests.test_legacy_business_batch_pickle_drops_removed_oa_detection_status) ... ok
test_parse_real_world_etc_xml_shape (test_etc_backend.EtcServiceTests.test_parse_real_world_etc_xml_shape) ... ok
test_preview_and_confirm_report_duplicates_and_attachment_completion (test_etc_backend.EtcServiceTests.test_preview_and_confirm_report_duplicates_and_attachment_completion) ... ok
test_preview_audit_reports_duplicate_xml_across_zips (test_etc_backend.EtcServiceTests.test_preview_audit_reports_duplicate_xml_across_zips) ... ok
test_preview_audit_reports_duplicate_xml_inside_zip (test_etc_backend.EtcServiceTests.test_preview_audit_reports_duplicate_xml_inside_zip) ... ok
test_preview_large_mixed_zip_keeps_valid_invoices_duplicates_and_failures_separate (test_etc_backend.EtcServiceTests.test_preview_large_mixed_zip_keeps_valid_invoices_duplicates_and_failures_separate) ... ok
test_preview_parses_ticket_root_invoice_package_with_root_xml_and_pdf (test_etc_backend.EtcServiceTests.test_preview_parses_ticket_root_invoice_package_with_root_xml_and_pdf) ... ok
test_preview_valid_zip_reports_imported_without_persisting_records (test_etc_backend.EtcServiceTests.test_preview_valid_zip_reports_imported_without_persisting_records) ... ok
test_query_filters_counts_and_pagination (test_etc_backend.EtcServiceTests.test_query_filters_counts_and_pagination) ... ok
test_reimport_completes_attachment_when_stored_pdf_file_is_missing (test_etc_backend.EtcServiceTests.test_reimport_completes_attachment_when_stored_pdf_file_is_missing) ... ok
test_service_filters_invoices_by_import_batch_id (test_etc_backend.EtcServiceTests.test_service_filters_invoices_by_import_batch_id) ... ok
test_service_persists_invoice_metadata_through_state_store_when_available (test_etc_backend.EtcServiceTests.test_service_persists_invoice_metadata_through_state_store_when_available) ... ok
test_state_store_invoice_attachments_survive_service_reload_for_oa_draft (test_etc_backend.EtcServiceTests.test_state_store_invoice_attachments_survive_service_reload_for_oa_draft) ... ok
test_links_submitted_etc_invoice_to_canonical_invoice_with_strict_metadata (test_etc_batch_invoice_link_service.EtcBatchInvoiceLinkServiceTests.test_links_submitted_etc_invoice_to_canonical_invoice_with_strict_metadata) ... ok
test_requires_business_batch_and_invoice_identity (test_etc_batch_invoice_link_service.EtcBatchInvoiceLinkServiceTests.test_requires_business_batch_and_invoice_identity) ... ok
test_missing_business_batch_delete_preserves_idempotent_fallback (test_etc_business_batch_delete_service.EtcBusinessBatchDeleteServiceTests.test_missing_business_batch_delete_preserves_idempotent_fallback) ... ok
test_submitted_business_batch_delete_runs_relation_preflight_cancel_and_cleanup (test_etc_business_batch_delete_service.EtcBusinessBatchDeleteServiceTests.test_submitted_business_batch_delete_runs_relation_preflight_cancel_and_cleanup) ... ok
test_unsubmitted_business_batch_delete_uses_etc_boundaries_and_returns_refresh_event (test_etc_business_batch_delete_service.EtcBusinessBatchDeleteServiceTests.test_unsubmitted_business_batch_delete_uses_etc_boundaries_and_returns_refresh_event) ... ok
test_submitted_business_batch_cleanup_requires_relation_preflight_before_delete (test_etc_reconciliation_import_cleanup_service.EtcReconciliationImportCleanupServiceTests.test_submitted_business_batch_cleanup_requires_relation_preflight_before_delete) ... ok
test_active_import_session_is_not_recovered_after_hydration (test_etc_reconciliation_service.EtcReconciliationServiceTests.test_active_import_session_is_not_recovered_after_hydration) ... ok
test_apply_parse_result_preserves_new_blocking_issue_and_hydrates_it (test_etc_reconciliation_service.EtcReconciliationServiceTests.test_apply_parse_result_preserves_new_blocking_issue_and_hydrates_it) ... ok
test_apply_parse_result_rejects_blocking_reparse_without_deleting_previous_items (test_etc_reconciliation_service.EtcReconciliationServiceTests.test_apply_parse_result_rejects_blocking_reparse_without_deleting_previous_items) ... ok
test_apply_parse_result_replaces_existing_file_result_without_duplicate_amounts (test_etc_reconciliation_service.EtcReconciliationServiceTests.test_apply_parse_result_replaces_existing_file_result_without_duplicate_amounts) ... ok
test_ccb_credit_card_statement_empty_text_creates_blocking_parse_issue (test_etc_reconciliation_service.EtcReconciliationServiceTests.test_ccb_credit_card_statement_empty_text_creates_blocking_parse_issue) ... ok
test_ccb_credit_card_statement_parser_accepts_repeated_settlement_currency_rows (test_etc_reconciliation_service.EtcReconciliationServiceTests.test_ccb_credit_card_statement_parser_accepts_repeated_settlement_currency_rows) ... ok
test_ccb_credit_card_statement_parser_preserves_rows_and_marks_etc_candidates (test_etc_reconciliation_service.EtcReconciliationServiceTests.test_ccb_credit_card_statement_parser_preserves_rows_and_marks_etc_candidates) ... ok
test_confirm_blocks_without_statement_or_without_final_items (test_etc_reconciliation_service.EtcReconciliationServiceTests.test_confirm_blocks_without_statement_or_without_final_items) ... ok
test_confirm_with_selected_card_ids_uses_only_selected_requirements_and_amounts (test_etc_reconciliation_service.EtcReconciliationServiceTests.test_confirm_with_selected_card_ids_uses_only_selected_requirements_and_amounts) ... ok
test_confirmed_requirement_zip_window_includes_linked_ticket_transaction_date (test_etc_reconciliation_service.EtcReconciliationServiceTests.test_confirmed_requirement_zip_window_includes_linked_ticket_transaction_date) ... ok
test_create_task_returns_draft_task_and_persists_to_state_store (test_etc_reconciliation_service.EtcReconciliationServiceTests.test_create_task_returns_draft_task_and_persists_to_state_store) ... ok
test_create_task_starts_as_fresh_empty_batch (test_etc_reconciliation_service.EtcReconciliationServiceTests.test_create_task_starts_as_fresh_empty_batch) ... ok
test_credit_card_statement_pdf_parse_uses_pdftotext_when_python_pdf_libraries_are_unavailable (test_etc_reconciliation_service.EtcReconciliationServiceTests.test_credit_card_statement_pdf_parse_uses_pdftotext_when_python_pdf_libraries_are_unavailable) ... ok
test_delete_draft_task_removes_task_and_uploaded_files (test_etc_reconciliation_service.EtcReconciliationServiceTests.test_delete_draft_task_removes_task_and_uploaded_files) ... ok
test_delete_failed_source_file_removes_issue_and_keeps_successful_ticket_items (test_etc_reconciliation_service.EtcReconciliationServiceTests.test_delete_failed_source_file_removes_issue_and_keeps_successful_ticket_items) ... ok
test_delete_imported_task_requires_cleanup_confirmation_and_deletes_after_cleanup (test_etc_reconciliation_service.EtcReconciliationServiceTests.test_delete_imported_task_requires_cleanup_confirmation_and_deletes_after_cleanup) ... ok
test_delete_linked_supplement_source_file_resets_invalid_card_resolution (test_etc_reconciliation_service.EtcReconciliationServiceTests.test_delete_linked_supplement_source_file_resets_invalid_card_resolution) ... ok
test_delete_linked_ticket_source_file_resets_invalid_card_resolution (test_etc_reconciliation_service.EtcReconciliationServiceTests.test_delete_linked_ticket_source_file_resets_invalid_card_resolution) ... ok
test_delete_ready_task_removes_task_and_uploaded_files (test_etc_reconciliation_service.EtcReconciliationServiceTests.test_delete_ready_task_removes_task_and_uploaded_files) ... ok
test_delete_reviewing_task_enforces_expected_version (test_etc_reconciliation_service.EtcReconciliationServiceTests.test_delete_reviewing_task_enforces_expected_version) ... ok
test_delete_source_file_requires_expected_version_mutable_status_and_known_file (test_etc_reconciliation_service.EtcReconciliationServiceTests.test_delete_source_file_requires_expected_version_mutable_status_and_known_file) ... ok
test_delete_source_file_rolls_back_memory_state_when_persist_fails (test_etc_reconciliation_service.EtcReconciliationServiceTests.test_delete_source_file_rolls_back_memory_state_when_persist_fails) ... ok
test_delete_successful_source_file_removes_only_its_parsed_items (test_etc_reconciliation_service.EtcReconciliationServiceTests.test_delete_successful_source_file_removes_only_its_parsed_items) ... ok
test_delete_task_allows_importing_closed_and_submission_links_after_confirmation (test_etc_reconciliation_service.EtcReconciliationServiceTests.test_delete_task_allows_importing_closed_and_submission_links_after_confirmation) ... ok
test_deleted_task_does_not_rehydrate_from_postgres_retained_row_or_reuse_id (test_etc_reconciliation_service.EtcReconciliationServiceTests.test_deleted_task_does_not_rehydrate_from_postgres_retained_row_or_reuse_id) ... ok
test_included_etc_requires_linked_ticket_or_etc_supplement_evidence (test_etc_reconciliation_service.EtcReconciliationServiceTests.test_included_etc_requires_linked_ticket_or_etc_supplement_evidence) ... ok
test_interrupted_importing_task_recovers_to_ready_after_hydration (test_etc_reconciliation_service.EtcReconciliationServiceTests.test_interrupted_importing_task_recovers_to_ready_after_hydration) ... ok
test_manual_actions_require_expected_version_and_notes_before_confirm (test_etc_reconciliation_service.EtcReconciliationServiceTests.test_manual_actions_require_expected_version_and_notes_before_confirm) ... ok
test_manual_link_replaces_previous_ticket_consumer (test_etc_reconciliation_service.EtcReconciliationServiceTests.test_manual_link_replaces_previous_ticket_consumer) ... ok
test_matching_does_not_consume_one_ticket_more_than_once (test_etc_reconciliation_service.EtcReconciliationServiceTests.test_matching_does_not_consume_one_ticket_more_than_once) ... ok
test_matching_finds_large_repeated_amount_set_without_greedy_loss (test_etc_reconciliation_service.EtcReconciliationServiceTests.test_matching_finds_large_repeated_amount_set_without_greedy_loss) ... ok
test_matching_links_beijing_sutong_card_rows_to_ticket_root_txt_rows (test_etc_reconciliation_service.EtcReconciliationServiceTests.test_matching_links_beijing_sutong_card_rows_to_ticket_root_txt_rows) ... ok
test_matching_links_best_candidate_and_keeps_alternatives_for_review (test_etc_reconciliation_service.EtcReconciliationServiceTests.test_matching_links_best_candidate_and_keeps_alternatives_for_review) ... ok
test_matching_links_repeated_amount_batches_and_fills_nearest_fallback_gap (test_etc_reconciliation_service.EtcReconciliationServiceTests.test_matching_links_repeated_amount_batches_and_fills_nearest_fallback_gap) ... ok
test_matching_links_repeated_amount_by_stable_one_to_one_order (test_etc_reconciliation_service.EtcReconciliationServiceTests.test_matching_links_repeated_amount_by_stable_one_to_one_order) ... ok
test_matching_links_repeated_amount_when_posting_windows_disambiguate (test_etc_reconciliation_service.EtcReconciliationServiceTests.test_matching_links_repeated_amount_when_posting_windows_disambiguate) ... ok
test_matching_locks_explicit_business_date_before_fallback_window (test_etc_reconciliation_service.EtcReconciliationServiceTests.test_matching_locks_explicit_business_date_before_fallback_window) ... ok
test_matching_marks_unmatched_card_and_ticket_separately (test_etc_reconciliation_service.EtcReconciliationServiceTests.test_matching_marks_unmatched_card_and_ticket_separately) ... ok
test_matching_prefers_closest_ticket_when_more_tickets_than_cards (test_etc_reconciliation_service.EtcReconciliationServiceTests.test_matching_prefers_closest_ticket_when_more_tickets_than_cards) ... ok
test_matching_uses_description_business_date_as_primary_anchor (test_etc_reconciliation_service.EtcReconciliationServiceTests.test_matching_uses_description_business_date_as_primary_anchor) ... ok
test_matching_uses_posting_date_window_and_writes_auto_link (test_etc_reconciliation_service.EtcReconciliationServiceTests.test_matching_uses_posting_date_window_and_writes_auto_link) ... ok
test_pdf_text_extraction_returns_empty_string_when_pdftotext_is_unavailable_or_fails (test_etc_reconciliation_service.EtcReconciliationServiceTests.test_pdf_text_extraction_returns_empty_string_when_pdftotext_is_unavailable_or_fails) ... ok
test_pdf_text_extraction_uses_pdftotext_when_python_pdf_libraries_are_unavailable (test_etc_reconciliation_service.EtcReconciliationServiceTests.test_pdf_text_extraction_uses_pdftotext_when_python_pdf_libraries_are_unavailable) ... ok
test_ready_imported_and_importing_tasks_reject_direct_mutations (test_etc_reconciliation_service.EtcReconciliationServiceTests.test_ready_imported_and_importing_tasks_reject_direct_mutations) ... ok
test_rebuild_task_deduplicates_ticket_root_items_by_natural_trip_key (test_etc_reconciliation_service.EtcReconciliationServiceTests.test_rebuild_task_deduplicates_ticket_root_items_by_natural_trip_key) ... ok
test_reopen_returns_to_reviewing_and_invalidates_zip_preview (test_etc_reconciliation_service.EtcReconciliationServiceTests.test_reopen_returns_to_reviewing_and_invalidates_zip_preview) ... ok
test_snapshot_hydrate_preserves_items_issues_and_audit_events (test_etc_reconciliation_service.EtcReconciliationServiceTests.test_snapshot_hydrate_preserves_items_issues_and_audit_events) ... ok
test_source_upload_service_imports_ticket_root_text_file (test_etc_reconciliation_service.EtcReconciliationServiceTests.test_source_upload_service_imports_ticket_root_text_file) ... ok
test_source_upload_service_submits_ticket_root_manual_text (test_etc_reconciliation_service.EtcReconciliationServiceTests.test_source_upload_service_submits_ticket_root_manual_text) ... ok
test_supplement_parser_accepts_api_etc_invoice_kind_for_zip_check (test_etc_reconciliation_service.EtcReconciliationServiceTests.test_supplement_parser_accepts_api_etc_invoice_kind_for_zip_check) ... ok
test_supplement_parser_classifies_non_etc_evidence_with_required_tag (test_etc_reconciliation_service.EtcReconciliationServiceTests.test_supplement_parser_classifies_non_etc_evidence_with_required_tag) ... ok
test_task_payload_facade_blocks_stale_included_etc_resolution (test_etc_reconciliation_service.EtcReconciliationServiceTests.test_task_payload_facade_blocks_stale_included_etc_resolution) ... ok
test_task_payload_facade_builds_created_payload_and_import_blockers (test_etc_reconciliation_service.EtcReconciliationServiceTests.test_task_payload_facade_builds_created_payload_and_import_blockers) ... ok
test_task_payload_facade_uses_import_batch_lookup_for_imported_summary (test_etc_reconciliation_service.EtcReconciliationServiceTests.test_task_payload_facade_uses_import_batch_lookup_for_imported_summary) ... ok
test_ticket_root_clipboard_text_parser_blocks_invoice_record_page_with_trip_nav (test_etc_reconciliation_service.EtcReconciliationServiceTests.test_ticket_root_clipboard_text_parser_blocks_invoice_record_page_with_trip_nav) ... ok
test_ticket_root_clipboard_text_parser_blocks_missing_plate (test_etc_reconciliation_service.EtcReconciliationServiceTests.test_ticket_root_clipboard_text_parser_blocks_missing_plate) ... ok
test_ticket_root_clipboard_text_parser_blocks_without_trip_rows (test_etc_reconciliation_service.EtcReconciliationServiceTests.test_ticket_root_clipboard_text_parser_blocks_without_trip_rows) ... ok
test_ticket_root_clipboard_text_parser_prompts_trip_tab_for_invoice_record_page (test_etc_reconciliation_service.EtcReconciliationServiceTests.test_ticket_root_clipboard_text_parser_prompts_trip_tab_for_invoice_record_page) ... ok
test_ticket_root_clipboard_text_parser_reads_real_trip_copy_sample (test_etc_reconciliation_service.EtcReconciliationServiceTests.test_ticket_root_clipboard_text_parser_reads_real_trip_copy_sample) ... ok
test_ticket_root_clipboard_text_parser_reads_real_txt_file_samples (test_etc_reconciliation_service.EtcReconciliationServiceTests.test_ticket_root_clipboard_text_parser_reads_real_txt_file_samples) ... skipped 'missing local ticket root sample: /Users/yu/Desktop/sy/财务运营平台/票根网/4月/云A516HJ/云A516HJ'
test_ticket_root_document_parser_default_ocr_extractor_reads_image_text (test_etc_reconciliation_service.EtcReconciliationServiceTests.test_ticket_root_document_parser_default_ocr_extractor_reads_image_text) ... ok
test_ticket_root_item_missing_required_amount_creates_blocking_parse_issue (test_etc_reconciliation_service.EtcReconciliationServiceTests.test_ticket_root_item_missing_required_amount_creates_blocking_parse_issue) ... ok
test_ticket_root_item_missing_required_transaction_time_creates_blocking_parse_issue (test_etc_reconciliation_service.EtcReconciliationServiceTests.test_ticket_root_item_missing_required_transaction_time_creates_blocking_parse_issue) ... ok
test_ticket_root_item_without_vehicle_plate_creates_blocking_parse_issue (test_etc_reconciliation_service.EtcReconciliationServiceTests.test_ticket_root_item_without_vehicle_plate_creates_blocking_parse_issue) ... ok
test_ticket_root_parser_falls_back_to_ocr_when_pdf_text_has_no_items (test_etc_reconciliation_service.EtcReconciliationServiceTests.test_ticket_root_parser_falls_back_to_ocr_when_pdf_text_has_no_items) ... ok
test_ticket_root_parser_falls_back_to_ocr_when_pdf_text_is_incomplete (test_etc_reconciliation_service.EtcReconciliationServiceTests.test_ticket_root_parser_falls_back_to_ocr_when_pdf_text_is_incomplete) ... ok
test_ticket_root_parser_ignores_invoice_application_page_without_missing_plate_issue (test_etc_reconciliation_service.EtcReconciliationServiceTests.test_ticket_root_parser_ignores_invoice_application_page_without_missing_plate_issue) ... ok
test_ticket_root_parser_ignores_invoice_application_pages_without_ticket_details (test_etc_reconciliation_service.EtcReconciliationServiceTests.test_ticket_root_parser_ignores_invoice_application_pages_without_ticket_details) ... ok
test_ticket_root_parser_without_text_or_ocr_creates_blocking_parse_issue (test_etc_reconciliation_service.EtcReconciliationServiceTests.test_ticket_root_parser_without_text_or_ocr_creates_blocking_parse_issue) ... ok
test_ticket_root_pdf_text_extraction_tries_fitz_after_empty_pdfplumber_and_closes_document (test_etc_reconciliation_service.EtcReconciliationServiceTests.test_ticket_root_pdf_text_extraction_tries_fitz_after_empty_pdfplumber_and_closes_document) ... ok
test_ticket_root_pdf_text_parser_extracts_multiple_ocr_ticket_root_records (test_etc_reconciliation_service.EtcReconciliationServiceTests.test_ticket_root_pdf_text_parser_extracts_multiple_ocr_ticket_root_records) ... ok
test_ticket_root_pdf_text_parser_extracts_multiple_records_with_page_plate (test_etc_reconciliation_service.EtcReconciliationServiceTests.test_ticket_root_pdf_text_parser_extracts_multiple_records_with_page_plate) ... ok
test_ticket_root_pdf_text_parser_extracts_normalized_item (test_etc_reconciliation_service.EtcReconciliationServiceTests.test_ticket_root_pdf_text_parser_extracts_normalized_item) ... ok
test_ticket_root_pdf_text_parser_extracts_ocr_records_with_compact_time_and_station_rows (test_etc_reconciliation_service.EtcReconciliationServiceTests.test_ticket_root_pdf_text_parser_extracts_ocr_records_with_compact_time_and_station_rows) ... ok
test_ticket_root_pdf_text_parser_keeps_prefixed_amount_with_next_ocr_record (test_etc_reconciliation_service.EtcReconciliationServiceTests.test_ticket_root_pdf_text_parser_keeps_prefixed_amount_with_next_ocr_record) ... ok
test_upload_rolls_back_memory_state_when_persist_fails_and_retry_can_overwrite_blob (test_etc_reconciliation_service.EtcReconciliationServiceTests.test_upload_rolls_back_memory_state_when_persist_fails_and_retry_can_overwrite_blob) ... ok
test_upload_supplement_for_card_requires_delta_note_and_claims_card_amount (test_etc_reconciliation_service.EtcReconciliationServiceTests.test_upload_supplement_for_card_requires_delta_note_and_claims_card_amount) ... ok
test_uploaded_source_file_metadata_is_durable_and_idempotent_by_hash (test_etc_reconciliation_service.EtcReconciliationServiceTests.test_uploaded_source_file_metadata_is_durable_and_idempotent_by_hash) ... ok
test_uploaded_source_file_uses_state_store_file_storage_api_when_available (test_etc_reconciliation_service.EtcReconciliationServiceTests.test_uploaded_source_file_uses_state_store_file_storage_api_when_available) ... ok
test_zip_preview_blocks_multiple_distinct_exact_invoice_candidates (test_etc_reconciliation_service.EtcReconciliationServiceTests.test_zip_preview_blocks_multiple_distinct_exact_invoice_candidates) ... ok
test_zip_preview_blocks_single_invoice_allocated_to_multiple_requirements (test_etc_reconciliation_service.EtcReconciliationServiceTests.test_zip_preview_blocks_single_invoice_allocated_to_multiple_requirements) ... ok
test_zip_preview_deduplicates_repeated_invoice_number_before_matching (test_etc_reconciliation_service.EtcReconciliationServiceTests.test_zip_preview_deduplicates_repeated_invoice_number_before_matching) ... ok
test_zip_preview_disambiguates_same_day_duplicate_amount_by_invoice_request_time (test_etc_reconciliation_service.EtcReconciliationServiceTests.test_zip_preview_disambiguates_same_day_duplicate_amount_by_invoice_request_time) ... ok
test_zip_preview_matches_requirement_to_four_invoice_amount_sum (test_etc_reconciliation_service.EtcReconciliationServiceTests.test_zip_preview_matches_requirement_to_four_invoice_amount_sum) ... ok
test_zip_preview_matches_requirement_to_two_invoice_amount_sum (test_etc_reconciliation_service.EtcReconciliationServiceTests.test_zip_preview_matches_requirement_to_two_invoice_amount_sum) ... ok
test_zip_preview_matches_single_invoice_package_to_multiple_requirements (test_etc_reconciliation_service.EtcReconciliationServiceTests.test_zip_preview_matches_single_invoice_package_to_multiple_requirements) ... ok
test_zip_preview_persists_allowlist_and_blocks_missing_required_invoice (test_etc_reconciliation_service.EtcReconciliationServiceTests.test_zip_preview_persists_allowlist_and_blocks_missing_required_invoice) ... ok
test_zip_preview_requires_combination_length_to_match_invoice_count (test_etc_reconciliation_service.EtcReconciliationServiceTests.test_zip_preview_requires_combination_length_to_match_invoice_count) ... ok
test_zip_preview_uses_global_assignment_when_exact_match_would_starve_later_requirement (test_etc_reconciliation_service.EtcReconciliationServiceTests.test_zip_preview_uses_global_assignment_when_exact_match_would_starve_later_requirement) ... ok
test_postgres_import_upload_fails_fast_and_marks_file_object_failed_when_object_storage_fails (test_file_object_storage.FileObjectStorageTests.test_postgres_import_upload_fails_fast_and_marks_file_object_failed_when_object_storage_fails) ... ok
test_postgres_import_upload_writes_verified_object_and_reads_only_object_storage (test_file_object_storage.FileObjectStorageTests.test_postgres_import_upload_writes_verified_object_and_reads_only_object_storage) ... ok
test_verified_object_read_rejects_unverified_metadata_without_legacy_fallback (test_file_object_storage.FileObjectStorageTests.test_verified_object_read_rejects_unverified_metadata_without_legacy_fallback) ... ok
test_decodes_gzip_ready_payload (test_health_ready_payload_probe.HealthReadyPayloadProbeTests.test_decodes_gzip_ready_payload) ... ok
test_extracts_runtime_blockers_from_compact_worker_status_counts (test_health_ready_payload_probe.HealthReadyPayloadProbeTests.test_extracts_runtime_blockers_from_compact_worker_status_counts) ... ok
test_extracts_runtime_blockers_without_counting_done_as_blocker (test_health_ready_payload_probe.HealthReadyPayloadProbeTests.test_extracts_runtime_blockers_without_counting_done_as_blocker) ... ok
test_fails_for_html_fallback (test_health_ready_payload_probe.HealthReadyPayloadProbeTests.test_fails_for_html_fallback) ... ok
test_fails_for_slow_or_large_payload (test_health_ready_payload_probe.HealthReadyPayloadProbeTests.test_fails_for_slow_or_large_payload) ... ok
test_fails_for_unbounded_api_performance_payload (test_health_ready_payload_probe.HealthReadyPayloadProbeTests.test_fails_for_unbounded_api_performance_payload) ... ok
test_passes_for_bounded_ready_payload (test_health_ready_payload_probe.HealthReadyPayloadProbeTests.test_passes_for_bounded_ready_payload) ... ok
test_resolve_health_ready_url_prefixes_non_api_health_paths (test_health_ready_payload_probe.HealthReadyPayloadProbeTests.test_resolve_health_ready_url_prefixes_non_api_health_paths) ... ok
test_migrates_existing_submission_batch_to_business_model_and_syncs_metadata (test_historical_etc_business_batch_migration_service.HistoricalEtcBusinessBatchMigrationServiceTests.test_migrates_existing_submission_batch_to_business_model_and_syncs_metadata) ... ok
test_migration_requires_relation_command_service_before_business_batch_write (test_historical_etc_business_batch_migration_service.HistoricalEtcBusinessBatchMigrationServiceTests.test_migration_requires_relation_command_service_before_business_batch_write) ... ok
test_admin_scoped_probe_uses_admin_headers_without_overriding_user_probes (test_http_slo_probe.HttpSloProbeTests.test_admin_scoped_probe_uses_admin_headers_without_overriding_user_probes) ... ok
test_api_probe_rejects_html_shell_response (test_http_slo_probe.HttpSloProbeTests.test_api_probe_rejects_html_shell_response) ... ok
test_cli_auth_missing_exit_code (test_http_slo_probe.HttpSloProbeTests.test_cli_auth_missing_exit_code) ... ok
test_collects_samples_with_api_prefix_without_leaking_auth (test_http_slo_probe.HttpSloProbeTests.test_collects_samples_with_api_prefix_without_leaking_auth) ... ok
test_configured_default_page_probes_have_stable_page_names (test_http_slo_probe.HttpSloProbeTests.test_configured_default_page_probes_have_stable_page_names) ... ok
test_default_probes_cover_page_domains_and_known_slow_endpoints (test_http_slo_probe.HttpSloProbeTests.test_default_probes_cover_page_domains_and_known_slow_endpoints) ... ok
test_gzip_json_response_is_decoded_for_metadata (test_http_slo_probe.HttpSloProbeTests.test_gzip_json_response_is_decoded_for_metadata) ... ok
test_non_fresh_read_model_or_refresh_enqueue_fails_probe (test_http_slo_probe.HttpSloProbeTests.test_non_fresh_read_model_or_refresh_enqueue_fails_probe) ... ok
test_page_probe_allows_html_shell_response (test_http_slo_probe.HttpSloProbeTests.test_page_probe_allows_html_shell_response) ... ok
test_plain_status_field_does_not_count_as_read_model_status (test_http_slo_probe.HttpSloProbeTests.test_plain_status_field_does_not_count_as_read_model_status) ... ok
test_public_page_shell_smoke_args_exclude_default_api_probes (test_http_slo_probe.HttpSloProbeTests.test_public_page_shell_smoke_args_exclude_default_api_probes) ... ok
test_requires_auth_by_default_without_sampling (test_http_slo_probe.HttpSloProbeTests.test_requires_auth_by_default_without_sampling) ... ok
test_unexpected_html_status_keeps_status_error (test_http_slo_probe.HttpSloProbeTests.test_unexpected_html_status_keeps_status_error) ... ok
test_unexpected_status_fails_probe (test_http_slo_probe.HttpSloProbeTests.test_unexpected_status_fails_probe) ... ok
test_bank_file_parser_preserves_original_text_columns (test_import_api.ImportApiTests.test_bank_file_parser_preserves_original_text_columns) ... ok
test_bank_file_parsers_preserve_real_excel_text_field_contracts (test_import_api.ImportApiTests.test_bank_file_parsers_preserve_real_excel_text_field_contracts) ... ok
test_bank_transaction_import_preserves_text_fields_without_changing_identity (test_import_api.ImportApiTests.test_bank_transaction_import_preserves_text_fields_without_changing_identity) ... ok
test_preview_confirm_and_fetch_batch_round_trip (test_import_api.ImportApiTests.test_preview_confirm_and_fetch_batch_round_trip) ... ok
test_confirm_bank_transaction_file_job_reports_bank_import_domain (test_import_file_api.ImportFileApiTests.test_confirm_bank_transaction_file_job_reports_bank_import_domain) ... ok
test_confirm_files_imports_only_selected_files_from_session (test_import_file_api.ImportFileApiTests.test_confirm_files_imports_only_selected_files_from_session) ... ok
test_import_fact_files_list_omits_preview_detail_payloads (test_import_file_api.ImportFileApiTests.test_import_fact_files_list_omits_preview_detail_payloads) ... ok
test_preview_files_accepts_per_file_overrides (test_import_file_api.ImportFileApiTests.test_preview_files_accepts_per_file_overrides) ... ok
test_preview_files_detects_supported_templates_and_keeps_unrecognized_file_level_error (test_import_file_api.ImportFileApiTests.test_preview_files_detects_supported_templates_and_keeps_unrecognized_file_level_error) ... ok
test_preview_files_keeps_corrupt_excel_as_file_level_error_without_aborting_batch (test_import_file_api.ImportFileApiTests.test_preview_files_keeps_corrupt_excel_as_file_level_error_without_aborting_batch) ... ok
test_preview_files_recognizes_bank_statement_templates (test_import_file_api.ImportFileApiTests.test_preview_files_recognizes_bank_statement_templates) ... ok
test_preview_files_returns_bank_selection_conflict_fields (test_import_file_api.ImportFileApiTests.test_preview_files_returns_bank_selection_conflict_fields) ... ok
test_preview_files_uses_lightweight_import_preview_persistence (test_import_file_api.ImportFileApiTests.test_preview_files_uses_lightweight_import_preview_persistence) ... ok
test_company_identity_name_keywords_use_yunnan_and_generic_suyuan_names (test_import_file_service.ImportFileServiceTests.test_company_identity_name_keywords_use_yunnan_and_generic_suyuan_names) ... ok
test_confirm_session_rejects_stale_preview_when_existing_records_change (test_import_file_service.ImportFileServiceTests.test_confirm_session_rejects_stale_preview_when_existing_records_change) ... ok
test_confirm_session_rolls_back_when_import_confirm_fails (test_import_file_service.ImportFileServiceTests.test_confirm_session_rolls_back_when_import_confirm_fails) ... ok
test_parse_ccb_statement_accepts_customer_account_and_voucher_number_headers (test_import_file_service.ImportFileServiceTests.test_parse_ccb_statement_accepts_customer_account_and_voucher_number_headers) ... ok
test_preview_accepts_bocom_transaction_detail_statement (test_import_file_service.ImportFileServiceTests.test_preview_accepts_bocom_transaction_detail_statement) ... ok
test_preview_accepts_ceb_xlsx_statement_with_income_expense_amount_headers (test_import_file_service.ImportFileServiceTests.test_preview_accepts_ceb_xlsx_statement_with_income_expense_amount_headers) ... ok
test_preview_accepts_ceb_xlsx_statement_with_yuan_amount_headers (test_import_file_service.ImportFileServiceTests.test_preview_accepts_ceb_xlsx_statement_with_yuan_amount_headers) ... ok
test_preview_accepts_invoice_summary_header_aliases (test_import_file_service.ImportFileServiceTests.test_preview_accepts_invoice_summary_header_aliases) ... ok
test_preview_bounds_large_bank_duplicate_group_to_one_confirmable_row (test_import_file_service.ImportFileServiceTests.test_preview_bounds_large_bank_duplicate_group_to_one_confirmable_row) ... ok
test_preview_bounds_large_invoice_duplicate_group_to_one_confirmable_row (test_import_file_service.ImportFileServiceTests.test_preview_bounds_large_invoice_duplicate_group_to_one_confirmable_row) ... ok
test_preview_detects_icbc_last4_from_explicit_file_account (test_import_file_service.ImportFileServiceTests.test_preview_detects_icbc_last4_from_explicit_file_account) ... ok
test_preview_detects_invoice_data_when_summary_sheet_is_first (test_import_file_service.ImportFileServiceTests.test_preview_detects_invoice_data_when_summary_sheet_is_first) ... ok
test_preview_detects_invoice_summary_without_template_override (test_import_file_service.ImportFileServiceTests.test_preview_detects_invoice_summary_without_template_override) ... ok
test_preview_does_not_detect_icbc_last4_from_filename (test_import_file_service.ImportFileServiceTests.test_preview_does_not_detect_icbc_last4_from_filename) ... ok
test_preview_does_not_mark_bank_legal_name_as_conflict_when_last4_matches (test_import_file_service.ImportFileServiceTests.test_preview_does_not_mark_bank_legal_name_as_conflict_when_last4_matches) ... ok
test_preview_does_not_mark_bank_name_alias_as_conflict_when_last4_matches (test_import_file_service.ImportFileServiceTests.test_preview_does_not_mark_bank_name_alias_as_conflict_when_last4_matches) ... ok
test_preview_does_not_mark_bank_short_name_as_conflict_when_last4_matches (test_import_file_service.ImportFileServiceTests.test_preview_does_not_mark_bank_short_name_as_conflict_when_last4_matches) ... ok
test_preview_files_audit_counts_cross_file_bank_transaction_identity_duplicates (test_import_file_service.ImportFileServiceTests.test_preview_files_audit_counts_cross_file_bank_transaction_identity_duplicates) ... ok
test_preview_files_audit_counts_cross_file_invoice_duplicates (test_import_file_service.ImportFileServiceTests.test_preview_files_audit_counts_cross_file_invoice_duplicates) ... ok
test_preview_marks_corrupt_excel_as_file_level_error_instead_of_raising (test_import_file_service.ImportFileServiceTests.test_preview_marks_corrupt_excel_as_file_level_error_instead_of_raising) ... ok
test_preview_persists_selected_bank_mapping_and_marks_conflict_against_detected_account (test_import_file_service.ImportFileServiceTests.test_preview_persists_selected_bank_mapping_and_marks_conflict_against_detected_account) ... ok
test_preview_skips_existing_session_file_and_batch_ids_when_counters_restart (test_import_file_service.ImportFileServiceTests.test_preview_skips_existing_session_file_and_batch_ids_when_counters_restart) ... ok
test_preview_uses_selected_bank_account_when_icbc_file_has_no_account (test_import_file_service.ImportFileServiceTests.test_preview_uses_selected_bank_account_when_icbc_file_has_no_account) ... ok
test_confirmed_import_persists_across_restart_and_refreshes_api_workbench (test_import_formalization_api.ImportFormalizationApiTests.test_confirmed_import_persists_across_restart_and_refreshes_api_workbench) ... ok
test_revert_batch_and_download_batch_export (test_import_formalization_api.ImportFormalizationApiTests.test_revert_batch_and_download_batch_export) ... ok
test_templates_retry_with_invoice_batch_override_and_original_file_retention (test_import_formalization_api.ImportFormalizationApiTests.test_templates_retry_with_invoice_batch_override_and_original_file_retention) ... ok
test_application_import_processor_registry_runs_general_import_confirm (test_import_job_queue.ImportJobRepositoryTests.test_application_import_processor_registry_runs_general_import_confirm) ... ok
test_create_or_get_job_uses_idempotency_key_and_returns_job (test_import_job_queue.ImportJobRepositoryTests.test_create_or_get_job_uses_idempotency_key_and_returns_job) ... ok
test_enqueue_process_requested_keeps_rabbitmq_envelope_small (test_import_job_queue.ImportJobRepositoryTests.test_enqueue_process_requested_keeps_rabbitmq_envelope_small) ... ok
test_general_import_confirm_queues_import_job_in_rabbitmq_mode (test_import_job_queue.ImportJobRepositoryTests.test_general_import_confirm_queues_import_job_in_rabbitmq_mode) ... ok
test_import_fact_changed_handler_completes_matching_dirty_scope (test_import_job_queue.ImportJobRepositoryTests.test_import_fact_changed_handler_completes_matching_dirty_scope) ... ok
test_invoice_relation_scope_helpers_split_input_and_output_file_months (test_import_job_queue.ImportJobRepositoryTests.test_invoice_relation_scope_helpers_split_input_and_output_file_months) ... ok
test_tax_certified_import_confirm_queue_result_can_be_polled (test_import_job_queue.ImportJobRepositoryTests.test_tax_certified_import_confirm_queue_result_can_be_polled) ... ok
test_tax_offset_scope_helpers_ignore_bank_transaction_files (test_import_job_queue.ImportJobRepositoryTests.test_tax_offset_scope_helpers_ignore_bank_transaction_files) ... ok
test_worker_check_claims_import_fact_changed_in_postgres_mode (test_import_job_queue.ImportJobRepositoryTests.test_worker_check_claims_import_fact_changed_in_postgres_mode) ... ok
test_worker_check_exposes_import_job_handler_and_route (test_import_job_queue.ImportJobRepositoryTests.test_worker_check_exposes_import_job_handler_and_route) ... ok
test_worker_marks_unknown_processor_failed_without_throwing (test_import_job_queue.ImportJobRepositoryTests.test_worker_marks_unknown_processor_failed_without_throwing) ... ok
test_worker_runs_registered_processor_and_marks_success (test_import_job_queue.ImportJobRepositoryTests.test_worker_runs_registered_processor_and_marks_success) ... ok
test_bank_transaction_date_only_time_has_no_identity (test_import_preview_audit.ImportPreviewAuditTests.test_bank_transaction_date_only_time_has_no_identity) ... ok
test_bank_transaction_duplicate_group_rows_include_decision_and_display_fields (test_import_preview_audit.ImportPreviewAuditTests.test_bank_transaction_duplicate_group_rows_include_decision_and_display_fields) ... ok
test_bank_transaction_same_serial_on_different_accounts_is_not_duplicate (test_import_preview_audit.ImportPreviewAuditTests.test_bank_transaction_same_serial_on_different_accounts_is_not_duplicate) ... ok
test_bank_transaction_without_official_serial_uses_stable_business_identity (test_import_preview_audit.ImportPreviewAuditTests.test_bank_transaction_without_official_serial_uses_stable_business_identity) ... ok
test_invoice_placeholder_digital_number_falls_back_to_code_and_number (test_import_preview_audit.ImportPreviewAuditTests.test_invoice_placeholder_digital_number_falls_back_to_code_and_number) ... ok
test_same_digital_invoice_number_is_grouped_as_duplicate (test_import_preview_audit.ImportPreviewAuditTests.test_same_digital_invoice_number_is_grouped_as_duplicate) ... ok
test_bank_transaction_missing_second_level_time_imports_without_stable_identity (test_import_service.ImportNormalizationServiceTests.test_bank_transaction_missing_second_level_time_imports_without_stable_identity) ... ok
test_bank_transaction_same_serial_but_different_identity_is_not_duplicate (test_import_service.ImportNormalizationServiceTests.test_bank_transaction_same_serial_but_different_identity_is_not_duplicate) ... ok
test_bank_transaction_unique_key_includes_account_number (test_import_service.ImportNormalizationServiceTests.test_bank_transaction_unique_key_includes_account_number) ... ok
test_confirm_import_persists_created_rows_and_updates_source_status (test_import_service.ImportNormalizationServiceTests.test_confirm_import_persists_created_rows_and_updates_source_status) ... ok
test_confirm_import_preserves_selected_bank_mapping_fields_on_created_transactions (test_import_service.ImportNormalizationServiceTests.test_confirm_import_preserves_selected_bank_mapping_fields_on_created_transactions) ... ok
test_confirm_import_refreshes_invoice_identity_in_bulk (test_import_service.ImportNormalizationServiceTests.test_confirm_import_refreshes_invoice_identity_in_bulk) ... ok
test_confirm_import_rolls_back_when_submitted_etc_lookup_fails (test_import_service.ImportNormalizationServiceTests.test_confirm_import_rolls_back_when_submitted_etc_lookup_fails) ... ok
test_confirm_import_skips_duplicate_invoice_from_later_preview_batch (test_import_service.ImportNormalizationServiceTests.test_confirm_import_skips_duplicate_invoice_from_later_preview_batch) ... ok
test_confirm_import_skips_duplicate_invoice_rows_within_same_batch (test_import_service.ImportNormalizationServiceTests.test_confirm_import_skips_duplicate_invoice_rows_within_same_batch) ... ok
test_existing_canonical_invoice_drops_weak_fingerprint_on_load (test_import_service.ImportNormalizationServiceTests.test_existing_canonical_invoice_drops_weak_fingerprint_on_load) ... ok
test_input_invoice_import_links_existing_submitted_etc_metadata_when_formal_invoice_arrives_later (test_import_service.ImportNormalizationServiceTests.test_input_invoice_import_links_existing_submitted_etc_metadata_when_formal_invoice_arrives_later) ... ok
test_input_invoice_import_marks_etc_tag_when_source_or_tags_indicate_etc (test_import_service.ImportNormalizationServiceTests.test_input_invoice_import_marks_etc_tag_when_source_or_tags_indicate_etc) ... ok
test_input_invoice_import_merges_existing_etc_canonical_invoice_without_duplicate (test_import_service.ImportNormalizationServiceTests.test_input_invoice_import_merges_existing_etc_canonical_invoice_without_duplicate) ... ok
test_invoice_identity_service_uses_tax_amount_canonical_key_and_only_suspects_weak_match (test_import_service.ImportNormalizationServiceTests.test_invoice_identity_service_uses_tax_amount_canonical_key_and_only_suspects_weak_match) ... ok
test_invoice_placeholder_digital_number_does_not_mask_stable_code_number_key (test_import_service.ImportNormalizationServiceTests.test_invoice_placeholder_digital_number_does_not_mask_stable_code_number_key) ... ok
test_oa_attachment_allow_create_accepts_formal_document_kind_without_evidence_type (test_import_service.ImportNormalizationServiceTests.test_oa_attachment_allow_create_accepts_formal_document_kind_without_evidence_type) ... ok
test_oa_attachment_allow_create_requires_formal_invoice_evidence (test_import_service.ImportNormalizationServiceTests.test_oa_attachment_allow_create_requires_formal_invoice_evidence) ... ok
test_oa_attachment_allow_create_requires_strong_invoice_identity (test_import_service.ImportNormalizationServiceTests.test_oa_attachment_allow_create_requires_strong_invoice_identity) ... ok
test_oa_attachment_invoice_upsert_creates_canonical_invoice_with_source_context (test_import_service.ImportNormalizationServiceTests.test_oa_attachment_invoice_upsert_creates_canonical_invoice_with_source_context) ... ok
test_oa_attachment_invoice_upsert_merges_existing_canonical_invoice (test_import_service.ImportNormalizationServiceTests.test_oa_attachment_invoice_upsert_merges_existing_canonical_invoice) ... ok
test_oa_attachment_non_tax_receipt_is_not_promoted_as_formal_invoice (test_import_service.ImportNormalizationServiceTests.test_oa_attachment_non_tax_receipt_is_not_promoted_as_formal_invoice) ... ok
test_preview_bank_transaction_normalizes_direction_and_skips_existing_identity (test_import_service.ImportNormalizationServiceTests.test_preview_bank_transaction_normalizes_direction_and_skips_existing_identity) ... ok
test_preview_import_preloads_invoice_identity_in_bulk (test_import_service.ImportNormalizationServiceTests.test_preview_import_preloads_invoice_identity_in_bulk) ... ok
test_preview_output_invoice_classifies_rows_across_all_decision_types (test_import_service.ImportNormalizationServiceTests.test_preview_output_invoice_classifies_rows_across_all_decision_types) ... ok
test_preview_snapshot_can_exclude_formalized_facts (test_import_service.ImportNormalizationServiceTests.test_preview_snapshot_can_exclude_formalized_facts) ... ok
test_upsert_etc_invoice_does_not_create_missing_canonical_invoice_by_default (test_import_service.ImportNormalizationServiceTests.test_upsert_etc_invoice_does_not_create_missing_canonical_invoice_by_default) ... ok
test_upsert_etc_invoice_links_same_amount_same_day_existing_invoices_distinctly (test_import_service.ImportNormalizationServiceTests.test_upsert_etc_invoice_links_same_amount_same_day_existing_invoices_distinctly) ... ok
test_bank_filter_options_and_invoice_date_sort_are_http_contract_fields (test_input_invoice_usage_api.InputInvoiceUsageApiTests.test_bank_filter_options_and_invoice_date_sort_are_http_contract_fields) ... ok
test_export_preview_and_download_use_current_input_invoice_usage_filters (test_input_invoice_usage_api.InputInvoiceUsageApiTests.test_export_preview_and_download_use_current_input_invoice_usage_filters) ... ok
test_export_returns_refreshing_when_sql_read_model_is_not_fresh (test_input_invoice_usage_api.InputInvoiceUsageApiTests.test_export_returns_refreshing_when_sql_read_model_is_not_fresh) ... ok
test_filter_options_payment_rules_details_and_relation_routes (test_input_invoice_usage_api.InputInvoiceUsageApiTests.test_filter_options_payment_rules_details_and_relation_routes) ... ok
test_oa_reverse_draft_route_creates_draft_then_waits_for_user_submission_confirmation (test_input_invoice_usage_api.InputInvoiceUsageApiTests.test_oa_reverse_draft_route_creates_draft_then_waits_for_user_submission_confirmation) ... ok
test_oa_reverse_full_flow_uses_admin_saved_target_applicant_credential (test_input_invoice_usage_api.InputInvoiceUsageApiTests.test_oa_reverse_full_flow_uses_admin_saved_target_applicant_credential) ... ok
test_oa_reverse_not_submitted_api_flow_returns_to_create_ready_and_recreates (test_input_invoice_usage_api.InputInvoiceUsageApiTests.test_oa_reverse_not_submitted_api_flow_returns_to_create_ready_and_recreates) ... ok
test_oa_reverse_one_step_draft_route_returns_missing_credential_error (test_input_invoice_usage_api.InputInvoiceUsageApiTests.test_oa_reverse_one_step_draft_route_returns_missing_credential_error) ... ok
test_oa_reverse_one_step_draft_route_uses_target_applicant_provider (test_input_invoice_usage_api.InputInvoiceUsageApiTests.test_oa_reverse_one_step_draft_route_uses_target_applicant_provider) ... ok
test_oa_reverse_preview_batch_and_missing_client_draft_routes_are_formal_workflow (test_input_invoice_usage_api.InputInvoiceUsageApiTests.test_oa_reverse_preview_batch_and_missing_client_draft_routes_are_formal_workflow) ... ok
test_oa_reverse_preview_marks_candidate_oa_relation_as_non_selectable (test_input_invoice_usage_api.InputInvoiceUsageApiTests.test_oa_reverse_preview_marks_candidate_oa_relation_as_non_selectable) ... ok
test_oa_reverse_staged_drafts_route_returns_created_drafts_for_recovery (test_input_invoice_usage_api.InputInvoiceUsageApiTests.test_oa_reverse_staged_drafts_route_returns_created_drafts_for_recovery) ... ok
test_oa_reverse_status_refresh_returns_relation_command_conflict_without_saving_detected_batch (test_input_invoice_usage_api.InputInvoiceUsageApiTests.test_oa_reverse_status_refresh_returns_relation_command_conflict_without_saving_detected_batch) ... ok
test_relation_details_compare_source_versions_with_row_scope (test_input_invoice_usage_api.InputInvoiceUsageApiTests.test_relation_details_compare_source_versions_with_row_scope) ... ok
test_relation_details_require_sql_repository_in_production_without_live_rebuild (test_input_invoice_usage_api.InputInvoiceUsageApiTests.test_relation_details_require_sql_repository_in_production_without_live_rebuild) ... ok
test_relation_details_use_input_invoice_usage_read_model_row_without_live_rebuild (test_input_invoice_usage_api.InputInvoiceUsageApiTests.test_relation_details_use_input_invoice_usage_read_model_row_without_live_rebuild) ... ok
test_routes_return_structured_validation_and_not_found_errors (test_input_invoice_usage_api.InputInvoiceUsageApiTests.test_routes_return_structured_validation_and_not_found_errors) ... ok
test_rows_and_relation_details_return_multi_relation_totals_for_oa_bank_and_invoice (test_input_invoice_usage_api.InputInvoiceUsageApiTests.test_rows_and_relation_details_return_multi_relation_totals_for_oa_bank_and_invoice) ... ok
test_rows_route_returns_aggregated_rows_with_filters_sort_and_pagination (test_input_invoice_usage_api.InputInvoiceUsageApiTests.test_rows_route_returns_aggregated_rows_with_filters_sort_and_pagination) ... ok
test_export_preview_collects_filtered_rows_and_formats_sample_columns (test_input_invoice_usage_export_service.InputInvoiceUsageExportServiceTests.test_export_preview_collects_filtered_rows_and_formats_sample_columns) ... ok
test_export_xlsx_uses_same_rows_and_column_order (test_input_invoice_usage_export_service.InputInvoiceUsageExportServiceTests.test_export_xlsx_uses_same_rows_and_column_order) ... ok
test_preview_returns_refreshing_payload_and_export_rejects_stale_read_model (test_input_invoice_usage_export_service.InputInvoiceUsageExportServiceTests.test_preview_returns_refreshing_payload_and_export_rejects_stale_read_model) ... ok
test_row_limit_is_enforced_before_building_workbook (test_input_invoice_usage_export_service.InputInvoiceUsageExportServiceTests.test_row_limit_is_enforced_before_building_workbook) ... ok
test_create_batch_is_idempotent_and_persists_audit_metadata (test_input_invoice_usage_oa_reverse_service.InputInvoiceUsageOaReverseServiceTests.test_create_batch_is_idempotent_and_persists_audit_metadata) ... ok
test_create_oa_draft_from_selection_creates_internal_batch_and_uses_target_provider (test_input_invoice_usage_oa_reverse_service.InputInvoiceUsageOaReverseServiceTests.test_create_oa_draft_from_selection_creates_internal_batch_and_uses_target_provider) ... ok
test_create_oa_draft_from_selection_missing_target_credential_does_not_create_batch (test_input_invoice_usage_oa_reverse_service.InputInvoiceUsageOaReverseServiceTests.test_create_oa_draft_from_selection_missing_target_credential_does_not_create_batch) ... ok
test_create_oa_draft_missing_client_records_failed_recoverable_batch_without_fake_success (test_input_invoice_usage_oa_reverse_service.InputInvoiceUsageOaReverseServiceTests.test_create_oa_draft_missing_client_records_failed_recoverable_batch_without_fake_success) ... ok
test_create_oa_draft_rejects_stale_expected_version (test_input_invoice_usage_oa_reverse_service.InputInvoiceUsageOaReverseServiceTests.test_create_oa_draft_rejects_stale_expected_version) ... ok
test_create_oa_draft_uses_selected_applicant_form_data_and_waits_for_user_submission_choice (test_input_invoice_usage_oa_reverse_service.InputInvoiceUsageOaReverseServiceTests.test_create_oa_draft_uses_selected_applicant_form_data_and_waits_for_user_submission_choice) ... ok
test_preview_marks_oa_candidate_relations_without_treating_them_as_unlinked (test_input_invoice_usage_oa_reverse_service.InputInvoiceUsageOaReverseServiceTests.test_preview_marks_oa_candidate_relations_without_treating_them_as_unlinked) ... ok
test_preview_returns_backend_candidates_rejections_display_rows_and_hash (test_input_invoice_usage_oa_reverse_service.InputInvoiceUsageOaReverseServiceTests.test_preview_returns_backend_candidates_rejections_display_rows_and_hash) ... ok
test_revoke_releases_local_draft_binding_and_keeps_external_draft_metadata_in_detection_payload (test_input_invoice_usage_oa_reverse_service.InputInvoiceUsageOaReverseServiceTests.test_revoke_releases_local_draft_binding_and_keeps_external_draft_metadata_in_detection_payload) ... ok
test_staged_drafts_returns_created_drafts_waiting_for_user_decision (test_input_invoice_usage_oa_reverse_service.InputInvoiceUsageOaReverseServiceTests.test_staged_drafts_returns_created_drafts_waiting_for_user_decision) ... ok
test_status_refresh_with_evidence_updates_detection_and_calls_relation_writer_once (test_input_invoice_usage_oa_reverse_service.InputInvoiceUsageOaReverseServiceTests.test_status_refresh_with_evidence_updates_detection_and_calls_relation_writer_once) ... ok
test_status_refresh_without_evidence_does_not_create_relation_or_complete_batch (test_input_invoice_usage_oa_reverse_service.InputInvoiceUsageOaReverseServiceTests.test_status_refresh_without_evidence_does_not_create_relation_or_complete_batch) ... ok
test_user_can_mark_created_oa_draft_not_submitted_and_return_to_create_state (test_input_invoice_usage_oa_reverse_service.InputInvoiceUsageOaReverseServiceTests.test_user_can_mark_created_oa_draft_not_submitted_and_return_to_create_state) ... ok
test_workbench_relation_writer_delegates_to_relation_command_service (test_input_invoice_usage_oa_reverse_service.InputInvoiceUsageOaReverseServiceTests.test_workbench_relation_writer_delegates_to_relation_command_service) ... ok
test_workbench_relation_writer_requires_relation_command_service (test_input_invoice_usage_oa_reverse_service.InputInvoiceUsageOaReverseServiceTests.test_workbench_relation_writer_requires_relation_command_service) ... ok
test_default_rules_are_editable_versioned_payload (test_input_invoice_usage_payment_rules.InputInvoiceUsagePaymentRulesTests.test_default_rules_are_editable_versioned_payload) ... ok
test_put_rules_handler_saves_and_enqueues_refresh (test_input_invoice_usage_payment_rules.InputInvoiceUsagePaymentRulesTests.test_put_rules_handler_saves_and_enqueues_refresh) ... ok
test_query_service_uses_injected_rules_provider_for_payload_and_row_status (test_input_invoice_usage_payment_rules.InputInvoiceUsagePaymentRulesTests.test_query_service_uses_injected_rules_provider_for_payload_and_row_status) ... ok
test_rules_update_persists_audits_and_returns_invalidation_event (test_input_invoice_usage_payment_rules.InputInvoiceUsagePaymentRulesTests.test_rules_update_persists_audits_and_returns_invalidation_event) ... ok
test_rules_update_validates_version_idempotency_and_supported_constraints (test_input_invoice_usage_payment_rules.InputInvoiceUsagePaymentRulesTests.test_rules_update_validates_version_idempotency_and_supported_constraints) ... ok
test_schema_stale_payload_enqueues_refresh_without_marking_fresh (test_input_invoice_usage_read_model_fresh_gate_service.InputInvoiceUsageReadModelFreshGateServiceTests.test_schema_stale_payload_enqueues_refresh_without_marking_fresh) ... ok
test_source_version_stale_payload_includes_stale_reasons (test_input_invoice_usage_read_model_fresh_gate_service.InputInvoiceUsageReadModelFreshGateServiceTests.test_source_version_stale_payload_includes_stale_reasons) ... ok
test_candidate_relations_are_displayed_without_marking_invoice_paid (test_input_invoice_usage_service.InputInvoiceUsageQueryServiceTests.test_candidate_relations_are_displayed_without_marking_invoice_paid) ... ok
test_canonical_filter_validation_rejects_unknown_fields_and_operators (test_input_invoice_usage_service.InputInvoiceUsageQueryServiceTests.test_canonical_filter_validation_rejects_unknown_fields_and_operators) ... ok
test_default_rows_read_repository_invoice_facts_when_memory_snapshot_is_empty (test_input_invoice_usage_service.InputInvoiceUsageQueryServiceTests.test_default_rows_read_repository_invoice_facts_when_memory_snapshot_is_empty) ... ok
test_details_and_filter_options_have_complete_contract_shape (test_input_invoice_usage_service.InputInvoiceUsageQueryServiceTests.test_details_and_filter_options_have_complete_contract_shape) ... ok
test_filter_options_are_built_from_all_matching_rows_not_first_page_only (test_input_invoice_usage_service.InputInvoiceUsageQueryServiceTests.test_filter_options_are_built_from_all_matching_rows_not_first_page_only) ... ok
test_import_invoices_are_aggregated_one_row_per_digital_invoice_and_detail_preserves_line_items (test_input_invoice_usage_service.InputInvoiceUsageQueryServiceTests.test_import_invoices_are_aggregated_one_row_per_digital_invoice_and_detail_preserves_line_items) ... ok
test_invoice_identity_falls_back_to_code_number_then_stable_id (test_input_invoice_usage_service.InputInvoiceUsageQueryServiceTests.test_invoice_identity_falls_back_to_code_number_then_stable_id) ... ok
test_list_rows_batches_repository_bank_reads_across_all_invoice_rows (test_input_invoice_usage_service.InputInvoiceUsageQueryServiceTests.test_list_rows_batches_repository_bank_reads_across_all_invoice_rows) ... ok
test_month_scope_unlinked_row_does_not_hide_cross_month_linked_relation (test_input_invoice_usage_service.InputInvoiceUsageQueryServiceTests.test_month_scope_unlinked_row_does_not_hide_cross_month_linked_relation) ... ok
test_no_bank_oa_rules_prioritize_offset_applicants_before_waiting_payment (test_input_invoice_usage_service.InputInvoiceUsageQueryServiceTests.test_no_bank_oa_rules_prioritize_offset_applicants_before_waiting_payment) ... ok
test_oa_and_bank_two_column_filters_are_and_filters_with_display_options (test_input_invoice_usage_service.InputInvoiceUsageQueryServiceTests.test_oa_and_bank_two_column_filters_are_and_filters_with_display_options) ... ok
test_oa_attachment_source_relation_displays_for_promoted_formal_invoice (test_input_invoice_usage_service.InputInvoiceUsageQueryServiceTests.test_oa_attachment_source_relation_displays_for_promoted_formal_invoice) ... ok
test_one_to_many_oa_and_bank_relations_include_deterministic_primary_and_all_summaries (test_input_invoice_usage_service.InputInvoiceUsageQueryServiceTests.test_one_to_many_oa_and_bank_relations_include_deterministic_primary_and_all_summaries) ... ok
test_page_size_limit_protects_first_screen_slo (test_input_invoice_usage_service.InputInvoiceUsageQueryServiceTests.test_page_size_limit_protects_first_screen_slo) ... ok
test_pagination_filter_and_sort_are_server_side_contracts (test_input_invoice_usage_service.InputInvoiceUsageQueryServiceTests.test_pagination_filter_and_sort_are_server_side_contracts) ... ok
test_payment_status_uses_linked_oa_and_bank_totals_for_multi_relation (test_input_invoice_usage_service.InputInvoiceUsageQueryServiceTests.test_payment_status_uses_linked_oa_and_bank_totals_for_multi_relation) ... ok
test_payment_status_uses_priority_and_requires_provable_full_match (test_input_invoice_usage_service.InputInvoiceUsageQueryServiceTests.test_payment_status_uses_priority_and_requires_provable_full_match) ... ok
test_dashboard_sync_and_retry_round_trip (test_integration_api.OAIntegrationApiTests.test_dashboard_sync_and_retry_round_trip) ... ok
test_sync_all_persists_projects_documents_and_supports_retry_linkage (test_integration_service.IntegrationHubServiceTests.test_sync_all_persists_projects_documents_and_supports_retry_linkage) ... ok
test_sync_counterparties_maps_existing_counterparty_and_records_run (test_integration_service.IntegrationHubServiceTests.test_sync_counterparties_maps_existing_counterparty_and_records_run) ... ok
test_formal_attachment_not_in_pool_can_create_and_link (test_invoice_attachment_recognition_service.InvoiceAttachmentRecognitionServiceTests.test_formal_attachment_not_in_pool_can_create_and_link) ... ok
test_formal_attachment_with_ambiguous_existing_identity_is_ignored (test_invoice_attachment_recognition_service.InvoiceAttachmentRecognitionServiceTests.test_formal_attachment_with_ambiguous_existing_identity_is_ignored) ... ok
test_formal_attachment_with_existing_identity_links_existing_invoice (test_invoice_attachment_recognition_service.InvoiceAttachmentRecognitionServiceTests.test_formal_attachment_with_existing_identity_links_existing_invoice) ... ok
test_formal_document_kind_without_evidence_type_can_create_and_link (test_invoice_attachment_recognition_service.InvoiceAttachmentRecognitionServiceTests.test_formal_document_kind_without_evidence_type_can_create_and_link) ... ok
test_incomplete_ocr_identity_is_ignored (test_invoice_attachment_recognition_service.InvoiceAttachmentRecognitionServiceTests.test_incomplete_ocr_identity_is_ignored) ... ok
test_missing_evidence_type_with_full_invoice_identity_is_ignored (test_invoice_attachment_recognition_service.InvoiceAttachmentRecognitionServiceTests.test_missing_evidence_type_with_full_invoice_identity_is_ignored) ... ok
test_non_tax_receipt_is_ignored (test_invoice_attachment_recognition_service.InvoiceAttachmentRecognitionServiceTests.test_non_tax_receipt_is_ignored) ... ok
test_traffic_payment_ticket_is_ignored (test_invoice_attachment_recognition_service.InvoiceAttachmentRecognitionServiceTests.test_traffic_payment_ticket_is_ignored) ... ok
test_unknown_evidence_with_full_invoice_identity_is_ignored (test_invoice_attachment_recognition_service.InvoiceAttachmentRecognitionServiceTests.test_unknown_evidence_with_full_invoice_identity_is_ignored) ... ok
test_builds_inventory_stats_from_canonical_invoices_and_oa_snapshots (test_invoice_inventory_stats_service.InvoiceInventoryStatsServiceTests.test_builds_inventory_stats_from_canonical_invoices_and_oa_snapshots) ... ok
test_execute_falls_back_to_all_and_defaults_reason (test_invoice_lifecycle_derived_lifecycle_executor.InvoiceLifecycleDerivedLifecycleExecutorTests.test_execute_falls_back_to_all_and_defaults_reason) ... ok
test_execute_prefers_explicit_scope_keys_and_forwards_metadata (test_invoice_lifecycle_derived_lifecycle_executor.InvoiceLifecycleDerivedLifecycleExecutorTests.test_execute_prefers_explicit_scope_keys_and_forwards_metadata) ... ok
test_input_invoice_usage_rows_delegate_payment_status_to_lifecycle_policy (test_invoice_lifecycle_page_integration.InvoiceLifecyclePageIntegrationTests.test_input_invoice_usage_rows_delegate_payment_status_to_lifecycle_policy) ... ok
test_oa_pending_payment_rows_delegate_payment_status_to_lifecycle_policy (test_invoice_lifecycle_page_integration.InvoiceLifecyclePageIntegrationTests.test_oa_pending_payment_rows_delegate_payment_status_to_lifecycle_policy) ... ok
test_output_invoice_collection_rows_delegate_collection_status_to_lifecycle_policy (test_invoice_lifecycle_page_integration.InvoiceLifecyclePageIntegrationTests.test_output_invoice_collection_rows_delegate_collection_status_to_lifecycle_policy) ... ok
test_pending_invoice_rows_delegate_acquisition_status_to_lifecycle_policy (test_invoice_lifecycle_page_integration.InvoiceLifecyclePageIntegrationTests.test_pending_invoice_rows_delegate_acquisition_status_to_lifecycle_policy) ... ok
test_oa_payment_statuses_do_not_expose_grouping_or_overpaid_codes (test_invoice_lifecycle_policy.InvoiceLifecyclePolicyTests.test_oa_payment_statuses_do_not_expose_grouping_or_overpaid_codes) ... ok
test_unifies_input_invoice_payment_status_with_configurable_rules (test_invoice_lifecycle_policy.InvoiceLifecyclePolicyTests.test_unifies_input_invoice_payment_status_with_configurable_rules) ... ok
test_unifies_output_invoice_collection_status (test_invoice_lifecycle_policy.InvoiceLifecyclePolicyTests.test_unifies_output_invoice_collection_status) ... ok
test_unifies_pending_invoice_acquisition_status_shape (test_invoice_lifecycle_policy.InvoiceLifecyclePolicyTests.test_unifies_pending_invoice_acquisition_status_shape) ... ok
test_unifies_tax_certification_status (test_invoice_lifecycle_policy.InvoiceLifecyclePolicyTests.test_unifies_tax_certification_status) ... ok
test_get_by_subject_ids_returns_fresh_lifecycle_rows (test_invoice_lifecycle_read_facade.InvoiceLifecycleReadFacadeTests.test_get_by_subject_ids_returns_fresh_lifecycle_rows) ... ok
test_list_by_month_passes_subject_type_filter (test_invoice_lifecycle_read_facade.InvoiceLifecycleReadFacadeTests.test_list_by_month_passes_subject_type_filter) ... ok
test_non_fresh_result_enqueues_invoice_lifecycle_refresh (test_invoice_lifecycle_read_facade.InvoiceLifecycleReadFacadeTests.test_non_fresh_result_enqueues_invoice_lifecycle_refresh) ... ok
test_port_excludes_unrelated_read_model_methods (test_invoice_lifecycle_read_facade.InvoiceLifecycleReadModelRepositoryPortTests.test_port_excludes_unrelated_read_model_methods) ... ok
test_expands_all_scope_into_month_shards (test_invoice_lifecycle_read_model_refresh.InvoiceLifecycleReadModelRefreshTests.test_expands_all_scope_into_month_shards) ... ok
test_rebuilds_month_scope_and_completes_dirty_scope (test_invoice_lifecycle_read_model_refresh.InvoiceLifecycleReadModelRefreshTests.test_rebuilds_month_scope_and_completes_dirty_scope) ... ok
test_source_version_that_becomes_stale_after_rebuild_does_not_complete (test_invoice_lifecycle_read_model_refresh.InvoiceLifecycleReadModelRefreshTests.test_source_version_that_becomes_stale_after_rebuild_does_not_complete) ... ok
test_stale_source_version_does_not_rebuild_or_complete (test_invoice_lifecycle_read_model_refresh.InvoiceLifecycleReadModelRefreshTests.test_stale_source_version_does_not_rebuild_or_complete) ... ok
test_cli_execute_blocks_sql_checksum_mismatch (test_invoice_pool_cleanup_tool.InvoicePoolCleanupToolTests.test_cli_execute_blocks_sql_checksum_mismatch) ... ok
test_cli_execute_rejects_review_only_sql_artifact (test_invoice_pool_cleanup_tool.InvoicePoolCleanupToolTests.test_cli_execute_rejects_review_only_sql_artifact) ... ok
test_cli_execute_requires_guards_and_never_runs_from_blocked_plan (test_invoice_pool_cleanup_tool.InvoicePoolCleanupToolTests.test_cli_execute_requires_guards_and_never_runs_from_blocked_plan) ... ok
test_cli_execute_requires_sql_artifact_after_preflight_passes (test_invoice_pool_cleanup_tool.InvoicePoolCleanupToolTests.test_cli_execute_requires_sql_artifact_after_preflight_passes) ... ok
test_cli_execute_runs_only_marker_sql_with_exact_checksum (test_invoice_pool_cleanup_tool.InvoicePoolCleanupToolTests.test_cli_execute_runs_only_marker_sql_with_exact_checksum) ... ok
test_cli_verify_final_requires_database_connection (test_invoice_pool_cleanup_tool.InvoicePoolCleanupToolTests.test_cli_verify_final_requires_database_connection) ... ok
test_cli_verify_input_files_does_not_require_backup_dir_or_database (test_invoice_pool_cleanup_tool.InvoicePoolCleanupToolTests.test_cli_verify_input_files_does_not_require_backup_dir_or_database) ... ok
test_default_resolution_uses_latest_backup_and_latest_available_dry_run (test_invoice_pool_cleanup_tool.InvoicePoolCleanupToolTests.test_default_resolution_uses_latest_backup_and_latest_available_dry_run) ... ok
test_preflight_accepts_scoped_backup_artifact_names (test_invoice_pool_cleanup_tool.InvoicePoolCleanupToolTests.test_preflight_accepts_scoped_backup_artifact_names) ... ok
test_preflight_accepts_scoped_backup_with_separate_dry_run_dir (test_invoice_pool_cleanup_tool.InvoicePoolCleanupToolTests.test_preflight_accepts_scoped_backup_with_separate_dry_run_dir) ... ok
test_preflight_blocks_soft_reference_strategy_before_execute (test_invoice_pool_cleanup_tool.InvoicePoolCleanupToolTests.test_preflight_blocks_soft_reference_strategy_before_execute) ... ok
test_preflight_blocks_when_app_etc_invoice_count_changed_since_dry_run (test_invoice_pool_cleanup_tool.InvoicePoolCleanupToolTests.test_preflight_blocks_when_app_etc_invoice_count_changed_since_dry_run) ... ok
test_preflight_blocks_when_app_invoice_count_changed_since_dry_run (test_invoice_pool_cleanup_tool.InvoicePoolCleanupToolTests.test_preflight_blocks_when_app_invoice_count_changed_since_dry_run) ... ok
test_preflight_blocks_when_backup_data_dump_alternatives_are_missing (test_invoice_pool_cleanup_tool.InvoicePoolCleanupToolTests.test_preflight_blocks_when_backup_data_dump_alternatives_are_missing) ... ok
test_preflight_passes_when_soft_reference_strategies_are_explicit (test_invoice_pool_cleanup_tool.InvoicePoolCleanupToolTests.test_preflight_passes_when_soft_reference_strategies_are_explicit) ... ok
test_verify_final_invoice_pool_blocks_polluted_current_state (test_invoice_pool_cleanup_tool.InvoicePoolCleanupToolTests.test_verify_final_invoice_pool_blocks_polluted_current_state) ... ok
test_verify_final_invoice_pool_blocks_when_excel_identity_is_missing (test_invoice_pool_cleanup_tool.InvoicePoolCleanupToolTests.test_verify_final_invoice_pool_blocks_when_excel_identity_is_missing) ... ok
test_verify_final_invoice_pool_can_use_excel_files_as_expected_identity_source (test_invoice_pool_cleanup_tool.InvoicePoolCleanupToolTests.test_verify_final_invoice_pool_can_use_excel_files_as_expected_identity_source) ... ok
test_verify_final_invoice_pool_passes_clean_reimport_invariants (test_invoice_pool_cleanup_tool.InvoicePoolCleanupToolTests.test_verify_final_invoice_pool_passes_clean_reimport_invariants) ... ok
test_verify_input_invoice_files_blocks_duplicate_or_missing_identity (test_invoice_pool_cleanup_tool.InvoicePoolCleanupToolTests.test_verify_input_invoice_files_blocks_duplicate_or_missing_identity) ... ok
test_verify_input_invoice_files_blocks_missing_file (test_invoice_pool_cleanup_tool.InvoicePoolCleanupToolTests.test_verify_input_invoice_files_blocks_missing_file) ... ok
test_verify_input_invoice_files_passes_for_expected_rows_and_unique_identities (test_invoice_pool_cleanup_tool.InvoicePoolCleanupToolTests.test_verify_input_invoice_files_passes_for_expected_rows_and_unique_identities) ... ok
test_default_plan_enqueues_all_scope_for_both_invoice_read_models (test_invoice_usage_collection_backfill.InvoiceUsageCollectionBackfillTests.test_default_plan_enqueues_all_scope_for_both_invoice_read_models) ... ok
test_dry_run_reports_plan_without_mutating_queue (test_invoice_usage_collection_backfill.InvoiceUsageCollectionBackfillTests.test_dry_run_reports_plan_without_mutating_queue) ... ok
test_execute_plan_enqueues_durable_refresh_events_with_priority_and_trace (test_invoice_usage_collection_backfill.InvoiceUsageCollectionBackfillTests.test_execute_plan_enqueues_durable_refresh_events_with_priority_and_trace) ... ok
test_expand_all_uses_target_specific_invoice_month_shards (test_invoice_usage_collection_backfill.InvoiceUsageCollectionBackfillTests.test_expand_all_uses_target_specific_invoice_month_shards) ... ok
test_invalid_scope_fails_fast (test_invoice_usage_collection_backfill.InvoiceUsageCollectionBackfillTests.test_invalid_scope_fails_fast) ... ok
test_runtime_backfill_script_dry_run_includes_invoice_read_models_without_enqueue_count (test_invoice_usage_collection_backfill.InvoiceUsageCollectionBackfillTests.test_runtime_backfill_script_dry_run_includes_invoice_read_models_without_enqueue_count) ... ok
test_runtime_backfill_worker_args_include_bank_detail_refresh_handler (test_invoice_usage_collection_backfill.InvoiceUsageCollectionBackfillTests.test_runtime_backfill_worker_args_include_bank_detail_refresh_handler) ... ok
test_worker_args_include_invoice_usage_collection_handlers (test_invoice_usage_collection_backfill.InvoiceUsageCollectionBackfillTests.test_worker_args_include_invoice_usage_collection_handlers) ... ok
test_port_excludes_unrelated_read_model_methods (test_invoice_usage_collection_sql_runtime.InputInvoiceUsageReadModelRepositoryPortTests.test_port_excludes_unrelated_read_model_methods) ... ok
test_input_api_all_scope_recovers_after_orphan_scope_prune (test_invoice_usage_collection_sql_runtime.InvoiceUsageCollectionSqlRuntimeTests.test_input_api_all_scope_recovers_after_orphan_scope_prune) ... ok
test_input_api_all_scope_uses_rows_when_month_relation_versions_differ (test_invoice_usage_collection_sql_runtime.InvoiceUsageCollectionSqlRuntimeTests.test_input_api_all_scope_uses_rows_when_month_relation_versions_differ) ... ok
test_input_api_miss_enqueues_refresh_without_live_scan (test_invoice_usage_collection_sql_runtime.InvoiceUsageCollectionSqlRuntimeTests.test_input_api_miss_enqueues_refresh_without_live_scan) ... ok
test_input_api_relation_source_version_mismatch_enqueues_refresh_without_stale_rows (test_invoice_usage_collection_sql_runtime.InvoiceUsageCollectionSqlRuntimeTests.test_input_api_relation_source_version_mismatch_enqueues_refresh_without_stale_rows) ... ok
test_input_api_requires_sql_repository_in_production_without_live_scan (test_invoice_usage_collection_sql_runtime.InvoiceUsageCollectionSqlRuntimeTests.test_input_api_requires_sql_repository_in_production_without_live_scan) ... ok
test_input_api_source_version_miss_enqueues_refresh_without_stale_rows (test_invoice_usage_collection_sql_runtime.InvoiceUsageCollectionSqlRuntimeTests.test_input_api_source_version_miss_enqueues_refresh_without_stale_rows) ... ok
test_input_projection_keeps_current_scope_relation_versions_after_cross_month_fallback (test_invoice_usage_collection_sql_runtime.InvoiceUsageCollectionSqlRuntimeTests.test_input_projection_keeps_current_scope_relation_versions_after_cross_month_fallback) ... ok
test_input_repository_all_scope_keeps_base_source_versions_when_relation_versions_differ (test_invoice_usage_collection_sql_runtime.InvoiceUsageCollectionSqlRuntimeTests.test_input_repository_all_scope_keeps_base_source_versions_when_relation_versions_differ) ... ok
test_input_repository_detail_lookup_uses_row_id_native_column (test_invoice_usage_collection_sql_runtime.InvoiceUsageCollectionSqlRuntimeTests.test_input_repository_detail_lookup_uses_row_id_native_column) ... ok
test_input_repository_prunes_orphan_scope_shards (test_invoice_usage_collection_sql_runtime.InvoiceUsageCollectionSqlRuntimeTests.test_input_repository_prunes_orphan_scope_shards) ... ok
test_input_repository_returns_fresh_empty_scope_without_api_miss (test_invoice_usage_collection_sql_runtime.InvoiceUsageCollectionSqlRuntimeTests.test_input_repository_returns_fresh_empty_scope_without_api_miss) ... ok
test_input_repository_save_persists_bank_account_and_direction_columns (test_invoice_usage_collection_sql_runtime.InvoiceUsageCollectionSqlRuntimeTests.test_input_repository_save_persists_bank_account_and_direction_columns) ... ok
test_input_repository_uses_native_bank_account_and_direction_columns (test_invoice_usage_collection_sql_runtime.InvoiceUsageCollectionSqlRuntimeTests.test_input_repository_uses_native_bank_account_and_direction_columns) ... ok
test_oa_refresh_handler_expands_all_scopes_and_completes_with_source_version (test_invoice_usage_collection_sql_runtime.InvoiceUsageCollectionSqlRuntimeTests.test_oa_refresh_handler_expands_all_scopes_and_completes_with_source_version) ... ok
test_oa_refresh_handler_skips_stale_source_version_before_rebuild (test_invoice_usage_collection_sql_runtime.InvoiceUsageCollectionSqlRuntimeTests.test_oa_refresh_handler_skips_stale_source_version_before_rebuild) ... ok
test_oa_repository_all_scope_aggregates_monthly_scope_source_versions (test_invoice_usage_collection_sql_runtime.InvoiceUsageCollectionSqlRuntimeTests.test_oa_repository_all_scope_aggregates_monthly_scope_source_versions) ... ok
test_oa_repository_all_scope_dedupes_cross_scope_relation_rows (test_invoice_usage_collection_sql_runtime.InvoiceUsageCollectionSqlRuntimeTests.test_oa_repository_all_scope_dedupes_cross_scope_relation_rows) ... ok
test_oa_repository_detail_lookups_use_native_columns (test_invoice_usage_collection_sql_runtime.InvoiceUsageCollectionSqlRuntimeTests.test_oa_repository_detail_lookups_use_native_columns) ... ok
test_oa_repository_save_persists_source_versions_and_bank_total (test_invoice_usage_collection_sql_runtime.InvoiceUsageCollectionSqlRuntimeTests.test_oa_repository_save_persists_source_versions_and_bank_total) ... ok
test_oa_repository_uses_native_columns_for_filters_sort_and_bank_total_summary (test_invoice_usage_collection_sql_runtime.InvoiceUsageCollectionSqlRuntimeTests.test_oa_repository_uses_native_columns_for_filters_sort_and_bank_total_summary) ... ok
test_output_api_all_scope_does_not_loop_on_relation_all_versions (test_invoice_usage_collection_sql_runtime.InvoiceUsageCollectionSqlRuntimeTests.test_output_api_all_scope_does_not_loop_on_relation_all_versions) ... ok
test_output_api_all_scope_ignores_stale_empty_month_scope_versions (test_invoice_usage_collection_sql_runtime.InvoiceUsageCollectionSqlRuntimeTests.test_output_api_all_scope_ignores_stale_empty_month_scope_versions) ... ok
test_output_api_relation_source_version_mismatch_enqueues_refresh_without_stale_rows (test_invoice_usage_collection_sql_runtime.InvoiceUsageCollectionSqlRuntimeTests.test_output_api_relation_source_version_mismatch_enqueues_refresh_without_stale_rows) ... ok
test_output_api_requires_sql_repository_in_production_without_live_scan (test_invoice_usage_collection_sql_runtime.InvoiceUsageCollectionSqlRuntimeTests.test_output_api_requires_sql_repository_in_production_without_live_scan) ... ok
test_output_api_schema_stale_enqueues_refresh_when_unified_relation_fields_missing (test_invoice_usage_collection_sql_runtime.InvoiceUsageCollectionSqlRuntimeTests.test_output_api_schema_stale_enqueues_refresh_when_unified_relation_fields_missing) ... ok
test_output_api_stale_returns_refreshing_without_stale_rows (test_invoice_usage_collection_sql_runtime.InvoiceUsageCollectionSqlRuntimeTests.test_output_api_stale_returns_refreshing_without_stale_rows) ... ok
test_output_repository_save_persists_oa_relation_columns (test_invoice_usage_collection_sql_runtime.InvoiceUsageCollectionSqlRuntimeTests.test_output_repository_save_persists_oa_relation_columns) ... ok
test_output_repository_uses_native_columns_for_filters_and_sort (test_invoice_usage_collection_sql_runtime.InvoiceUsageCollectionSqlRuntimeTests.test_output_repository_uses_native_columns_for_filters_and_sort) ... ok
test_projection_builder_does_not_release_pending_relation_when_oa_admission_projection_is_refreshing (test_invoice_usage_collection_sql_runtime.InvoiceUsageCollectionSqlRuntimeTests.test_projection_builder_does_not_release_pending_relation_when_oa_admission_projection_is_refreshing) ... ok
test_projection_builder_marks_empty_scopes_with_source_versions (test_invoice_usage_collection_sql_runtime.InvoiceUsageCollectionSqlRuntimeTests.test_projection_builder_marks_empty_scopes_with_source_versions) ... ok
test_projection_builder_persists_grouped_oa_pending_payment_relation_as_one_row (test_invoice_usage_collection_sql_runtime.InvoiceUsageCollectionSqlRuntimeTests.test_projection_builder_persists_grouped_oa_pending_payment_relation_as_one_row) ... ok
test_projection_builder_persists_invoice_relation_source_versions (test_invoice_usage_collection_sql_runtime.InvoiceUsageCollectionSqlRuntimeTests.test_projection_builder_persists_invoice_relation_source_versions) ... ok
test_projection_builder_prunes_invoice_usage_collection_scope_shards (test_invoice_usage_collection_sql_runtime.InvoiceUsageCollectionSqlRuntimeTests.test_projection_builder_prunes_invoice_usage_collection_scope_shards) ... ok
test_projection_builder_reads_completed_from_unified_projection_and_in_progress_from_admission (test_invoice_usage_collection_sql_runtime.InvoiceUsageCollectionSqlRuntimeTests.test_projection_builder_reads_completed_from_unified_projection_and_in_progress_from_admission) ... ok
test_projection_builder_releases_pending_relation_when_oa_admission_disappears (test_invoice_usage_collection_sql_runtime.InvoiceUsageCollectionSqlRuntimeTests.test_projection_builder_releases_pending_relation_when_oa_admission_disappears) ... ok
test_projection_builder_skips_unchanged_input_scope_without_resaving_rows (test_invoice_usage_collection_sql_runtime.InvoiceUsageCollectionSqlRuntimeTests.test_projection_builder_skips_unchanged_input_scope_without_resaving_rows) ... ok
test_projection_builder_uses_payment_status_table_as_oa_admission_source (test_invoice_usage_collection_sql_runtime.InvoiceUsageCollectionSqlRuntimeTests.test_projection_builder_uses_payment_status_table_as_oa_admission_source) ... ok
test_rabbitmq_event_types_include_invoice_usage_collection_read_models (test_invoice_usage_collection_sql_runtime.InvoiceUsageCollectionSqlRuntimeTests.test_rabbitmq_event_types_include_invoice_usage_collection_read_models) ... ok
test_refresh_handler_expands_all_scopes_and_completes_with_source_version (test_invoice_usage_collection_sql_runtime.InvoiceUsageCollectionSqlRuntimeTests.test_refresh_handler_expands_all_scopes_and_completes_with_source_version) ... ok
test_refresh_handler_requires_projection_builder_boundary (test_invoice_usage_collection_sql_runtime.InvoiceUsageCollectionSqlRuntimeTests.test_refresh_handler_requires_projection_builder_boundary) ... ok
test_port_excludes_unrelated_read_model_methods (test_invoice_usage_collection_sql_runtime.OutputInvoiceCollectionReadModelRepositoryPortTests.test_port_excludes_unrelated_read_model_methods) ... ok
test_reminder_run_and_ledger_status_update_round_trip (test_ledger_api.LedgerApiTests.test_reminder_run_and_ledger_status_update_round_trip) ... ok
test_workbench_confirm_auto_creates_ledger_and_supports_due_views (test_ledger_api.LedgerApiTests.test_workbench_confirm_auto_creates_ledger_and_supports_due_views) ... ok
test_exception_codes_generate_expected_follow_up_ledger_types (test_ledger_service.LedgerReminderServiceTests.test_exception_codes_generate_expected_follow_up_ledger_types) ... ok
test_partial_receivable_case_generates_payment_collection_ledger (test_ledger_service.LedgerReminderServiceTests.test_partial_receivable_case_generates_payment_collection_ledger) ... ok
test_payable_overpayment_generates_invoice_collection_ledger (test_ledger_service.LedgerReminderServiceTests.test_payable_overpayment_generates_invoice_collection_ledger) ... ok
test_schedule_and_run_reminders_are_repeatable_without_duplicates (test_ledger_service.LedgerReminderServiceTests.test_schedule_and_run_reminders_are_repeatable_without_duplicates) ... ok
test_dry_run_reports_missing_invoice_without_full_scan (test_link_existing_etc_batches_tool.LinkExistingEtcBatchesToolTests.test_dry_run_reports_missing_invoice_without_full_scan) ... ok
test_dry_run_returns_unavailable_when_identity_repository_is_missing (test_link_existing_etc_batches_tool.LinkExistingEtcBatchesToolTests.test_dry_run_returns_unavailable_when_identity_repository_is_missing) ... ok
test_dry_run_uses_identity_repository_for_canonical_invoice_lookup (test_link_existing_etc_batches_tool.LinkExistingEtcBatchesToolTests.test_dry_run_uses_identity_repository_for_canonical_invoice_lookup) ... ok
test_bank_rows_include_auto_effective_category_tags (test_live_workbench_service.LiveWorkbenchServiceTests.test_bank_rows_include_auto_effective_category_tags) ... ok
test_bank_rows_include_auto_internal_transfer_effective_category (test_live_workbench_service.LiveWorkbenchServiceTests.test_bank_rows_include_auto_internal_transfer_effective_category) ... ok
test_bank_rows_include_manual_category_and_historical_text_field_fallbacks (test_live_workbench_service.LiveWorkbenchServiceTests.test_bank_rows_include_manual_category_and_historical_text_field_fallbacks) ... ok
test_bank_rows_manual_category_history_does_not_override_auto_effective_category (test_live_workbench_service.LiveWorkbenchServiceTests.test_bank_rows_manual_category_history_does_not_override_auto_effective_category) ... ok
test_bank_rows_manual_clear_history_does_not_suppress_auto_effective_category (test_live_workbench_service.LiveWorkbenchServiceTests.test_bank_rows_manual_clear_history_does_not_suppress_auto_effective_category) ... ok
test_get_row_detail_uses_direct_lookup_without_rebuilding_cache (test_live_workbench_service.LiveWorkbenchServiceTests.test_get_row_detail_uses_direct_lookup_without_rebuilding_cache) ... ok
test_get_rows_detail_uses_direct_lookup_without_rebuilding_cache (test_live_workbench_service.LiveWorkbenchServiceTests.test_get_rows_detail_uses_direct_lookup_without_rebuilding_cache) ... ok
test_invoice_rows_expose_invoice_identity_fields_in_workbench_list (test_live_workbench_service.LiveWorkbenchServiceTests.test_invoice_rows_expose_invoice_identity_fields_in_workbench_list) ... ok
test_invoice_rows_fill_missing_party_fields_from_company_identity_and_counterparty (test_live_workbench_service.LiveWorkbenchServiceTests.test_invoice_rows_fill_missing_party_fields_from_company_identity_and_counterparty) ... ok
test_list_auto_pair_candidates_detects_internal_transfers_within_time_window (test_live_workbench_service.LiveWorkbenchServiceTests.test_list_auto_pair_candidates_detects_internal_transfers_within_time_window) ... ok
test_list_auto_pair_candidates_detects_salary_transactions_for_personal_counterparties (test_live_workbench_service.LiveWorkbenchServiceTests.test_list_auto_pair_candidates_detects_salary_transactions_for_personal_counterparties) ... ok
test_list_auto_pair_candidates_rejects_internal_transfer_when_income_and_expense_accounts_are_same (test_live_workbench_service.LiveWorkbenchServiceTests.test_list_auto_pair_candidates_rejects_internal_transfer_when_income_and_expense_accounts_are_same) ... ok
test_selected_bank_mapping_controls_payment_account_label (test_live_workbench_service.LiveWorkbenchServiceTests.test_selected_bank_mapping_controls_payment_account_label) ... ok
test_workbench_hides_legacy_demo_bank_transactions (test_live_workbench_service.LiveWorkbenchServiceTests.test_workbench_hides_legacy_demo_bank_transactions) ... ok
test_workbench_reads_month_scoped_rows_from_sql_fact_repository_without_snapshot_imports (test_live_workbench_service.LiveWorkbenchServiceTests.test_workbench_reads_month_scoped_rows_from_sql_fact_repository_without_snapshot_imports) ... ok
test_run_list_and_detail_matching_results (test_matching_api.MatchingApiTests.test_run_list_and_detail_matching_results) ... ok
test_run_creates_automatic_match_for_exact_one_to_one (test_matching_service.MatchingEngineServiceTests.test_run_creates_automatic_match_for_exact_one_to_one) ... ok
test_run_creates_low_confidence_suggestion_for_partial_match (test_matching_service.MatchingEngineServiceTests.test_run_creates_low_confidence_suggestion_for_partial_match) ... ok
test_run_creates_manual_review_when_no_confident_match_exists (test_matching_service.MatchingEngineServiceTests.test_run_creates_manual_review_when_no_confident_match_exists) ... ok
test_run_creates_suggested_match_for_many_invoices_one_transaction (test_matching_service.MatchingEngineServiceTests.test_run_creates_suggested_match_for_many_invoices_one_transaction) ... ok
test_dry_run_reports_ready_from_existing_submission_batch_without_scanning_all_invoices (test_migrate_historical_etc_business_batches_tool.MigrateHistoricalEtcBusinessBatchesToolTests.test_dry_run_reports_ready_from_existing_submission_batch_without_scanning_all_invoices) ... ok
test_historical_migration_refresh_is_noop_before_scope_invalidation (test_migrate_historical_etc_business_batches_tool.MigrateHistoricalEtcBusinessBatchesToolTests.test_historical_migration_refresh_is_noop_before_scope_invalidation) ... ok
test_tool_runtime_application_builder_uses_default_data_dir_when_none_is_provided (test_migrate_historical_etc_business_batches_tool.MigrateHistoricalEtcBusinessBatchesToolTests.test_tool_runtime_application_builder_uses_default_data_dir_when_none_is_provided) ... ok
test_attachment_invoice_dedupe_keys_delegate_to_identity_policy (test_mongo_oa_adapter.MongoOAAdapterTests.test_attachment_invoice_dedupe_keys_delegate_to_identity_policy) ... ok
test_background_attachment_parse_saves_cache_and_notifies_month (test_mongo_oa_adapter.MongoOAAdapterTests.test_background_attachment_parse_saves_cache_and_notifies_month) ... ok
test_default_projection_keeps_completed_rows_and_excludes_in_progress_rows (test_mongo_oa_adapter.MongoOAAdapterTests.test_default_projection_keeps_completed_rows_and_excludes_in_progress_rows) ... ok
test_expense_claim_aggregates_and_dedupes_attachment_invoices_across_schedule_items (test_mongo_oa_adapter.MongoOAAdapterTests.test_expense_claim_aggregates_and_dedupes_attachment_invoices_across_schedule_items) ... ok
test_expense_claim_attachment_invoice_cache_version_controls_reparse (test_mongo_oa_adapter.MongoOAAdapterTests.test_expense_claim_attachment_invoice_cache_version_controls_reparse) ... ok
test_expense_claim_attachment_invoices_are_exposed_on_record_and_summarized_in_detail_fields (test_mongo_oa_adapter.MongoOAAdapterTests.test_expense_claim_attachment_invoices_are_exposed_on_record_and_summarized_in_detail_fields) ... ok
test_expense_claim_attachment_list_shape_is_normalized_into_attachment_files (test_mongo_oa_adapter.MongoOAAdapterTests.test_expense_claim_attachment_list_shape_is_normalized_into_attachment_files) ... ok
test_expense_claim_binds_attachment_invoices_to_each_expense_item (test_mongo_oa_adapter.MongoOAAdapterTests.test_expense_claim_binds_attachment_invoices_to_each_expense_item) ... ok
test_expense_claim_falls_back_to_detail_sum_when_header_amount_is_invalid (test_mongo_oa_adapter.MongoOAAdapterTests.test_expense_claim_falls_back_to_detail_sum_when_header_amount_is_invalid) ... ok
test_expense_claim_ignores_internal_reimbursement_enum_and_keeps_standard_expense_type (test_mongo_oa_adapter.MongoOAAdapterTests.test_expense_claim_ignores_internal_reimbursement_enum_and_keeps_standard_expense_type) ... ok
test_expense_claim_ignores_legacy_attachment_invoice_cache_without_source_fields (test_mongo_oa_adapter.MongoOAAdapterTests.test_expense_claim_ignores_legacy_attachment_invoice_cache_without_source_fields) ... ok
test_expense_claim_normalizes_current_cache_entry_amount_to_net_amount (test_mongo_oa_adapter.MongoOAAdapterTests.test_expense_claim_normalizes_current_cache_entry_amount_to_net_amount) ... ok
test_expense_claim_oa_2035_parses_attachment_evidences_invoices_and_payment_receipts (test_mongo_oa_adapter.MongoOAAdapterTests.test_expense_claim_oa_2035_parses_attachment_evidences_invoices_and_payment_receipts) ... ok
test_expense_claim_records_amount_mismatch_when_header_and_detail_sum_differ (test_mongo_oa_adapter.MongoOAAdapterTests.test_expense_claim_records_amount_mismatch_when_header_and_detail_sum_differ) ... ok
test_expense_claim_reparses_stale_attachment_invoice_cache_entry (test_mongo_oa_adapter.MongoOAAdapterTests.test_expense_claim_reparses_stale_attachment_invoice_cache_entry) ... ok
test_expense_claim_schedules_background_attachment_parse_on_cache_miss (test_mongo_oa_adapter.MongoOAAdapterTests.test_expense_claim_schedules_background_attachment_parse_on_cache_miss) ... ok
test_expense_claim_single_item_does_not_duplicate_attachment_invoice_for_292_case (test_mongo_oa_adapter.MongoOAAdapterTests.test_expense_claim_single_item_does_not_duplicate_attachment_invoice_for_292_case) ... ok
test_expense_claim_single_project_display_keeps_real_project_and_dedupes_project_names (test_mongo_oa_adapter.MongoOAAdapterTests.test_expense_claim_single_project_display_keeps_real_project_and_dedupes_project_names) ... ok
test_expense_claim_uses_cached_attachment_invoices_without_sync_parsing (test_mongo_oa_adapter.MongoOAAdapterTests.test_expense_claim_uses_cached_attachment_invoices_without_sync_parsing) ... ok
test_expense_claim_uses_header_amount_before_detail_sum (test_mongo_oa_adapter.MongoOAAdapterTests.test_expense_claim_uses_header_amount_before_detail_sum) ... ok
test_expense_claim_uses_stable_attachment_key_for_source_binding (test_mongo_oa_adapter.MongoOAAdapterTests.test_expense_claim_uses_stable_attachment_key_for_source_binding) ... ok
test_fetch_projects_and_counterparties_derive_from_form_data (test_mongo_oa_adapter.MongoOAAdapterTests.test_fetch_projects_and_counterparties_derive_from_form_data) ... ok
test_form_status_normalizes_real_mongo_completed_and_in_progress_values (test_mongo_oa_adapter.MongoOAAdapterTests.test_form_status_normalizes_real_mongo_completed_and_in_progress_values) ... ok
test_import_settings_filter_form_types_and_statuses (test_mongo_oa_adapter.MongoOAAdapterTests.test_import_settings_filter_form_types_and_statuses) ... ok
test_invalidate_records_cache_clears_only_target_month_and_all_snapshot (test_mongo_oa_adapter.MongoOAAdapterTests.test_invalidate_records_cache_clears_only_target_month_and_all_snapshot) ... ok
test_list_all_application_records_returns_records_across_months (test_mongo_oa_adapter.MongoOAAdapterTests.test_list_all_application_records_returns_records_across_months) ... ok
test_list_application_records_applies_form_type_and_status_filters (test_mongo_oa_adapter.MongoOAAdapterTests.test_list_application_records_applies_form_type_and_status_filters) ... ok
test_list_application_records_by_row_ids_dedupes_new_and_legacy_expense_ids (test_mongo_oa_adapter.MongoOAAdapterTests.test_list_application_records_by_row_ids_dedupes_new_and_legacy_expense_ids) ... ok
test_list_application_records_by_row_ids_keeps_completed_and_in_progress_rows (test_mongo_oa_adapter.MongoOAAdapterTests.test_list_application_records_by_row_ids_keeps_completed_and_in_progress_rows) ... ok
test_list_application_records_by_row_ids_prefers_exact_new_id_over_legacy_prefix_candidate (test_mongo_oa_adapter.MongoOAAdapterTests.test_list_application_records_by_row_ids_prefers_exact_new_id_over_legacy_prefix_candidate) ... ok
test_list_application_records_by_row_ids_returns_only_requested_rows (test_mongo_oa_adapter.MongoOAAdapterTests.test_list_application_records_by_row_ids_returns_only_requested_rows) ... ok
test_list_application_records_maps_payment_requests_and_reimbursement_details (test_mongo_oa_adapter.MongoOAAdapterTests.test_list_application_records_maps_payment_requests_and_reimbursement_details) ... ok
test_list_application_records_projects_in_progress_workflow_status (test_mongo_oa_adapter.MongoOAAdapterTests.test_list_application_records_projects_in_progress_workflow_status) ... ok
test_list_application_records_returns_empty_when_mongo_is_unavailable (test_mongo_oa_adapter.MongoOAAdapterTests.test_list_application_records_returns_empty_when_mongo_is_unavailable) ... ok
test_list_application_records_uses_month_cache (test_mongo_oa_adapter.MongoOAAdapterTests.test_list_application_records_uses_month_cache) ... ok
test_list_available_months_retries_after_transient_query_failure (test_mongo_oa_adapter.MongoOAAdapterTests.test_list_available_months_retries_after_transient_query_failure) ... ok
test_list_available_months_returns_empty_when_mongo_is_unavailable (test_mongo_oa_adapter.MongoOAAdapterTests.test_list_available_months_returns_empty_when_mongo_is_unavailable) ... ok
test_list_available_months_uses_lightweight_projection (test_mongo_oa_adapter.MongoOAAdapterTests.test_list_available_months_uses_lightweight_projection) ... ok
test_list_oa_import_filter_options_normalizes_oa_names_and_excludes_unsupported_statuses (test_mongo_oa_adapter.MongoOAAdapterTests.test_list_oa_import_filter_options_normalizes_oa_names_and_excludes_unsupported_statuses) ... ok
test_load_form_documents_pushes_month_filter_into_query (test_mongo_oa_adapter.MongoOAAdapterTests.test_load_form_documents_pushes_month_filter_into_query) ... ok
test_mongo_outage_backoff_keeps_error_read_status (test_mongo_oa_adapter.MongoOAAdapterTests.test_mongo_outage_backoff_keeps_error_read_status) ... ok
test_mongo_outage_backoff_skips_repeated_queries_within_same_window (test_mongo_oa_adapter.MongoOAAdapterTests.test_mongo_outage_backoff_skips_repeated_queries_within_same_window) ... ok
test_payment_request_infers_expense_type_from_reason_when_explicit_field_is_missing (test_mongo_oa_adapter.MongoOAAdapterTests.test_payment_request_infers_expense_type_from_reason_when_explicit_field_is_missing) ... ok
test_payment_request_marks_etc_batch_from_oa_text_marker (test_mongo_oa_adapter.MongoOAAdapterTests.test_payment_request_marks_etc_batch_from_oa_text_marker) ... ok
test_poll_sync_fingerprints_hashes_enabled_oa_documents_by_month_and_all (test_mongo_oa_adapter.MongoOAAdapterTests.test_poll_sync_fingerprints_hashes_enabled_oa_documents_by_month_and_all) ... ok
test_refresh_application_record_attachments_forces_selected_records_only (test_mongo_oa_adapter.MongoOAAdapterTests.test_refresh_application_record_attachments_forces_selected_records_only) ... ok
test_search_application_record_rows_uses_paged_summary_without_attachment_parse (test_mongo_oa_adapter.MongoOAAdapterTests.test_search_application_record_rows_uses_paged_summary_without_attachment_parse) ... ok
test_search_application_records_uses_full_range_filters_without_global_import_settings (test_mongo_oa_adapter.MongoOAAdapterTests.test_search_application_records_uses_full_range_filters_without_global_import_settings) ... ok
test_sync_attachment_parse_saves_cache_without_background_notification (test_mongo_oa_adapter.MongoOAAdapterTests.test_sync_attachment_parse_saves_cache_without_background_notification) ... ok
test_backend_verification_checks_postgres_only_startup_contract_by_default (test_nightly_ci.NightlyCITests.test_backend_verification_checks_postgres_only_startup_contract_by_default) ... ok
test_e2e_smoke_script_includes_every_non_production_browser_spec (test_nightly_ci.NightlyCITests.test_e2e_smoke_script_includes_every_non_production_browser_spec) ... ok
test_infra_smoke_is_explicit_opt_in_and_does_not_run_in_verify_all (test_nightly_ci.NightlyCITests.test_infra_smoke_is_explicit_opt_in_and_does_not_run_in_verify_all) ... ok
test_nightly_workflow_runs_unified_verification_on_schedule_dispatch_and_main_push (test_nightly_ci.NightlyCITests.test_nightly_workflow_runs_unified_verification_on_schedule_dispatch_and_main_push) ... ok
test_runtime_check_is_explicit_opt_in_for_current_runtime_state (test_nightly_ci.NightlyCITests.test_runtime_check_is_explicit_opt_in_for_current_runtime_state) ... ok
test_verify_all_runs_backend_frontend_e2e_and_docs_checks (test_nightly_ci.NightlyCITests.test_verify_all_runs_backend_frontend_e2e_and_docs_checks) ... ok
test_bank_flow_submit_selection_appears_only_in_bank_flow_submitted_list (test_no_oa_bank_batch_api.NoOaBankBatchApiTests.test_bank_flow_submit_selection_appears_only_in_bank_flow_submitted_list) ... ok
test_bucket_filter_keeps_submitted_batch_after_category_drift (test_no_oa_bank_batch_api.NoOaBankBatchApiTests.test_bucket_filter_keeps_submitted_batch_after_category_drift) ... ok
test_bulk_submit_returns_partial_results (test_no_oa_bank_batch_api.NoOaBankBatchApiTests.test_bulk_submit_returns_partial_results) ... ok
test_detail_returns_batch_and_serialized_rows (test_no_oa_bank_batch_api.NoOaBankBatchApiTests.test_detail_returns_batch_and_serialized_rows) ... ok
test_detail_rows_include_workbench_relation_distribution_status (test_no_oa_bank_batch_api.NoOaBankBatchApiTests.test_detail_rows_include_workbench_relation_distribution_status) ... ok
test_invalid_json_body_returns_json_error (test_no_oa_bank_batch_api.NoOaBankBatchApiTests.test_invalid_json_body_returns_json_error) ... ok
test_list_returns_summary_and_batches (test_no_oa_bank_batch_api.NoOaBankBatchApiTests.test_list_returns_summary_and_batches) ... ok
test_list_summary_always_returns_managed_no_oa_categories (test_no_oa_bank_batch_api.NoOaBankBatchApiTests.test_list_summary_always_returns_managed_no_oa_categories) ... ok
test_list_summary_and_submitted_batches_use_current_bank_auto_tag_labels_after_rename (test_no_oa_bank_batch_api.NoOaBankBatchApiTests.test_list_summary_and_submitted_batches_use_current_bank_auto_tag_labels_after_rename) ... ok
test_list_uses_fact_repository_when_runtime_starts_without_transaction_snapshot (test_no_oa_bank_batch_api.NoOaBankBatchApiTests.test_list_uses_fact_repository_when_runtime_starts_without_transaction_snapshot) ... ok
test_submit_persists_batch_and_pair_relation_and_invalidates_workbench (test_no_oa_bank_batch_api.NoOaBankBatchApiTests.test_submit_persists_batch_and_pair_relation_and_invalidates_workbench) ... ok
test_submit_returns_error_and_rolls_back_when_no_oa_batch_persistence_fails (test_no_oa_bank_batch_api.NoOaBankBatchApiTests.test_submit_returns_error_and_rolls_back_when_no_oa_batch_persistence_fails) ... {"kind": "workbench_persistence_warning", "operation": "derived_lifecycle_workbench_read_model", "detail": "no-OA mutations must use the atomic persistence boundary", "timestamp": "2026-07-05T20:49:12.026567"}
{"kind": "cost_statistics_persistence_warning", "operation": "invalidate_cost_statistics_read_models", "detail": "'FailingNoOaBatchStore' object has no attribute 'save_cost_statistics_read_models'", "timestamp": "2026-07-05T20:49:12.026644"}
ok
test_submit_uses_canonical_relation_when_relation_read_model_is_not_fresh (test_no_oa_bank_batch_api.NoOaBankBatchApiTests.test_submit_uses_canonical_relation_when_relation_read_model_is_not_fresh) ... ok
test_submit_version_conflict_returns_409 (test_no_oa_bank_batch_api.NoOaBankBatchApiTests.test_submit_version_conflict_returns_409) ... ok
test_submitted_batch_after_category_drift_remains_withdrawable (test_no_oa_bank_batch_api.NoOaBankBatchApiTests.test_submitted_batch_after_category_drift_remains_withdrawable) ... ok
test_unknown_batch_returns_404 (test_no_oa_bank_batch_api.NoOaBankBatchApiTests.test_unknown_batch_returns_404) ... ok
test_unsubmitted_list_moves_internal_transfer_rows_occupied_by_manual_relation_to_submitted (test_no_oa_bank_batch_api.NoOaBankBatchApiTests.test_unsubmitted_list_moves_internal_transfer_rows_occupied_by_manual_relation_to_submitted) ... ok
test_withdraw_cancels_pair_relation_and_persists_snapshot (test_no_oa_bank_batch_api.NoOaBankBatchApiTests.test_withdraw_cancels_pair_relation_and_persists_snapshot) ... ok
test_after_mutation_persists_changed_cases_and_expanded_workbench_scopes (test_no_oa_bank_batch_application_service.NoOaBankBatchApplicationServiceTests.test_after_mutation_persists_changed_cases_and_expanded_workbench_scopes) ... ok
test_after_mutation_without_atomic_persistence_boundary_fails_fast (test_no_oa_bank_batch_application_service.NoOaBankBatchApplicationServiceTests.test_after_mutation_without_atomic_persistence_boundary_fails_fast) ... ok
test_after_mutation_without_persist_only_emits_lifecycle_event (test_no_oa_bank_batch_application_service.NoOaBankBatchApplicationServiceTests.test_after_mutation_without_persist_only_emits_lifecycle_event) ... ok
test_bank_flow_list_uses_relation_mode_read_model_boundary (test_no_oa_bank_batch_application_service.NoOaBankBatchApplicationServiceTests.test_bank_flow_list_uses_relation_mode_read_model_boundary) ... ok
test_detail_payload_hides_non_public_exception_batches (test_no_oa_bank_batch_application_service.NoOaBankBatchApplicationServiceTests.test_detail_payload_hides_non_public_exception_batches) ... ok
test_enqueue_background_refresh_forwards_metadata_to_durable_queue_boundary (test_no_oa_bank_batch_application_service.NoOaBankBatchApplicationServiceTests.test_enqueue_background_refresh_forwards_metadata_to_durable_queue_boundary) ... ok
test_enqueue_background_refresh_uses_durable_queue_boundary (test_no_oa_bank_batch_application_service.NoOaBankBatchApplicationServiceTests.test_enqueue_background_refresh_uses_durable_queue_boundary) ... ok
test_enqueue_background_refresh_uses_injected_refresh_producer (test_no_oa_bank_batch_application_service.NoOaBankBatchApplicationServiceTests.test_enqueue_background_refresh_uses_injected_refresh_producer) ... ok
test_internal_transfer_from_workbench_delegates_relation_write_to_command_service (test_no_oa_bank_batch_application_service.NoOaBankBatchApplicationServiceTests.test_internal_transfer_from_workbench_delegates_relation_write_to_command_service) ... ok
test_list_batches_explicit_pagination_protects_first_screen_slo (test_no_oa_bank_batch_application_service.NoOaBankBatchApplicationServiceTests.test_list_batches_explicit_pagination_protects_first_screen_slo) ... ok
test_list_batches_without_read_model_repository_does_not_read_snapshot_fallback (test_no_oa_bank_batch_application_service.NoOaBankBatchApplicationServiceTests.test_list_batches_without_read_model_repository_does_not_read_snapshot_fallback) ... ok
test_month_missing_read_model_refreshes_month_scope (test_no_oa_bank_batch_application_service.NoOaBankBatchApplicationServiceTests.test_month_missing_read_model_refreshes_month_scope) ... ok
test_month_sql_read_model_loads_relation_source_versions_before_stale_check (test_no_oa_bank_batch_application_service.NoOaBankBatchApplicationServiceTests.test_month_sql_read_model_loads_relation_source_versions_before_stale_check) ... ok
test_month_stale_read_model_refreshes_month_scope (test_no_oa_bank_batch_application_service.NoOaBankBatchApplicationServiceTests.test_month_stale_read_model_refreshes_month_scope) ... ok
test_read_model_repository_port_excludes_unrelated_methods (test_no_oa_bank_batch_application_service.NoOaBankBatchApplicationServiceTests.test_read_model_repository_port_excludes_unrelated_methods) ... ok
test_sql_read_model_exception_batches_are_not_public_payload (test_no_oa_bank_batch_application_service.NoOaBankBatchApplicationServiceTests.test_sql_read_model_exception_batches_are_not_public_payload) ... ok
test_sql_read_model_relation_backed_stale_batch_is_presented_as_submitted (test_no_oa_bank_batch_application_service.NoOaBankBatchApplicationServiceTests.test_sql_read_model_relation_backed_stale_batch_is_presented_as_submitted) ... ok
test_submit_batch_delegates_relation_write_to_command_service (test_no_oa_bank_batch_application_service.NoOaBankBatchApplicationServiceTests.test_submit_batch_delegates_relation_write_to_command_service) ... ok
test_submitted_batch_detail_keeps_submitted_row_tags_after_bank_category_changes (test_no_oa_bank_batch_application_service.NoOaBankBatchApplicationServiceTests.test_submitted_batch_detail_keeps_submitted_row_tags_after_bank_category_changes) ... ok
test_withdraw_batch_delegates_relation_cancel_to_command_service (test_no_oa_bank_batch_application_service.NoOaBankBatchApplicationServiceTests.test_withdraw_batch_delegates_relation_cancel_to_command_service) ... ok
test_execute_uses_bank_flow_boundary_names (test_no_oa_bank_batch_derived_lifecycle_executor.BankFlowRuleBatchDerivedLifecycleExecutorTests.test_execute_uses_bank_flow_boundary_names) ... ok
test_execute_falls_back_to_all_and_defaults_reason (test_no_oa_bank_batch_derived_lifecycle_executor.NoOaBankBatchDerivedLifecycleExecutorTests.test_execute_falls_back_to_all_and_defaults_reason) ... ok
test_execute_prefers_month_scopes_and_forwards_metadata (test_no_oa_bank_batch_derived_lifecycle_executor.NoOaBankBatchDerivedLifecycleExecutorTests.test_execute_prefers_month_scopes_and_forwards_metadata) ... ok
test_bank_flow_rule_refresh_rebuilds_even_when_no_oa_source_versions_are_unchanged (test_no_oa_bank_batch_read_model_refresh.NoOaBankBatchReadModelRefreshTests.test_bank_flow_rule_refresh_rebuilds_even_when_no_oa_source_versions_are_unchanged) ... ok
test_facade_non_fresh_error_does_not_save_no_oa_snapshot (test_no_oa_bank_batch_read_model_refresh.NoOaBankBatchReadModelRefreshTests.test_facade_non_fresh_error_does_not_save_no_oa_snapshot) ... ok
test_month_scope_refresh_reads_only_month_and_preserves_other_month_batches (test_no_oa_bank_batch_read_model_refresh.NoOaBankBatchReadModelRefreshTests.test_month_scope_refresh_reads_only_month_and_preserves_other_month_batches) ... ok
test_no_oa_api_source_versions_use_sql_workbench_schema_version (test_no_oa_bank_batch_read_model_refresh.NoOaBankBatchReadModelRefreshTests.test_no_oa_api_source_versions_use_sql_workbench_schema_version) ... ok
test_persistence_port_delegates_to_store_snapshot_save (test_no_oa_bank_batch_read_model_refresh.NoOaBankBatchReadModelRefreshTests.test_persistence_port_delegates_to_store_snapshot_save) ... ok
test_persistence_port_uses_scoped_store_save_when_available (test_no_oa_bank_batch_read_model_refresh.NoOaBankBatchReadModelRefreshTests.test_persistence_port_uses_scoped_store_save_when_available) ... ok
test_refresh_does_not_repair_workbench_relations_from_read_model_path (test_no_oa_bank_batch_read_model_refresh.NoOaBankBatchReadModelRefreshTests.test_refresh_does_not_repair_workbench_relations_from_read_model_path) ... ok
test_refresh_persists_through_explicit_persistence_boundary (test_no_oa_bank_batch_read_model_refresh.NoOaBankBatchReadModelRefreshTests.test_refresh_persists_through_explicit_persistence_boundary) ... ok
test_refresh_reads_effective_categories_once_for_same_rows (test_no_oa_bank_batch_read_model_refresh.NoOaBankBatchReadModelRefreshTests.test_refresh_reads_effective_categories_once_for_same_rows) ... ok
test_source_versions_include_bank_detail_source_versions_from_tag_facade (test_no_oa_bank_batch_read_model_refresh.NoOaBankBatchReadModelRefreshTests.test_source_versions_include_bank_detail_source_versions_from_tag_facade) ... ok
test_stale_source_version_does_not_rebuild_or_overwrite_read_model (test_no_oa_bank_batch_read_model_refresh.NoOaBankBatchReadModelRefreshTests.test_stale_source_version_does_not_rebuild_or_overwrite_read_model) ... ok
test_unchanged_scope_skips_rebuild_and_snapshot_save (test_no_oa_bank_batch_read_model_refresh.NoOaBankBatchReadModelRefreshTests.test_unchanged_scope_skips_rebuild_and_snapshot_save) ... ok
test_enqueue_falls_back_to_all_when_scope_keys_are_invalid (test_no_oa_bank_batch_read_model_refresh_producer.NoOaBankBatchReadModelRefreshProducerTests.test_enqueue_falls_back_to_all_when_scope_keys_are_invalid) ... ok
test_enqueue_normalizes_scope_keys_and_forwards_reason_metadata (test_no_oa_bank_batch_read_model_refresh_producer.NoOaBankBatchReadModelRefreshProducerTests.test_enqueue_normalizes_scope_keys_and_forwards_reason_metadata) ... ok
test_enqueue_returns_false_without_queue_gateway (test_no_oa_bank_batch_read_model_refresh_producer.NoOaBankBatchReadModelRefreshProducerTests.test_enqueue_returns_false_without_queue_gateway) ... ok
test_bulk_submit_accumulates_partial_failures_and_persists_once (test_no_oa_bank_batch_routes.NoOaBankBatchRoutesTests.test_bulk_submit_accumulates_partial_failures_and_persists_once) ... ok
test_list_batches_invalid_paging_returns_structured_400 (test_no_oa_bank_batch_routes.NoOaBankBatchRoutesTests.test_list_batches_invalid_paging_returns_structured_400) ... ok
test_no_oa_route_does_not_handle_bank_flow_rule_batches (test_no_oa_bank_batch_routes.NoOaBankBatchRoutesTests.test_no_oa_route_does_not_handle_bank_flow_rule_batches) ... ok
test_route_owner_handles_http_mapping_with_platform_ports (test_no_oa_bank_batch_routes.NoOaBankBatchRoutesTests.test_route_owner_handles_http_mapping_with_platform_ports) ... ok
test_route_owner_returns_session_or_body_errors_before_service_call (test_no_oa_bank_batch_routes.NoOaBankBatchRoutesTests.test_route_owner_returns_session_or_body_errors_before_service_call) ... ok
test_routes_facade_delegates_list_and_tag_selection_to_application_service (test_no_oa_bank_batch_routes.NoOaBankBatchRoutesTests.test_routes_facade_delegates_list_and_tag_selection_to_application_service) ... ok
test_submit_batch_preserves_expected_version_and_actor_mapping (test_no_oa_bank_batch_routes.NoOaBankBatchRoutesTests.test_submit_batch_preserves_expected_version_and_actor_mapping) ... ok
test_tag_selection_version_conflict_returns_409_and_error_code (test_no_oa_bank_batch_routes.NoOaBankBatchRoutesTests.test_tag_selection_version_conflict_returns_409_and_error_code) ... ok
test_all_scope_rebuild_preserves_other_relation_mode_batches (test_no_oa_bank_batch_service.NoOaBankBatchServiceTests.test_all_scope_rebuild_preserves_other_relation_mode_batches) ... ok
test_consolidated_submitted_salary_batch_repairs_stale_single_row_relations (test_no_oa_bank_batch_service.NoOaBankBatchServiceTests.test_consolidated_submitted_salary_batch_repairs_stale_single_row_relations) ... ok
test_existing_submitted_single_row_salary_batches_consolidate_by_month_and_account (test_no_oa_bank_batch_service.NoOaBankBatchServiceTests.test_existing_submitted_single_row_salary_batches_consolidate_by_month_and_account) ... ok
test_fee_rows_are_grouped_by_account_month_and_type_as_draft (test_no_oa_bank_batch_service.NoOaBankBatchServiceTests.test_fee_rows_are_grouped_by_account_month_and_type_as_draft) ... ok
test_internal_transfer_equal_multi_rows_pair_by_nearest_time (test_no_oa_bank_batch_service.NoOaBankBatchServiceTests.test_internal_transfer_equal_multi_rows_pair_by_nearest_time) ... ok
test_internal_transfer_multi_solution_generates_conflict (test_no_oa_bank_batch_service.NoOaBankBatchServiceTests.test_internal_transfer_multi_solution_generates_conflict) ... ok
test_internal_transfer_occupied_by_active_relation_is_excluded_from_unsubmitted_candidates (test_no_oa_bank_batch_service.NoOaBankBatchServiceTests.test_internal_transfer_occupied_by_active_relation_is_excluded_from_unsubmitted_candidates) ... ok
test_internal_transfer_pair_generates_draft_with_evidence (test_no_oa_bank_batch_service.NoOaBankBatchServiceTests.test_internal_transfer_pair_generates_draft_with_evidence) ... ok
test_internal_transfer_single_sided_group_generates_conflict (test_no_oa_bank_batch_service.NoOaBankBatchServiceTests.test_internal_transfer_single_sided_group_generates_conflict) ... ok
test_legacy_internal_transfer_relation_migrates_to_submitted_no_oa_batch (test_no_oa_bank_batch_service.NoOaBankBatchServiceTests.test_legacy_internal_transfer_relation_migrates_to_submitted_no_oa_batch) ... ok
test_legacy_salary_relation_migrates_to_submitted_no_oa_batch_idempotently (test_no_oa_bank_batch_service.NoOaBankBatchServiceTests.test_legacy_salary_relation_migrates_to_submitted_no_oa_batch_idempotently) ... ok
test_legacy_salary_relations_same_month_account_aggregate_to_one_submitted_batch (test_no_oa_bank_batch_service.NoOaBankBatchServiceTests.test_legacy_salary_relations_same_month_account_aggregate_to_one_submitted_batch) ... ok
test_manual_confirmed_internal_transfer_relation_migrates_to_submitted_no_oa_batch (test_no_oa_bank_batch_service.NoOaBankBatchServiceTests.test_manual_confirmed_internal_transfer_relation_migrates_to_submitted_no_oa_batch) ... ok
test_missing_batch_with_active_bank_flow_relation_is_projected_only_for_bank_flow_mode (test_no_oa_bank_batch_service.NoOaBankBatchServiceTests.test_missing_batch_with_active_bank_flow_relation_is_projected_only_for_bank_flow_mode) ... ok
test_missing_batch_with_active_no_oa_relation_is_projected_as_submitted_batch (test_no_oa_bank_batch_service.NoOaBankBatchServiceTests.test_missing_batch_with_active_no_oa_relation_is_projected_as_submitted_batch) ... ok
test_month_scope_rebuild_preserves_same_month_other_relation_mode_batches (test_no_oa_bank_batch_service.NoOaBankBatchServiceTests.test_month_scope_rebuild_preserves_same_month_other_relation_mode_batches) ... ok
test_new_fee_rows_after_submitted_same_month_account_batch_generate_incremental_draft (test_no_oa_bank_batch_service.NoOaBankBatchServiceTests.test_new_fee_rows_after_submitted_same_month_account_batch_generate_incremental_draft) ... ok
test_reclassified_legacy_relation_is_cancelled_instead_of_remaining_paired (test_no_oa_bank_batch_service.NoOaBankBatchServiceTests.test_reclassified_legacy_relation_is_cancelled_instead_of_remaining_paired) ... ok
test_salary_holiday_bonus_and_bonus_rows_generate_drafts (test_no_oa_bank_batch_service.NoOaBankBatchServiceTests.test_salary_holiday_bonus_and_bonus_rows_generate_drafts) ... ok
test_snapshot_round_trip_preserves_batches_and_audit_log (test_no_oa_bank_batch_service.NoOaBankBatchServiceTests.test_snapshot_round_trip_preserves_batches_and_audit_log) ... ok
test_stale_batch_with_active_no_oa_relation_stays_in_submitted_bucket (test_no_oa_bank_batch_service.NoOaBankBatchServiceTests.test_stale_batch_with_active_no_oa_relation_stays_in_submitted_bucket) ... ok
test_submit_batch_marks_submitted_and_exposes_relation_command_payload_idempotently (test_no_oa_bank_batch_service.NoOaBankBatchServiceTests.test_submit_batch_marks_submitted_and_exposes_relation_command_payload_idempotently) ... ok
test_submitted_batch_snapshot_freezes_row_tags (test_no_oa_bank_batch_service.NoOaBankBatchServiceTests.test_submitted_batch_snapshot_freezes_row_tags) ... ok
test_submitted_batch_stays_submitted_after_category_change (test_no_oa_bank_batch_service.NoOaBankBatchServiceTests.test_submitted_batch_stays_submitted_after_category_change) ... ok
test_submitted_batch_without_active_relation_stays_public_after_category_change (test_no_oa_bank_batch_service.NoOaBankBatchServiceTests.test_submitted_batch_without_active_relation_stays_public_after_category_change) ... ok
test_submitted_internal_transfer_no_oa_relation_does_not_rebuild_as_conflict (test_no_oa_bank_batch_service.NoOaBankBatchServiceTests.test_submitted_internal_transfer_no_oa_relation_does_not_rebuild_as_conflict) ... ok
test_submitted_internal_transfer_with_active_non_no_oa_relation_does_not_duplicate_as_unsubmitted_conflict (test_no_oa_bank_batch_service.NoOaBankBatchServiceTests.test_submitted_internal_transfer_with_active_non_no_oa_relation_does_not_duplicate_as_unsubmitted_conflict) ... ok
test_submitted_single_side_batch_keeps_rows_when_category_changes (test_no_oa_bank_batch_service.NoOaBankBatchServiceTests.test_submitted_single_side_batch_keeps_rows_when_category_changes) ... ok
test_superseded_batch_with_active_no_oa_relation_is_restored_to_submitted_projection (test_no_oa_bank_batch_service.NoOaBankBatchServiceTests.test_superseded_batch_with_active_no_oa_relation_is_restored_to_submitted_projection) ... ok
test_withdraw_batch_cancels_relation_and_marks_batch_withdrawn (test_no_oa_bank_batch_service.NoOaBankBatchServiceTests.test_withdraw_batch_cancels_relation_and_marks_batch_withdrawn) ... ok
test_withdrawn_batch_rebuilds_as_draft_when_source_rows_remain_current (test_no_oa_bank_batch_service.NoOaBankBatchServiceTests.test_withdrawn_batch_rebuilds_as_draft_when_source_rows_remain_current) ... ok
test_archived_selected_tag_is_removed_by_auto_tag_rule_update (test_no_oa_bank_batch_tag_selection_api.NoOaBankBatchTagSelectionApiTests.test_archived_selected_tag_is_removed_by_auto_tag_rule_update) ... ok
test_bank_flow_rule_reset_submitted_tolerates_missing_active_relation (test_no_oa_bank_batch_tag_selection_api.NoOaBankBatchTagSelectionApiTests.test_bank_flow_rule_reset_submitted_tolerates_missing_active_relation) ... ok
test_bank_flow_rule_reset_submitted_withdraws_all_submitted_batches (test_no_oa_bank_batch_tag_selection_api.NoOaBankBatchTagSelectionApiTests.test_bank_flow_rule_reset_submitted_withdraws_all_submitted_batches) ... ok
test_bank_flow_rule_submit_selection_uses_new_relation_mode_and_rule_metadata (test_no_oa_bank_batch_tag_selection_api.NoOaBankBatchTagSelectionApiTests.test_bank_flow_rule_submit_selection_uses_new_relation_mode_and_rule_metadata) ... ok
test_bank_flow_rule_tag_rule_update_resyncs_relation_from_persistent_repository (test_no_oa_bank_batch_tag_selection_api.NoOaBankBatchTagSelectionApiTests.test_bank_flow_rule_tag_rule_update_resyncs_relation_from_persistent_repository) ... ok
test_bank_flow_rule_tag_rule_update_resyncs_submitted_relation_requirements (test_no_oa_bank_batch_tag_selection_api.NoOaBankBatchTagSelectionApiTests.test_bank_flow_rule_tag_rule_update_resyncs_submitted_relation_requirements) ... ok
test_bank_flow_rule_tag_rules_hide_and_reject_selected_tag_codes (test_no_oa_bank_batch_tag_selection_api.NoOaBankBatchTagSelectionApiTests.test_bank_flow_rule_tag_rules_hide_and_reject_selected_tag_codes) ... ok
test_new_auto_tag_rule_is_available_but_not_selected_by_default (test_no_oa_bank_batch_tag_selection_api.NoOaBankBatchTagSelectionApiTests.test_new_auto_tag_rule_is_available_but_not_selected_by_default) ... ok
test_selected_row_submit_creates_one_batch_for_same_bank_subset (test_no_oa_bank_batch_tag_selection_api.NoOaBankBatchTagSelectionApiTests.test_selected_row_submit_creates_one_batch_for_same_bank_subset) ... ok
test_selected_row_submit_rejects_cross_bank_selection (test_no_oa_bank_batch_tag_selection_api.NoOaBankBatchTagSelectionApiTests.test_selected_row_submit_rejects_cross_bank_selection) ... ok
test_selected_row_submit_rejects_single_sided_internal_transfer_selection (test_no_oa_bank_batch_tag_selection_api.NoOaBankBatchTagSelectionApiTests.test_selected_row_submit_rejects_single_sided_internal_transfer_selection) ... ok
test_tag_rule_update_upgrades_legacy_turnover_relation_from_persistent_repository (test_no_oa_bank_batch_tag_selection_api.NoOaBankBatchTagSelectionApiTests.test_tag_rule_update_upgrades_legacy_turnover_relation_from_persistent_repository) ... ok
test_tag_selection_active_tags_are_bank_auto_rule_tags_only (test_no_oa_bank_batch_tag_selection_api.NoOaBankBatchTagSelectionApiTests.test_tag_selection_active_tags_are_bank_auto_rule_tags_only) ... ok
test_tag_selection_reflects_bank_auto_rule_label_changes_immediately (test_no_oa_bank_batch_tag_selection_api.NoOaBankBatchTagSelectionApiTests.test_tag_selection_reflects_bank_auto_rule_label_changes_immediately) ... ok
test_tag_selection_starts_empty_and_no_oa_list_fails_closed_without_read_model (test_no_oa_bank_batch_tag_selection_api.NoOaBankBatchTagSelectionApiTests.test_tag_selection_starts_empty_and_no_oa_list_fails_closed_without_read_model) ... ok
test_relation_display_payload_falls_back_to_no_oa_label (test_no_oa_bank_batch_workbench_display_policy.NoOaBankBatchWorkbenchDisplayPolicyTests.test_relation_display_payload_falls_back_to_no_oa_label) ... ok
test_relation_display_payload_uses_batch_label_when_present (test_no_oa_bank_batch_workbench_display_policy.NoOaBankBatchWorkbenchDisplayPolicyTests.test_relation_display_payload_uses_batch_label_when_present) ... ok
test_row_tags_merges_display_sources_and_filters_managed_labels (test_no_oa_bank_batch_workbench_display_policy.NoOaBankBatchWorkbenchDisplayPolicyTests.test_row_tags_merges_display_sources_and_filters_managed_labels) ... ok
test_application_service_submits_internal_transfer_rows_from_workbench_via_batch_submit (test_no_oa_bank_batch_workbench_integration.NoOaBankBatchWorkbenchIntegrationTests.test_application_service_submits_internal_transfer_rows_from_workbench_via_batch_submit) ... ok
test_bank_flow_internal_transfer_batch_submit_publishes_paired_workbench_group (test_no_oa_bank_batch_workbench_integration.NoOaBankBatchWorkbenchIntegrationTests.test_bank_flow_internal_transfer_batch_submit_publishes_paired_workbench_group) ... ok
test_existing_single_row_salary_no_oa_batches_consolidate_before_workbench_grouping (test_no_oa_bank_batch_workbench_integration.NoOaBankBatchWorkbenchIntegrationTests.test_existing_single_row_salary_no_oa_batches_consolidate_before_workbench_grouping) ... ok
test_historical_salary_and_internal_transfer_relations_migrate_to_no_oa_collapsed_summaries (test_no_oa_bank_batch_workbench_integration.NoOaBankBatchWorkbenchIntegrationTests.test_historical_salary_and_internal_transfer_relations_migrate_to_no_oa_collapsed_summaries) ... ok
test_historical_salary_relations_same_month_account_collapse_into_one_submitted_group (test_no_oa_bank_batch_workbench_integration.NoOaBankBatchWorkbenchIntegrationTests.test_historical_salary_relations_same_month_account_collapse_into_one_submitted_group) ... ok
test_no_oa_bank_batch_detail_does_not_refresh_all_batches (test_no_oa_bank_batch_workbench_integration.NoOaBankBatchWorkbenchIntegrationTests.test_no_oa_bank_batch_detail_does_not_refresh_all_batches) ... ok
test_no_oa_bank_batches_do_not_return_stale_sql_source_versions_as_fresh (test_no_oa_bank_batch_workbench_integration.NoOaBankBatchWorkbenchIntegrationTests.test_no_oa_bank_batches_do_not_return_stale_sql_source_versions_as_fresh) ... ok
test_no_oa_bank_batches_missing_sql_read_model_does_not_refresh_in_get_path (test_no_oa_bank_batch_workbench_integration.NoOaBankBatchWorkbenchIntegrationTests.test_no_oa_bank_batches_missing_sql_read_model_does_not_refresh_in_get_path) ... ok
test_no_oa_internal_transfer_relation_groups_bank_rows_until_cancelled (test_no_oa_bank_batch_workbench_integration.NoOaBankBatchWorkbenchIntegrationTests.test_no_oa_internal_transfer_relation_groups_bank_rows_until_cancelled) ... ok
test_no_oa_repository_accepts_month_fresh_without_all_readiness_record (test_no_oa_bank_batch_workbench_integration.NoOaBankBatchWorkbenchIntegrationTests.test_no_oa_repository_accepts_month_fresh_without_all_readiness_record) ... ok
test_no_oa_repository_does_not_treat_all_fresh_as_month_fresh_when_month_is_dirty (test_no_oa_bank_batch_workbench_integration.NoOaBankBatchWorkbenchIntegrationTests.test_no_oa_repository_does_not_treat_all_fresh_as_month_fresh_when_month_is_dirty) ... ok
test_no_oa_repository_keeps_missing_when_readiness_is_absent_or_refreshing (test_no_oa_bank_batch_workbench_integration.NoOaBankBatchWorkbenchIntegrationTests.test_no_oa_repository_keeps_missing_when_readiness_is_absent_or_refreshing) ... ok
test_no_oa_repository_returns_fresh_empty_rows_when_readiness_is_fresh (test_no_oa_bank_batch_workbench_integration.NoOaBankBatchWorkbenchIntegrationTests.test_no_oa_repository_returns_fresh_empty_rows_when_readiness_is_fresh) ... ok
test_no_oa_salary_batch_relation_pairs_then_cancel_returns_to_open (test_no_oa_bank_batch_workbench_integration.NoOaBankBatchWorkbenchIntegrationTests.test_no_oa_salary_batch_relation_pairs_then_cancel_returns_to_open) ... ok
test_salary_auto_candidate_does_not_create_active_relation_before_batch_submit (test_no_oa_bank_batch_workbench_integration.NoOaBankBatchWorkbenchIntegrationTests.test_salary_auto_candidate_does_not_create_active_relation_before_batch_submit) ... ok
test_submit_selection_fee_rows_render_as_collapsed_paired_workbench_group (test_no_oa_bank_batch_workbench_integration.NoOaBankBatchWorkbenchIntegrationTests.test_submit_selection_fee_rows_render_as_collapsed_paired_workbench_group) ... ok
test_workbench_confirm_after_no_oa_submit_reuses_existing_internal_transfer_fact (test_no_oa_bank_batch_workbench_integration.NoOaBankBatchWorkbenchIntegrationTests.test_workbench_confirm_after_no_oa_submit_reuses_existing_internal_transfer_fact) ... {"kind": "workbench_action_timing", "request_id": "286d46cbf8f3", "action": "confirm_link", "phase": "oa_auth", "duration_ms": 0.01, "timestamp": "2026-07-05T20:49:12.946019"}
{"kind": "workbench_action_timing", "request_id": "286d46cbf8f3", "action": "confirm_link", "phase": "resolve_rows", "duration_ms": 0.001, "timestamp": "2026-07-05T20:49:12.948457", "detail": "rows=2"}
{"kind": "workbench_action_timing", "request_id": "286d46cbf8f3", "action": "confirm_link", "phase": "request_total", "duration_ms": 7.374, "timestamp": "2026-07-05T20:49:12.953373", "status": 200}
ok
test_workbench_confirm_internal_transfer_bank_rows_submits_no_oa_batch (test_no_oa_bank_batch_workbench_integration.NoOaBankBatchWorkbenchIntegrationTests.test_workbench_confirm_internal_transfer_bank_rows_submits_no_oa_batch) ... {"kind": "workbench_action_timing", "request_id": "bcbba7062130", "action": "confirm_link", "phase": "oa_auth", "duration_ms": 0.016, "timestamp": "2026-07-05T20:49:12.963740"}
{"kind": "workbench_action_timing", "request_id": "bcbba7062130", "action": "confirm_link", "phase": "resolve_rows", "duration_ms": 0.001, "timestamp": "2026-07-05T20:49:12.964697", "detail": "rows=2"}
{"kind": "workbench_action_timing", "request_id": "bcbba7062130", "action": "confirm_link", "phase": "request_total", "duration_ms": 6.346, "timestamp": "2026-07-05T20:49:12.970046", "status": 200}
ok
test_workbench_confirm_mixed_internal_transfer_bank_rows_rejects_no_oa_conflict (test_no_oa_bank_batch_workbench_integration.NoOaBankBatchWorkbenchIntegrationTests.test_workbench_confirm_mixed_internal_transfer_bank_rows_rejects_no_oa_conflict) ... {"kind": "workbench_action_timing", "request_id": "1219f6e9b025", "action": "confirm_link", "phase": "oa_auth", "duration_ms": 0.013, "timestamp": "2026-07-05T20:49:12.990370"}
{"kind": "workbench_action_timing", "request_id": "1219f6e9b025", "action": "confirm_link", "phase": "resolve_rows", "duration_ms": 0.001, "timestamp": "2026-07-05T20:49:12.991272", "detail": "rows=2"}
{"kind": "workbench_action_timing", "request_id": "1219f6e9b025", "action": "confirm_link", "phase": "request_total", "duration_ms": 1.309, "timestamp": "2026-07-05T20:49:12.991647", "status": 400}
ok
test_workbench_confirm_non_internal_bank_only_rows_keeps_manual_relation (test_no_oa_bank_batch_workbench_integration.NoOaBankBatchWorkbenchIntegrationTests.test_workbench_confirm_non_internal_bank_only_rows_keeps_manual_relation) ... {"kind": "workbench_action_timing", "request_id": "c20b93b95753", "action": "confirm_link", "phase": "oa_auth", "duration_ms": 0.014, "timestamp": "2026-07-05T20:49:12.999681"}
{"kind": "workbench_action_timing", "request_id": "c20b93b95753", "action": "confirm_link", "phase": "resolve_rows", "duration_ms": 0.001, "timestamp": "2026-07-05T20:49:13.000629", "detail": "rows=2"}
{"kind": "workbench_action_timing", "request_id": "c20b93b95753", "action": "confirm_link", "phase": "pair_relation_update", "duration_ms": 0.358, "timestamp": "2026-07-05T20:49:13.001362", "detail": "case_id=CASE-WORKBENCH-INTERNAL-TRANSFER"}
{"kind": "workbench_action_timing", "request_id": "c20b93b95753", "action": "confirm_link", "phase": "invalidate_read_model_scopes", "duration_ms": 0.276, "timestamp": "2026-07-05T20:49:13.001665", "detail": "2026-02"}
{"kind": "workbench_action_timing", "request_id": "c20b93b95753", "action": "confirm_link", "phase": "schedule_background_persist", "duration_ms": 0.302, "timestamp": "2026-07-05T20:49:13.001681"}
{"kind": "workbench_action_timing", "request_id": "c20b93b95753", "action": "confirm_link", "phase": "request_total", "duration_ms": 2.376, "timestamp": "2026-07-05T20:49:13.002021", "status": 200}
ok
test_apply_available_actions_respects_withdrawable_metadata (test_no_oa_bank_batch_workbench_payload_decorator.NoOaBankBatchWorkbenchPayloadDecoratorTests.test_apply_available_actions_respects_withdrawable_metadata) ... ok
test_apply_available_actions_skips_non_withdrawable_batch (test_no_oa_bank_batch_workbench_payload_decorator.NoOaBankBatchWorkbenchPayloadDecoratorTests.test_apply_available_actions_skips_non_withdrawable_batch) ... ok
test_apply_pair_metadata_preserves_tags_cost_and_batch_fields (test_no_oa_bank_batch_workbench_payload_decorator.NoOaBankBatchWorkbenchPayloadDecoratorTests.test_apply_pair_metadata_preserves_tags_cost_and_batch_fields) ... ok
test_relation_with_batch_metadata_enriches_source_batch_fields (test_no_oa_bank_batch_workbench_payload_decorator.NoOaBankBatchWorkbenchPayloadDecoratorTests.test_relation_with_batch_metadata_enriches_source_batch_fields) ... ok
test_admin_can_save_list_and_delete_credentials_without_password_echo_or_settings_leak (test_oa_applicant_credentials_api.OaApplicantCredentialApiTests.test_admin_can_save_list_and_delete_credentials_without_password_echo_or_settings_leak) ... ok
test_full_access_non_admin_cannot_maintain_credentials (test_oa_applicant_credentials_api.OaApplicantCredentialApiTests.test_full_access_non_admin_cannot_maintain_credentials) ... ok
test_admin_saves_and_lists_configured_credential_without_exposing_password (test_oa_applicant_credentials_service.OaApplicantCredentialServiceTests.test_admin_saves_and_lists_configured_credential_without_exposing_password) ... ok
test_delete_returns_to_unconfigured_state_without_audit_history_requirement (test_oa_applicant_credentials_service.OaApplicantCredentialServiceTests.test_delete_returns_to_unconfigured_state_without_audit_history_requirement) ... ok
test_non_admin_cannot_save_or_list_credentials (test_oa_applicant_credentials_service.OaApplicantCredentialServiceTests.test_non_admin_cannot_save_or_list_credentials) ... ok
test_save_rejects_empty_required_fields_and_password (test_oa_applicant_credentials_service.OaApplicantCredentialServiceTests.test_save_rejects_empty_required_fields_and_password) ... ok
test_apply_requires_explicit_confirmation_flag (test_oa_attachment_invoice_promotion_tool.OAAttachmentInvoicePromotionToolTests.test_apply_requires_explicit_confirmation_flag) ... ok
test_dry_run_reports_links_and_creates_without_persisting (test_oa_attachment_invoice_promotion_tool.OAAttachmentInvoicePromotionToolTests.test_dry_run_reports_links_and_creates_without_persisting) ... ok
test_load_candidates_does_not_infer_missing_parent_oa_from_item_id (test_oa_attachment_invoice_promotion_tool.OAAttachmentInvoicePromotionToolTests.test_load_candidates_does_not_infer_missing_parent_oa_from_item_id) ... ok
test_build_download_url_percent_encodes_absolute_unicode_url (test_oa_attachment_invoice_service.OAAttachmentInvoiceServiceTests.test_build_download_url_percent_encodes_absolute_unicode_url) ... ok
test_invoice_evidence_dedupe_key_delegates_to_identity_policy (test_oa_attachment_invoice_service.OAAttachmentInvoiceServiceTests.test_invoice_evidence_dedupe_key_delegates_to_identity_policy) ... ok
test_parse_evidences_extracts_multiple_machine_printed_invoices_from_one_ocr_text (test_oa_attachment_invoice_service.OAAttachmentInvoiceServiceTests.test_parse_evidences_extracts_multiple_machine_printed_invoices_from_one_ocr_text) ... ok
test_parse_evidences_extracts_single_machine_printed_invoice (test_oa_attachment_invoice_service.OAAttachmentInvoiceServiceTests.test_parse_evidences_extracts_single_machine_printed_invoice) ... ok
test_parse_evidences_extracts_wechat_etc_payment_receipt_23 (test_oa_attachment_invoice_service.OAAttachmentInvoiceServiceTests.test_parse_evidences_extracts_wechat_etc_payment_receipt_23) ... ok
test_parse_evidences_extracts_wechat_etc_payment_receipt_25 (test_oa_attachment_invoice_service.OAAttachmentInvoiceServiceTests.test_parse_evidences_extracts_wechat_etc_payment_receipt_25) ... ok
test_parse_evidences_extracts_wechat_fuel_payment_receipt_200 (test_oa_attachment_invoice_service.OAAttachmentInvoiceServiceTests.test_parse_evidences_extracts_wechat_fuel_payment_receipt_200) ... ok
test_parse_file_result_reports_download_failed_status (test_oa_attachment_invoice_service.OAAttachmentInvoiceServiceTests.test_parse_file_result_reports_download_failed_status) ... ok
test_parse_file_result_reports_ocr_empty_status (test_oa_attachment_invoice_service.OAAttachmentInvoiceServiceTests.test_parse_file_result_reports_ocr_empty_status) ... ok
test_parse_files_accepts_formal_document_kind_without_evidence_type (test_oa_attachment_invoice_service.OAAttachmentInvoiceServiceTests.test_parse_files_accepts_formal_document_kind_without_evidence_type) ... ok
test_parse_files_does_not_return_payment_receipts (test_oa_attachment_invoice_service.OAAttachmentInvoiceServiceTests.test_parse_files_does_not_return_payment_receipts) ... ok
test_parse_files_does_not_return_unknown_evidence_with_invoice_number (test_oa_attachment_invoice_service.OAAttachmentInvoiceServiceTests.test_parse_files_does_not_return_unknown_evidence_with_invoice_number) ... ok
test_parse_files_keeps_multiple_invoices_from_one_docx_attachment (test_oa_attachment_invoice_service.OAAttachmentInvoiceServiceTests.test_parse_files_keeps_multiple_invoices_from_one_docx_attachment) ... ok
test_parse_files_reads_embedded_invoice_images_from_docx_attachment (test_oa_attachment_invoice_service.OAAttachmentInvoiceServiceTests.test_parse_files_reads_embedded_invoice_images_from_docx_attachment) ... ok
test_parse_files_skips_attachment_when_download_raises_unicode_error (test_oa_attachment_invoice_service.OAAttachmentInvoiceServiceTests.test_parse_files_skips_attachment_when_download_raises_unicode_error) ... ok
test_parse_files_skips_image_attachment_when_ocr_returns_empty_text (test_oa_attachment_invoice_service.OAAttachmentInvoiceServiceTests.test_parse_files_skips_image_attachment_when_ocr_returns_empty_text) ... ok
test_parse_files_uses_image_ocr_for_png_invoice_attachment (test_oa_attachment_invoice_service.OAAttachmentInvoiceServiceTests.test_parse_files_uses_image_ocr_for_png_invoice_attachment) ... ok
test_parse_invoice_text_accepts_digital_invoice_when_number_and_date_are_detached (test_oa_attachment_invoice_service.OAAttachmentInvoiceServiceTests.test_parse_invoice_text_accepts_digital_invoice_when_number_and_date_are_detached) ... ok
test_parse_invoice_text_accepts_gasoline_jpg_ocr_with_nonstandard_small_total (test_oa_attachment_invoice_service.OAAttachmentInvoiceServiceTests.test_parse_invoice_text_accepts_gasoline_jpg_ocr_with_nonstandard_small_total) ... ok
test_parse_invoice_text_accepts_machine_printed_toll_invoice_without_issue_date (test_oa_attachment_invoice_service.OAAttachmentInvoiceServiceTests.test_parse_invoice_text_accepts_machine_printed_toll_invoice_without_issue_date) ... ok
test_parse_invoice_text_accepts_non_tax_payment_receipt (test_oa_attachment_invoice_service.OAAttachmentInvoiceServiceTests.test_parse_invoice_text_accepts_non_tax_payment_receipt) ... ok
test_parse_invoice_text_accepts_ocr_style_amount_and_name_layout (test_oa_attachment_invoice_service.OAAttachmentInvoiceServiceTests.test_parse_invoice_text_accepts_ocr_style_amount_and_name_layout) ... ok
test_parse_invoice_text_accepts_ocr_y_as_currency_marker (test_oa_attachment_invoice_service.OAAttachmentInvoiceServiceTests.test_parse_invoice_text_accepts_ocr_y_as_currency_marker) ... ok
test_parse_invoice_text_accepts_railway_e_ticket_invoice_amount_layout (test_oa_attachment_invoice_service.OAAttachmentInvoiceServiceTests.test_parse_invoice_text_accepts_railway_e_ticket_invoice_amount_layout) ... ok
test_parse_invoice_text_keeps_net_amount_separate_from_total_with_tax (test_oa_attachment_invoice_service.OAAttachmentInvoiceServiceTests.test_parse_invoice_text_keeps_net_amount_separate_from_total_with_tax) ... ok
test_payment_receipt_evidence_dedupe_stays_outside_invoice_identity (test_oa_attachment_invoice_service.OAAttachmentInvoiceServiceTests.test_payment_receipt_evidence_dedupe_stays_outside_invoice_identity) ... ok
test_verify_current_user_password_returns_false_for_wrong_old_password (test_oa_identity_service.OAIdentityServicePasswordVerificationTests.test_verify_current_user_password_returns_false_for_wrong_old_password) ... ok
test_verify_current_user_password_treats_same_new_password_rejection_as_success (test_oa_identity_service.OAIdentityServicePasswordVerificationTests.test_verify_current_user_password_treats_same_new_password_rejection_as_success) ... ok
test_import_endpoint_imports_completed_rejects_in_progress_and_is_idempotent (test_oa_manual_import_api.OAManualImportApiTests.test_import_endpoint_imports_completed_rejects_in_progress_and_is_idempotent) ... ok
test_list_and_delete_manual_imports_endpoint_removes_marker_and_invalidates (test_oa_manual_import_api.OAManualImportApiTests.test_list_and_delete_manual_imports_endpoint_removes_marker_and_invalidates) ... ok
test_manual_import_mutation_endpoints_reject_readonly_session_even_with_spoofed_actor (test_oa_manual_import_api.OAManualImportApiTests.test_manual_import_mutation_endpoints_reject_readonly_session_even_with_spoofed_actor) ... ok
test_refresh_endpoint_returns_counts_and_invalidates_affected_scopes (test_oa_manual_import_api.OAManualImportApiTests.test_refresh_endpoint_returns_counts_and_invalidates_affected_scopes) ... ok
test_search_endpoint_rejects_invalid_pagination_bounds (test_oa_manual_import_api.OAManualImportApiTests.test_search_endpoint_rejects_invalid_pagination_bounds) ... ok
test_search_endpoint_returns_early_rows_ignoring_global_cutoff_and_supports_paging (test_oa_manual_import_api.OAManualImportApiTests.test_search_endpoint_returns_early_rows_ignoring_global_cutoff_and_supports_paging) ... ok
test_completed_search_row_includes_attachment_counts_and_import_status (test_oa_manual_import_service.OAManualImportServiceTests.test_completed_search_row_includes_attachment_counts_and_import_status) ... ok
test_import_does_not_persist_marker_when_sync_fails (test_oa_manual_import_service.OAManualImportServiceTests.test_import_does_not_persist_marker_when_sync_fails) ... ok
test_import_rejects_in_progress_and_imports_completed_idempotently (test_oa_manual_import_service.OAManualImportServiceTests.test_import_rejects_in_progress_and_imports_completed_idempotently) ... ok
test_refresh_attachments_is_targeted_to_selected_row_ids (test_oa_manual_import_service.OAManualImportServiceTests.test_refresh_attachments_is_targeted_to_selected_row_ids) ... ok
test_refresh_attachments_returns_structured_errors_when_parser_fails (test_oa_manual_import_service.OAManualImportServiceTests.test_refresh_attachments_returns_structured_errors_when_parser_fails) ... ok
test_remove_manual_import_removes_marker_only (test_oa_manual_import_service.OAManualImportServiceTests.test_remove_manual_import_removes_marker_only) ... ok
test_search_returns_non_completed_rows_but_marks_them_not_importable (test_oa_manual_import_service.OAManualImportServiceTests.test_search_returns_non_completed_rows_but_marks_them_not_importable) ... ok
test_search_uses_adapter_fast_paged_rows_when_available (test_oa_manual_import_service.OAManualImportServiceTests.test_search_uses_adapter_fast_paged_rows_when_available) ... ok
test_flow_id_candidates_prefer_mongo_document_id_for_payment_status_table (test_oa_payment_status_service.OAPaymentStatusServiceTests.test_flow_id_candidates_prefer_mongo_document_id_for_payment_status_table) ... ok
test_from_environment_is_disabled_by_default_and_requires_enabled_config (test_oa_payment_status_service.OAPaymentStatusServiceTests.test_from_environment_is_disabled_by_default_and_requires_enabled_config) ... ok
test_get_payment_status_preserves_pending_zero_status (test_oa_payment_status_service.OAPaymentStatusServiceTests.test_get_payment_status_preserves_pending_zero_status) ... ok
test_get_payment_status_reads_latest_status_for_flow_id (test_oa_payment_status_service.OAPaymentStatusServiceTests.test_get_payment_status_reads_latest_status_for_flow_id) ... ok
test_list_payment_statuses_returns_latest_record_by_flow_id (test_oa_payment_status_service.OAPaymentStatusServiceTests.test_list_payment_statuses_returns_latest_record_by_flow_id) ... ok
test_mark_paid_inserts_row_when_flow_id_has_no_payment_status_record (test_oa_payment_status_service.OAPaymentStatusServiceTests.test_mark_paid_inserts_row_when_flow_id_has_no_payment_status_record) ... ok
test_mark_paid_rolls_back_and_closes_connection_on_write_error (test_oa_payment_status_service.OAPaymentStatusServiceTests.test_mark_paid_rolls_back_and_closes_connection_on_write_error) ... ok
test_mark_paid_updates_all_existing_rows_for_flow_id (test_oa_payment_status_service.OAPaymentStatusServiceTests.test_mark_paid_updates_all_existing_rows_for_flow_id) ... ok
test_payment_admitted_projection_reads_source_rows_by_payment_flow_ids (test_oa_payment_status_service.OAPaymentStatusServiceTests.test_payment_admitted_projection_reads_source_rows_by_payment_flow_ids) ... ok
test_payment_admitted_projection_returns_empty_when_status_repository_is_missing (test_oa_payment_status_service.OAPaymentStatusServiceTests.test_payment_admitted_projection_returns_empty_when_status_repository_is_missing) ... ok
test_resolve_flow_id_does_not_use_process_or_flow_request_id_as_payment_key (test_oa_payment_status_service.OAPaymentStatusServiceTests.test_resolve_flow_id_does_not_use_process_or_flow_request_id_as_payment_key) ... ok
test_resolve_flow_id_returns_mongo_document_id_without_connecting (test_oa_payment_status_service.OAPaymentStatusServiceTests.test_resolve_flow_id_returns_mongo_document_id_without_connecting) ... ok
test_resolve_flow_id_uses_oa_row_id_suffix_when_mongo_detail_is_missing (test_oa_payment_status_service.OAPaymentStatusServiceTests.test_resolve_flow_id_uses_oa_row_id_suffix_when_mongo_detail_is_missing) ... ok
test_bank_transaction_candidates_route_delegates_to_command_service (test_oa_pending_payment_api.OaPendingPaymentApiTests.test_bank_transaction_candidates_route_delegates_to_command_service) ... ok
test_bank_transaction_candidates_use_in_progress_projection_from_query_service (test_oa_pending_payment_api.OaPendingPaymentApiTests.test_bank_transaction_candidates_use_in_progress_projection_from_query_service) ... ok
test_candidate_bank_relation_is_visible_without_marking_oa_paid (test_oa_pending_payment_api.OaPendingPaymentApiTests.test_candidate_bank_relation_is_visible_without_marking_oa_paid) ... ok
test_confirm_paid_route_is_removed_from_route_owner (test_oa_pending_payment_api.OaPendingPaymentApiTests.test_confirm_paid_route_is_removed_from_route_owner) ... ok
test_expected_source_versions_use_workbench_relation_repository_not_oa_repository (test_oa_pending_payment_api.OaPendingPaymentApiTests.test_expected_source_versions_use_workbench_relation_repository_not_oa_repository) ... ok
test_legacy_application_rebuild_helpers_are_removed (test_oa_pending_payment_api.OaPendingPaymentApiTests.test_legacy_application_rebuild_helpers_are_removed) ... ok
test_link_bank_transactions_route_delegates_to_command_service_with_write_actor (test_oa_pending_payment_api.OaPendingPaymentApiTests.test_link_bank_transactions_route_delegates_to_command_service_with_write_actor) ... ok
test_oa_source_versions_cover_relation_and_import_fact_dependencies (test_oa_pending_payment_api.OaPendingPaymentApiTests.test_oa_source_versions_cover_relation_and_import_fact_dependencies) ... ok
test_production_all_scope_does_not_loop_on_relation_all_versions (test_oa_pending_payment_api.OaPendingPaymentApiTests.test_production_all_scope_does_not_loop_on_relation_all_versions) ... ok
test_production_all_scope_fresh_rows_do_not_require_all_scope_row_or_enqueue_refresh (test_oa_pending_payment_api.OaPendingPaymentApiTests.test_production_all_scope_fresh_rows_do_not_require_all_scope_row_or_enqueue_refresh) ... ok
test_production_detail_fresh_miss_returns_not_found_and_invalid_relation_kind_is_400 (test_oa_pending_payment_api.OaPendingPaymentApiTests.test_production_detail_fresh_miss_returns_not_found_and_invalid_relation_kind_is_400) ... ok
test_production_detail_routes_use_sql_read_model_without_live_scan (test_oa_pending_payment_api.OaPendingPaymentApiTests.test_production_detail_routes_use_sql_read_model_without_live_scan) ... ok
test_production_detail_stale_or_missing_read_model_refreshes_without_live_scan (test_oa_pending_payment_api.OaPendingPaymentApiTests.test_production_detail_stale_or_missing_read_model_refreshes_without_live_scan) ... ok
test_production_filter_options_miss_enqueues_refresh_without_live_scan (test_oa_pending_payment_api.OaPendingPaymentApiTests.test_production_filter_options_miss_enqueues_refresh_without_live_scan) ... ok
test_production_rows_passes_view_mode_to_sql_read_repository (test_oa_pending_payment_api.OaPendingPaymentApiTests.test_production_rows_passes_view_mode_to_sql_read_repository) ... ok
test_production_rows_relation_source_version_stale_enqueues_refresh_without_stale_rows (test_oa_pending_payment_api.OaPendingPaymentApiTests.test_production_rows_relation_source_version_stale_enqueues_refresh_without_stale_rows) ... ok
test_production_rows_repository_unavailable_enqueues_refresh_without_live_scan (test_oa_pending_payment_api.OaPendingPaymentApiTests.test_production_rows_repository_unavailable_enqueues_refresh_without_live_scan) ... ok
test_production_rows_source_version_stale_enqueues_refresh_without_stale_rows (test_oa_pending_payment_api.OaPendingPaymentApiTests.test_production_rows_source_version_stale_enqueues_refresh_without_stale_rows) ... ok
test_read_endpoints_require_fin_ops_access (test_oa_pending_payment_api.OaPendingPaymentApiTests.test_read_endpoints_require_fin_ops_access) ... ok
test_read_model_bank_account_and_direction_filter_options_and_and_filters (test_oa_pending_payment_api.OaPendingPaymentApiTests.test_read_model_bank_account_and_direction_filter_options_and_and_filters) ... ok
test_routes_return_structured_validation_and_not_found_errors (test_oa_pending_payment_api.OaPendingPaymentApiTests.test_routes_return_structured_validation_and_not_found_errors) ... ok
test_rows_filter_options_and_detail_routes_delegate_to_module_route_facade (test_oa_pending_payment_api.OaPendingPaymentApiTests.test_rows_filter_options_and_detail_routes_delegate_to_module_route_facade) ... ok
test_rows_route_passes_in_progress_view_mode_to_read_model_repository (test_oa_pending_payment_api.OaPendingPaymentApiTests.test_rows_route_passes_in_progress_view_mode_to_read_model_repository) ... ok
test_sql_read_model_records_expose_bank_account_and_direction_filters (test_oa_pending_payment_api.OaPendingPaymentApiTests.test_sql_read_model_records_expose_bank_account_and_direction_filters) ... ok
test_writeback_paid_route_delegates_to_command_service_with_write_actor (test_oa_pending_payment_api.OaPendingPaymentApiTests.test_writeback_paid_route_delegates_to_command_service_with_write_actor) ... ok
test_port_excludes_unrelated_read_model_methods (test_oa_pending_payment_api.OaPendingPaymentReadModelRepositoryPortTests.test_port_excludes_unrelated_read_model_methods) ... ok
test_bank_transaction_candidates_filters_by_relation_status_tabs (test_oa_pending_payment_command_service.OaPendingPaymentCommandServiceTests.test_bank_transaction_candidates_filters_by_relation_status_tabs) ... ok
test_bank_transaction_candidates_marks_in_progress_linked_rows (test_oa_pending_payment_command_service.OaPendingPaymentCommandServiceTests.test_bank_transaction_candidates_marks_in_progress_linked_rows) ... ok
test_bank_transaction_candidates_with_selected_oa_missing_month_still_returns_all (test_oa_pending_payment_command_service.OaPendingPaymentCommandServiceTests.test_bank_transaction_candidates_with_selected_oa_missing_month_still_returns_all) ... ok
test_bank_transaction_candidates_with_selected_oa_returns_all_months (test_oa_pending_payment_command_service.OaPendingPaymentCommandServiceTests.test_bank_transaction_candidates_with_selected_oa_returns_all_months) ... ok
test_link_bank_transactions_creates_relation_then_auto_writes_mysql_when_amount_matches (test_oa_pending_payment_command_service.OaPendingPaymentCommandServiceTests.test_link_bank_transactions_creates_relation_then_auto_writes_mysql_when_amount_matches) ... ok
test_link_bank_transactions_keeps_relation_without_writeback_when_amount_mismatches (test_oa_pending_payment_command_service.OaPendingPaymentCommandServiceTests.test_link_bank_transactions_keeps_relation_without_writeback_when_amount_mismatches) ... ok
test_link_bank_transactions_rejects_income_bank (test_oa_pending_payment_command_service.OaPendingPaymentCommandServiceTests.test_link_bank_transactions_rejects_income_bank) ... ok
test_manual_confirm_paid_command_is_not_exposed (test_oa_pending_payment_command_service.OaPendingPaymentCommandServiceTests.test_manual_confirm_paid_command_is_not_exposed) ... ok
test_writeback_paid_is_noop_when_oa_is_already_written (test_oa_pending_payment_command_service.OaPendingPaymentCommandServiceTests.test_writeback_paid_is_noop_when_oa_is_already_written) ... ok
test_writeback_paid_rejects_row_without_paid_relation (test_oa_pending_payment_command_service.OaPendingPaymentCommandServiceTests.test_writeback_paid_rejects_row_without_paid_relation) ... ok
test_writeback_paid_uses_full_relation_for_amount_check_but_only_writes_requested_oa (test_oa_pending_payment_command_service.OaPendingPaymentCommandServiceTests.test_writeback_paid_uses_full_relation_for_amount_check_but_only_writes_requested_oa) ... ok
test_writeback_paid_writes_completed_oa_when_existing_relation_is_paid (test_oa_pending_payment_command_service.OaPendingPaymentCommandServiceTests.test_writeback_paid_writes_completed_oa_when_existing_relation_is_paid) ... ok
test_writeback_paid_writes_in_progress_oa_when_pending_relation_is_paid (test_oa_pending_payment_command_service.OaPendingPaymentCommandServiceTests.test_writeback_paid_writes_in_progress_oa_when_pending_relation_is_paid) ... ok
test_promotes_pending_relation_when_all_oa_rows_are_completed (test_oa_pending_payment_relation_promotion_service.OaPendingPaymentRelationPromotionServiceTests.test_promotes_pending_relation_when_all_oa_rows_are_completed) ... ok
test_skips_relation_until_all_oa_rows_are_completed (test_oa_pending_payment_relation_promotion_service.OaPendingPaymentRelationPromotionServiceTests.test_skips_relation_until_all_oa_rows_are_completed) ... ok
test_active_relation_group_returns_one_row_with_aggregated_totals (test_oa_pending_payment_service.OaPendingPaymentQueryServiceTests.test_active_relation_group_returns_one_row_with_aggregated_totals) ... ok
test_detail_routes_return_oa_bank_invoice_and_relation_payloads (test_oa_pending_payment_service.OaPendingPaymentQueryServiceTests.test_detail_routes_return_oa_bank_invoice_and_relation_payloads) ... ok
test_filter_sort_pagination_and_validation_are_server_side_contracts (test_oa_pending_payment_service.OaPendingPaymentQueryServiceTests.test_filter_sort_pagination_and_validation_are_server_side_contracts) ... ok
test_grouped_multiple_oa_and_multiple_banks_are_not_marked_overpaid (test_oa_pending_payment_service.OaPendingPaymentQueryServiceTests.test_grouped_multiple_oa_and_multiple_banks_are_not_marked_overpaid) ... ok
test_grouped_payment_above_oa_total_is_pending_review_not_overpaid (test_oa_pending_payment_service.OaPendingPaymentQueryServiceTests.test_grouped_payment_above_oa_total_is_pending_review_not_overpaid) ... ok
test_in_progress_view_keeps_payment_admitted_record_when_completed_projection_has_same_business_record (test_oa_pending_payment_service.OaPendingPaymentQueryServiceTests.test_in_progress_view_keeps_payment_admitted_record_when_completed_projection_has_same_business_record) ... ok
test_in_progress_view_reads_bank_relation_from_pending_payment_source (test_oa_pending_payment_service.OaPendingPaymentQueryServiceTests.test_in_progress_view_reads_bank_relation_from_pending_payment_source) ... ok
test_missing_related_bank_fact_is_pending_review_not_unpaid (test_oa_pending_payment_service.OaPendingPaymentQueryServiceTests.test_missing_related_bank_fact_is_pending_review_not_unpaid) ... ok
test_multiple_bank_transactions_use_total_paid_amount_for_status_and_summary (test_oa_pending_payment_service.OaPendingPaymentQueryServiceTests.test_multiple_bank_transactions_use_total_paid_amount_for_status_and_summary) ... ok
test_oa_summary_exposes_application_time_from_detail_fields (test_oa_pending_payment_service.OaPendingPaymentQueryServiceTests.test_oa_summary_exposes_application_time_from_detail_fields) ... ok
test_only_in_progress_view_uses_payment_status_admission_projection (test_oa_pending_payment_service.OaPendingPaymentQueryServiceTests.test_only_in_progress_view_uses_payment_status_admission_projection) ... ok
test_only_outflow_bank_relations_count_as_payment_evidence (test_oa_pending_payment_service.OaPendingPaymentQueryServiceTests.test_only_outflow_bank_relations_count_as_payment_evidence) ... ok
test_page_size_limit_protects_first_screen_slo (test_oa_pending_payment_service.OaPendingPaymentQueryServiceTests.test_page_size_limit_protects_first_screen_slo) ... ok
test_paid_row_reads_oa_payment_status_writeback_state (test_oa_pending_payment_service.OaPendingPaymentQueryServiceTests.test_paid_row_reads_oa_payment_status_writeback_state) ... ok
test_relation_group_loads_all_oa_members_from_projection_lookup_and_suppresses_standalone_rows (test_oa_pending_payment_service.OaPendingPaymentQueryServiceTests.test_relation_group_loads_all_oa_members_from_projection_lookup_and_suppresses_standalone_rows) ... ok
test_view_mode_filters_completed_and_in_progress_oa_records (test_oa_pending_payment_service.OaPendingPaymentQueryServiceTests.test_view_mode_filters_completed_and_in_progress_oa_records) ... ok
test_http_server_does_not_support_in_process_oa_polling (test_oa_projection_sql_runtime.OAProjectionSqlRuntimeTests.test_http_server_does_not_support_in_process_oa_polling) ... ok
test_manual_oa_sync_api_enqueues_worker_job_without_running_sync_inline (test_oa_projection_sql_runtime.OAProjectionSqlRuntimeTests.test_manual_oa_sync_api_enqueues_worker_job_without_running_sync_inline) ... ok
test_manual_oa_sync_api_fails_closed_when_queue_is_unavailable (test_oa_projection_sql_runtime.OAProjectionSqlRuntimeTests.test_manual_oa_sync_api_fails_closed_when_queue_is_unavailable) ... ok
test_oa_sync_all_scope_prunes_non_manual_projection_rows_before_cutoff (test_oa_projection_sql_runtime.OAProjectionSqlRuntimeTests.test_oa_sync_all_scope_prunes_non_manual_projection_rows_before_cutoff) ... ok
test_oa_sync_all_scope_respects_retention_cutoff_months (test_oa_projection_sql_runtime.OAProjectionSqlRuntimeTests.test_oa_sync_all_scope_respects_retention_cutoff_months) ... ok
test_oa_sync_projection_preserves_source_bound_invoice_attachment_facts (test_oa_projection_sql_runtime.OAProjectionSqlRuntimeTests.test_oa_sync_projection_preserves_source_bound_invoice_attachment_facts) ... ok
test_oa_sync_worker_persists_projection_and_marks_downstream_scopes_dirty (test_oa_projection_sql_runtime.OAProjectionSqlRuntimeTests.test_oa_sync_worker_persists_projection_and_marks_downstream_scopes_dirty) ... ok
test_postgres_oa_projection_repository_lists_records_by_month (test_oa_projection_sql_runtime.OAProjectionSqlRuntimeTests.test_postgres_oa_projection_repository_lists_records_by_month) ... ok
test_postgres_oa_projection_repository_replaces_month_scope_and_migrates_legacy_expense_relations (test_oa_projection_sql_runtime.OAProjectionSqlRuntimeTests.test_postgres_oa_projection_repository_replaces_month_scope_and_migrates_legacy_expense_relations) ... ok
test_postgres_oa_projection_repository_writes_attachment_files_as_structured_attachments (test_oa_projection_sql_runtime.OAProjectionSqlRuntimeTests.test_postgres_oa_projection_repository_writes_attachment_files_as_structured_attachments) ... ok
test_postgres_oa_projection_repository_writes_structured_items_and_attachments (test_oa_projection_sql_runtime.OAProjectionSqlRuntimeTests.test_postgres_oa_projection_repository_writes_structured_items_and_attachments) ... ok
test_workbench_query_service_reads_oa_rows_from_sql_projection_adapter (test_oa_projection_sql_runtime.OAProjectionSqlRuntimeTests.test_workbench_query_service_reads_oa_rows_from_sql_projection_adapter) ... ok
test_month_sync_with_no_source_records_clears_existing_projection_scope (test_oa_projection_sync_service.OaProjectionSyncServiceTests.test_month_sync_with_no_source_records_clears_existing_projection_scope) ... ok
test_oa_sync_marks_oa_pending_payment_read_model_dirty_for_progress_rows (test_oa_projection_sync_service.OaProjectionSyncServiceTests.test_oa_sync_marks_oa_pending_payment_read_model_dirty_for_progress_rows) ... ok
test_oa_sync_promotes_completed_pending_payment_relations_and_marks_affected_scopes_dirty (test_oa_projection_sync_service.OaProjectionSyncServiceTests.test_oa_sync_promotes_completed_pending_payment_relations_and_marks_affected_scopes_dirty) ... ok
test_oa_sync_search_refresh_uses_search_producer_boundary (test_oa_projection_sync_service.OaProjectionSyncServiceTests.test_oa_sync_search_refresh_uses_search_producer_boundary) ... ok
test_oa_sync_treats_legacy_completed_workflow_aliases_as_completed (test_oa_projection_sync_service.OaProjectionSyncServiceTests.test_oa_sync_treats_legacy_completed_workflow_aliases_as_completed) ... ok
test_projection_application_date_uses_record_detail_date_not_month_start (test_oa_projection_sync_service.OaProjectionSyncServiceTests.test_projection_application_date_uses_record_detail_date_not_month_start) ... ok
test_sync_access_control_builds_expected_assignments (test_oa_role_sync_service.OARoleSyncServiceTests.test_sync_access_control_builds_expected_assignments) ... ok
test_bank_transaction_decision_uses_canonical_key_repository_lookup (test_object_dedup_decision_service.ObjectDedupDecisionServiceTests.test_bank_transaction_decision_uses_canonical_key_repository_lookup) ... ok
test_invoice_decision_returns_status_update_duplicate_and_suspected (test_object_dedup_decision_service.ObjectDedupDecisionServiceTests.test_invoice_decision_returns_status_update_duplicate_and_suspected) ... ok
test_invoice_with_new_canonical_key_falls_back_to_fingerprint_before_create (test_object_dedup_decision_service.ObjectDedupDecisionServiceTests.test_invoice_with_new_canonical_key_falls_back_to_fingerprint_before_create) ... ok
test_suspected_invoice_uses_suspected_key_only_without_canonical_key (test_object_dedup_decision_service.ObjectDedupDecisionServiceTests.test_suspected_invoice_uses_suspected_key_only_without_canonical_key) ... ok
test_bank_transaction_identity_does_not_use_serial_as_canonical_in_this_schema (test_object_identity_policy.FinancialObjectIdentityPolicyTests.test_bank_transaction_identity_does_not_use_serial_as_canonical_in_this_schema) ... ok
test_identify_existing_domain_objects (test_object_identity_policy.FinancialObjectIdentityPolicyTests.test_identify_existing_domain_objects) ... ok
test_invoice_canonical_priority_and_suspected_key (test_object_identity_policy.FinancialObjectIdentityPolicyTests.test_invoice_canonical_priority_and_suspected_key) ... ok
test_invoice_import_counterparty_amount_fingerprint_is_centralized_weak_key (test_object_identity_policy.FinancialObjectIdentityPolicyTests.test_invoice_import_counterparty_amount_fingerprint_is_centralized_weak_key) ... ok
test_invoice_placeholder_numbers_are_not_canonical_identity (test_object_identity_policy.FinancialObjectIdentityPolicyTests.test_invoice_placeholder_numbers_are_not_canonical_identity) ... ok
test_legacy_invoice_identity_key_keeps_existing_response_shape (test_object_identity_policy.FinancialObjectIdentityPolicyTests.test_legacy_invoice_identity_key_keeps_existing_response_shape) ... ok
test_oa_attachment_invoice_dedupe_keys_keep_legacy_priority_inside_policy (test_object_identity_policy.FinancialObjectIdentityPolicyTests.test_oa_attachment_invoice_dedupe_keys_keep_legacy_priority_inside_policy) ... ok
test_oa_attachment_invoice_evidence_classification_is_centralized (test_object_identity_policy.FinancialObjectIdentityPolicyTests.test_oa_attachment_invoice_evidence_classification_is_centralized) ... ok
test_oa_attachment_invoice_identity_preserves_existing_stable_hash (test_object_identity_policy.FinancialObjectIdentityPolicyTests.test_oa_attachment_invoice_identity_preserves_existing_stable_hash) ... ok
test_oa_attachment_invoice_weak_tax_amount_key_is_only_suspected (test_object_identity_policy.FinancialObjectIdentityPolicyTests.test_oa_attachment_invoice_weak_tax_amount_key_is_only_suspected) ... ok
test_tax_certified_unique_key_keeps_existing_shape_inside_policy (test_object_identity_policy.FinancialObjectIdentityPolicyTests.test_tax_certified_unique_key_keeps_existing_shape_inside_policy) ... ok
test_from_env_defaults_to_disabled_local_boundary (test_object_storage_repository.ObjectStorageSettingsTests.test_from_env_defaults_to_disabled_local_boundary) ... ok
test_minio_settings_accept_s3_compatible_endpoint (test_object_storage_repository.ObjectStorageSettingsTests.test_minio_settings_accept_s3_compatible_endpoint) ... ok
test_s3_repository_exposes_storage_identity_for_postgres_file_writes (test_object_storage_repository.ObjectStorageSettingsTests.test_s3_repository_exposes_storage_identity_for_postgres_file_writes) ... ok
test_s3_settings_require_bucket_and_credentials_without_constructing_client (test_object_storage_repository.ObjectStorageSettingsTests.test_s3_settings_require_bucket_and_credentials_without_constructing_client) ... ok
test_bank_account_balance_all_dirty_scope_keeps_accounts_target_refreshing (test_operation_freshness_barrier.OperationFreshnessBarrierServiceTests.test_bank_account_balance_all_dirty_scope_keeps_accounts_target_refreshing) ... ok
test_bank_account_balance_all_outbox_pending_keeps_accounts_target_refreshing (test_operation_freshness_barrier.OperationFreshnessBarrierServiceTests.test_bank_account_balance_all_outbox_pending_keeps_accounts_target_refreshing) ... ok
test_bank_detail_target_uses_exact_month_scope_for_operation_barrier (test_operation_freshness_barrier.OperationFreshnessBarrierServiceTests.test_bank_detail_target_uses_exact_month_scope_for_operation_barrier) ... ok
test_bank_flow_rule_batch_target_does_not_fall_back_to_no_oa_readiness (test_operation_freshness_barrier.OperationFreshnessBarrierServiceTests.test_bank_flow_rule_batch_target_does_not_fall_back_to_no_oa_readiness) ... ok
test_bank_flow_rule_batch_target_uses_independent_readiness (test_operation_freshness_barrier.OperationFreshnessBarrierServiceTests.test_bank_flow_rule_batch_target_uses_independent_readiness) ... ok
test_dirty_scope_keeps_target_refreshing_even_when_readiness_was_fresh (test_operation_freshness_barrier.OperationFreshnessBarrierServiceTests.test_dirty_scope_keeps_target_refreshing_even_when_readiness_was_fresh) ... ok
test_invoice_lifecycle_target_uses_exact_month_scope_for_operation_barrier (test_operation_freshness_barrier.OperationFreshnessBarrierServiceTests.test_invoice_lifecycle_target_uses_exact_month_scope_for_operation_barrier) ... ok
test_other_read_model_outbox_pending_does_not_block_bank_account_balance_all_target (test_operation_freshness_barrier.OperationFreshnessBarrierServiceTests.test_other_read_model_outbox_pending_does_not_block_bank_account_balance_all_target) ... ok
test_other_scope_outbox_pending_does_not_block_fresh_target_scope (test_operation_freshness_barrier.OperationFreshnessBarrierServiceTests.test_other_scope_outbox_pending_does_not_block_fresh_target_scope) ... ok
test_outbox_failure_blocks_target_even_if_readiness_is_fresh (test_operation_freshness_barrier.OperationFreshnessBarrierServiceTests.test_outbox_failure_blocks_target_even_if_readiness_is_fresh) ... ok
test_reports_fresh_when_target_scope_readiness_is_fresh (test_operation_freshness_barrier.OperationFreshnessBarrierServiceTests.test_reports_fresh_when_target_scope_readiness_is_fresh) ... ok
test_target_scope_outbox_pending_keeps_target_refreshing_when_readiness_was_fresh (test_operation_freshness_barrier.OperationFreshnessBarrierServiceTests.test_target_scope_outbox_pending_keeps_target_refreshing_when_readiness_was_fresh) ... ok
test_targets_from_payload_accepts_single_target_contract (test_operation_freshness_barrier.OperationFreshnessBarrierServiceTests.test_targets_from_payload_accepts_single_target_contract) ... ok
test_targets_from_payload_rejects_non_object_entries (test_operation_freshness_barrier.OperationFreshnessBarrierServiceTests.test_targets_from_payload_rejects_non_object_entries) ... ok
test_unknown_read_model_is_blocked_not_fake_fresh (test_operation_freshness_barrier.OperationFreshnessBarrierServiceTests.test_unknown_read_model_is_blocked_not_fake_fresh) ... ok
test_build_payload_reports_inventory_performance_and_runtime_metrics (test_operations_dashboard_service.OperationsDashboardServiceTests.test_build_payload_reports_inventory_performance_and_runtime_metrics) ... ok
test_import_events_failure_warns_without_blocking_inventory (test_operations_dashboard_service.OperationsDashboardServiceTests.test_import_events_failure_warns_without_blocking_inventory) ... ok
test_invoice_inventory_unknown_uses_null_not_zero (test_operations_dashboard_service.OperationsDashboardServiceTests.test_invoice_inventory_unknown_uses_null_not_zero) ... ok
test_invoice_inventory_uses_canonical_source_links_not_oa_cache_or_workbench_rows (test_operations_dashboard_service.OperationsDashboardServiceTests.test_invoice_inventory_uses_canonical_source_links_not_oa_cache_or_workbench_rows) ... ok
test_runtime_repository_bounds_read_model_duration_history_query (test_operations_dashboard_service.OperationsDashboardServiceTests.test_runtime_repository_bounds_read_model_duration_history_query) ... ok
test_runtime_repository_outputs_unknown_queue_rows_when_rabbitmq_metrics_unavailable (test_operations_dashboard_service.OperationsDashboardServiceTests.test_runtime_repository_outputs_unknown_queue_rows_when_rabbitmq_metrics_unavailable) ... ok
test_runtime_repository_reports_missing_and_stale_required_workers (test_operations_dashboard_service.OperationsDashboardServiceTests.test_runtime_repository_reports_missing_and_stale_required_workers) ... ok
test_runtime_repository_splits_outbox_dashboard_attention_candidates (test_operations_dashboard_service.OperationsDashboardServiceTests.test_runtime_repository_splits_outbox_dashboard_attention_candidates) ... ok
test_runtime_repository_uses_recent_window_for_read_model_health_duration (test_operations_dashboard_service.OperationsDashboardServiceTests.test_runtime_repository_uses_recent_window_for_read_model_health_duration) ... ok
test_detail_routes_require_output_collection_read_session (test_output_invoice_collection_api.OutputInvoiceCollectionApiTests.test_detail_routes_require_output_collection_read_session) ... ok
test_detail_rules_preview_history_and_relation_routes (test_output_invoice_collection_api.OutputInvoiceCollectionApiTests.test_detail_rules_preview_history_and_relation_routes) ... ok
test_export_and_filter_routes_preserve_refreshing_sql_read_model_payload (test_output_invoice_collection_api.OutputInvoiceCollectionApiTests.test_export_and_filter_routes_preserve_refreshing_sql_read_model_payload) ... ok
test_export_preview_and_download_use_current_filter_without_pagination (test_output_invoice_collection_api.OutputInvoiceCollectionApiTests.test_export_preview_and_download_use_current_filter_without_pagination) ... ok
test_export_rejects_row_count_over_contract_limit (test_output_invoice_collection_api.OutputInvoiceCollectionApiTests.test_export_rejects_row_count_over_contract_limit) ... ok
test_invoice_relation_details_returns_all_related_output_invoices (test_output_invoice_collection_api.OutputInvoiceCollectionApiTests.test_invoice_relation_details_returns_all_related_output_invoices) ... ok
test_lifecycle_write_routes_overlay_rows_and_create_real_receipt_history (test_output_invoice_collection_api.OutputInvoiceCollectionApiTests.test_lifecycle_write_routes_overlay_rows_and_create_real_receipt_history) ... ok
test_relation_details_require_sql_repository_in_production_without_live_rebuild (test_output_invoice_collection_api.OutputInvoiceCollectionApiTests.test_relation_details_require_sql_repository_in_production_without_live_rebuild) ... ok
test_relation_details_use_fresh_sql_read_model_row_without_live_rebuild (test_output_invoice_collection_api.OutputInvoiceCollectionApiTests.test_relation_details_use_fresh_sql_read_model_row_without_live_rebuild) ... ok
test_routes_return_structured_validation_and_not_found_errors (test_output_invoice_collection_api.OutputInvoiceCollectionApiTests.test_routes_return_structured_validation_and_not_found_errors) ... ok
test_rows_route_returns_output_invoice_collection_read_model (test_output_invoice_collection_api.OutputInvoiceCollectionApiTests.test_rows_route_returns_output_invoice_collection_read_model) ... ok
test_sql_fresh_rows_route_applies_lifecycle_overlay_before_response (test_output_invoice_collection_api.OutputInvoiceCollectionApiTests.test_sql_fresh_rows_route_applies_lifecycle_overlay_before_response) ... ok
test_lifecycle_overlays_and_receipt_history_are_tenant_scoped (test_output_invoice_collection_lifecycle.OutputInvoiceCollectionLifecycleTests.test_lifecycle_overlays_and_receipt_history_are_tenant_scoped) ... ok
test_manual_status_and_reminder_overlay_rows_and_enqueue_month_scope (test_output_invoice_collection_lifecycle.OutputInvoiceCollectionLifecycleTests.test_manual_status_and_reminder_overlay_rows_and_enqueue_month_scope) ... ok
test_postgres_red_relation_revoke_not_found_fails_closed (test_output_invoice_collection_lifecycle.OutputInvoiceCollectionLifecycleTests.test_postgres_red_relation_revoke_not_found_fails_closed) ... ok
test_receipt_numbers_are_unique_under_concurrent_creates_and_reset_periods (test_output_invoice_collection_lifecycle.OutputInvoiceCollectionLifecycleTests.test_receipt_numbers_are_unique_under_concurrent_creates_and_reset_periods) ... ok
test_receipts_are_idempotent_and_history_is_real (test_output_invoice_collection_lifecycle.OutputInvoiceCollectionLifecycleTests.test_receipts_are_idempotent_and_history_is_real) ... ok
test_red_relation_overlay_adds_manual_evidence (test_output_invoice_collection_lifecycle.OutputInvoiceCollectionLifecycleTests.test_red_relation_overlay_adds_manual_evidence) ... ok
test_schema_stale_payload_enqueues_refresh_without_marking_fresh (test_output_invoice_collection_read_model_fresh_gate_service.OutputInvoiceCollectionReadModelFreshGateServiceTests.test_schema_stale_payload_enqueues_refresh_without_marking_fresh) ... ok
test_source_version_stale_payload_includes_stale_reasons (test_output_invoice_collection_read_model_fresh_gate_service.OutputInvoiceCollectionReadModelFreshGateServiceTests.test_source_version_stale_payload_includes_stale_reasons) ... ok
test_candidate_bank_relation_is_visible_without_marking_invoice_collected (test_output_invoice_collection_service.OutputInvoiceCollectionQueryServiceTests.test_candidate_bank_relation_is_visible_without_marking_invoice_collected) ... ok
test_collection_status_uses_red_refund_priority_before_collected_and_pending_rules (test_output_invoice_collection_service.OutputInvoiceCollectionQueryServiceTests.test_collection_status_uses_red_refund_priority_before_collected_and_pending_rules) ... ok
test_default_rows_read_repository_output_invoice_facts_when_memory_snapshot_is_empty (test_output_invoice_collection_service.OutputInvoiceCollectionQueryServiceTests.test_default_rows_read_repository_output_invoice_facts_when_memory_snapshot_is_empty) ... ok
test_filter_options_are_built_from_all_matching_rows_not_first_page_only (test_output_invoice_collection_service.OutputInvoiceCollectionQueryServiceTests.test_filter_options_are_built_from_all_matching_rows_not_first_page_only) ... ok
test_list_rows_batches_repository_bank_reads_across_all_invoice_rows (test_output_invoice_collection_service.OutputInvoiceCollectionQueryServiceTests.test_list_rows_batches_repository_bank_reads_across_all_invoice_rows) ... ok
test_multi_output_relation_emits_single_net_collection_row (test_output_invoice_collection_service.OutputInvoiceCollectionQueryServiceTests.test_multi_output_relation_emits_single_net_collection_row) ... ok
test_page_size_limit_protects_first_screen_slo (test_output_invoice_collection_service.OutputInvoiceCollectionQueryServiceTests.test_page_size_limit_protects_first_screen_slo) ... ok
test_pagination_filter_sort_and_filter_options_are_server_side_contracts (test_output_invoice_collection_service.OutputInvoiceCollectionQueryServiceTests.test_pagination_filter_sort_and_filter_options_are_server_side_contracts) ... ok
test_receipt_preview_blocks_no_income_and_red_refund_rows_without_fake_history (test_output_invoice_collection_service.OutputInvoiceCollectionQueryServiceTests.test_receipt_preview_blocks_no_income_and_red_refund_rows_without_fake_history) ... ok
test_receipt_preview_uses_single_income_transaction_or_requires_selection (test_output_invoice_collection_service.OutputInvoiceCollectionQueryServiceTests.test_receipt_preview_uses_single_income_transaction_or_requires_selection) ... ok
test_rows_are_one_formal_output_invoice_with_read_model_shape (test_output_invoice_collection_service.OutputInvoiceCollectionQueryServiceTests.test_rows_are_one_formal_output_invoice_with_read_model_shape) ... ok
test_unified_relation_payload_exposes_multiple_oa_bank_and_output_invoices (test_output_invoice_collection_service.OutputInvoiceCollectionQueryServiceTests.test_unified_relation_payload_exposes_multiple_oa_bank_and_output_invoices) ... ok
test_validation_rejects_unknown_filter_sort_and_relation_kind (test_output_invoice_collection_service.OutputInvoiceCollectionQueryServiceTests.test_validation_rejects_unknown_filter_sort_and_relation_kind) ... ok
test_build_summary_parses_pages_items_and_gates (test_p2p3_closure_summary.P2P3ClosureSummaryTests.test_build_summary_parses_pages_items_and_gates) ... ok
test_cli_returns_input_error_for_missing_plan (test_p2p3_closure_summary.P2P3ClosureSummaryTests.test_cli_returns_input_error_for_missing_plan) ... ok
test_current_plan_outputs_all_17_pages_and_items (test_p2p3_closure_summary.P2P3ClosureSummaryTests.test_current_plan_outputs_all_17_pages_and_items) ... ok
test_classifies_auth_input_and_dry_run_branches (test_p2p3_gate_result_classifier.P2P3GateResultClassifierTests.test_classifies_auth_input_and_dry_run_branches) ... ok
test_classifies_configuration_missing_as_environment_required (test_p2p3_gate_result_classifier.P2P3GateResultClassifierTests.test_classifies_configuration_missing_as_environment_required) ... ok
test_classifies_direct_health_ready_payload_failure_as_runtime_repair (test_p2p3_gate_result_classifier.P2P3GateResultClassifierTests.test_classifies_direct_health_ready_payload_failure_as_runtime_repair) ... ok
test_classifies_nested_write_approval_missing_as_approval_required (test_p2p3_gate_result_classifier.P2P3GateResultClassifierTests.test_classifies_nested_write_approval_missing_as_approval_required) ... ok
test_classifies_runtime_and_durable_gate_failures (test_p2p3_gate_result_classifier.P2P3GateResultClassifierTests.test_classifies_runtime_and_durable_gate_failures) ... ok
test_cli_reads_file_and_rejects_invalid_json (test_p2p3_gate_result_classifier.P2P3GateResultClassifierTests.test_cli_reads_file_and_rejects_invalid_json) ... ok
test_passed_result_records_passed_classification (test_p2p3_gate_result_classifier.P2P3GateResultClassifierTests.test_passed_result_records_passed_classification) ... ok
test_batch_attach_existing_invoice_endpoints (test_pending_invoice_api.PendingInvoiceApiTests.test_batch_attach_existing_invoice_endpoints) ... ok
test_detail_candidates_attach_rules_and_export_endpoints (test_pending_invoice_api.PendingInvoiceApiTests.test_detail_candidates_attach_rules_and_export_endpoints) ... ok
test_export_endpoints_reject_row_limit_before_xlsx_generation (test_pending_invoice_api.PendingInvoiceApiTests.test_export_endpoints_reject_row_limit_before_xlsx_generation) ... ok
test_filter_options_uses_sql_aggregation_after_fresh_gate (test_pending_invoice_api.PendingInvoiceApiTests.test_filter_options_uses_sql_aggregation_after_fresh_gate) ... ok
test_income_endpoint_accepts_rule_group_filter (test_pending_invoice_api.PendingInvoiceApiTests.test_income_endpoint_accepts_rule_group_filter) ... ok
test_income_pending_invoice_rules_are_saved_separately_from_expense_rules (test_pending_invoice_api.PendingInvoiceApiTests.test_income_pending_invoice_rules_are_saved_separately_from_expense_rules) ... ok
test_income_status_batch_endpoint_is_idempotent_and_updates_row_statuses (test_pending_invoice_api.PendingInvoiceApiTests.test_income_status_batch_endpoint_is_idempotent_and_updates_row_statuses) ... ok
test_income_status_override_endpoint_is_idempotent_and_updates_row_status (test_pending_invoice_api.PendingInvoiceApiTests.test_income_status_override_endpoint_is_idempotent_and_updates_row_status) ... ok
test_legacy_manual_invoice_recoverable_failure_persists_command_log (test_pending_invoice_api.PendingInvoiceApiTests.test_legacy_manual_invoice_recoverable_failure_persists_command_log) ... ok
test_manual_invoice_endpoints_are_not_reachable (test_pending_invoice_api.PendingInvoiceApiTests.test_manual_invoice_endpoints_are_not_reachable) ... ok
test_oa_detail_endpoint_rejects_candidate_id (test_pending_invoice_api.PendingInvoiceApiTests.test_oa_detail_endpoint_rejects_candidate_id) ... ok
test_pending_invoice_rules_available_tags_match_bank_auto_rules_only (test_pending_invoice_api.PendingInvoiceApiTests.test_pending_invoice_rules_available_tags_match_bank_auto_rules_only) ... ok
test_pending_invoice_rules_get_derives_requires_invoice_from_active_tag_complement (test_pending_invoice_api.PendingInvoiceApiTests.test_pending_invoice_rules_get_derives_requires_invoice_from_active_tag_complement) ... ok
test_pending_invoice_rules_put_enqueues_all_rule_filter_read_model_scopes (test_pending_invoice_api.PendingInvoiceApiTests.test_pending_invoice_rules_put_enqueues_all_rule_filter_read_model_scopes) ... ok
test_pending_invoice_rules_put_ignores_legacy_requires_invoice_input (test_pending_invoice_api.PendingInvoiceApiTests.test_pending_invoice_rules_put_ignores_legacy_requires_invoice_input) ... ok
test_pending_invoice_rules_put_rejects_duplicate_editable_group_mapping (test_pending_invoice_api.PendingInvoiceApiTests.test_pending_invoice_rules_put_rejects_duplicate_editable_group_mapping) ... ok
test_pending_invoice_rules_put_rejects_stale_rule_version (test_pending_invoice_api.PendingInvoiceApiTests.test_pending_invoice_rules_put_rejects_stale_rule_version) ... ok
test_pending_invoice_rules_put_runs_low_coupling_lifecycle_without_unrelated_domains (test_pending_invoice_api.PendingInvoiceApiTests.test_pending_invoice_rules_put_runs_low_coupling_lifecycle_without_unrelated_domains) ... ok
test_pending_invoice_rules_update_requires_write_permission (test_pending_invoice_api.PendingInvoiceApiTests.test_pending_invoice_rules_update_requires_write_permission) ... ok
test_read_model_miss_returns_refreshing_without_sync_scan (test_pending_invoice_api.PendingInvoiceApiTests.test_read_model_miss_returns_refreshing_without_sync_scan) ... ok
test_rows_endpoint_rejects_unconfigured_read_model_without_sync_scan (test_pending_invoice_api.PendingInvoiceApiTests.test_rows_endpoint_rejects_unconfigured_read_model_without_sync_scan) ... ok
test_rows_endpoint_returns_oa_detail_contract_fields (test_pending_invoice_api.PendingInvoiceApiTests.test_rows_endpoint_returns_oa_detail_contract_fields) ... ok
test_rows_endpoint_returns_pending_invoice_rows (test_pending_invoice_api.PendingInvoiceApiTests.test_rows_endpoint_returns_pending_invoice_rows) ... ok
test_settings_update_requires_write_permission (test_pending_invoice_api.PendingInvoiceApiTests.test_settings_update_requires_write_permission) ... ok
test_inspects_invalid_oa_identity_and_enqueues_existing_pending_scopes (test_pending_invoice_oa_identity_backfill.PendingInvoiceOaIdentityBackfillTests.test_inspects_invalid_oa_identity_and_enqueues_existing_pending_scopes) ... ok
test_accepts_typed_oa_identity_without_legacy_prefix_requirement (test_pending_invoice_relation_identity.PendingInvoiceRelationIdentityTests.test_accepts_typed_oa_identity_without_legacy_prefix_requirement) ... ok
test_extracts_typed_real_oa_bank_invoice_ids_and_case_ids (test_pending_invoice_relation_identity.PendingInvoiceRelationIdentityTests.test_extracts_typed_real_oa_bank_invoice_ids_and_case_ids) ... ok
test_falls_back_to_prefixes_without_guessing_candidate_type (test_pending_invoice_relation_identity.PendingInvoiceRelationIdentityTests.test_falls_back_to_prefixes_without_guessing_candidate_type) ... ok
test_rejects_candidate_ids_as_oa_row_identity (test_pending_invoice_relation_identity.PendingInvoiceRelationIdentityTests.test_rejects_candidate_ids_as_oa_row_identity) ... ok
test_attach_existing_allows_invoice_already_linked_to_another_bank_payment (test_pending_invoice_service.PendingInvoiceApplicationServiceTests.test_attach_existing_allows_invoice_already_linked_to_another_bank_payment) ... ok
test_attach_existing_batch_merges_existing_oa_relation_and_withdraw_restores_previous_state (test_pending_invoice_service.PendingInvoiceApplicationServiceTests.test_attach_existing_batch_merges_existing_oa_relation_and_withdraw_restores_previous_state) ... ok
test_confirm_allows_existing_bank_oa_relation_when_creating_invoice_relation (test_pending_invoice_service.PendingInvoiceApplicationServiceTests.test_confirm_allows_existing_bank_oa_relation_when_creating_invoice_relation) ... ok
test_confirm_attach_existing_invoice_delegates_relation_write_to_command_service (test_pending_invoice_service.PendingInvoiceApplicationServiceTests.test_confirm_attach_existing_invoice_delegates_relation_write_to_command_service) ... ok
test_confirm_attach_existing_invoices_batch_delegates_relation_write_to_command_service (test_pending_invoice_service.PendingInvoiceApplicationServiceTests.test_confirm_attach_existing_invoices_batch_delegates_relation_write_to_command_service) ... ok
test_confirm_creates_canonical_invoice_relation_audit_and_finalization (test_pending_invoice_service.PendingInvoiceApplicationServiceTests.test_confirm_creates_canonical_invoice_relation_audit_and_finalization) ... ok
test_confirm_income_status_overrides_batch_is_idempotent_and_fans_out_once (test_pending_invoice_service.PendingInvoiceApplicationServiceTests.test_confirm_income_status_overrides_batch_is_idempotent_and_fans_out_once) ... ok
test_confirm_income_status_overrides_batch_rejects_duplicates_before_writing (test_pending_invoice_service.PendingInvoiceApplicationServiceTests.test_confirm_income_status_overrides_batch_rejects_duplicates_before_writing) ... ok
test_confirm_income_status_overrides_batch_rejects_explicitly_unavailable_rows_before_writing (test_pending_invoice_service.PendingInvoiceApplicationServiceTests.test_confirm_income_status_overrides_batch_rejects_explicitly_unavailable_rows_before_writing) ... ok
test_confirm_income_status_overrides_batch_rejects_ineligible_rows_before_writing (test_pending_invoice_service.PendingInvoiceApplicationServiceTests.test_confirm_income_status_overrides_batch_rejects_ineligible_rows_before_writing) ... ok
test_confirm_manual_invoice_delegates_relation_write_to_command_service (test_pending_invoice_service.PendingInvoiceApplicationServiceTests.test_confirm_manual_invoice_delegates_relation_write_to_command_service) ... ok
test_confirm_manual_invoice_fails_fast_when_relation_read_model_is_stale (test_pending_invoice_service.PendingInvoiceApplicationServiceTests.test_confirm_manual_invoice_fails_fast_when_relation_read_model_is_stale) ... ok
test_duplicate_invoice_marks_command_failed_terminal (test_pending_invoice_service.PendingInvoiceApplicationServiceTests.test_duplicate_invoice_marks_command_failed_terminal) ... ok
test_orphan_invoice_with_same_request_key_is_repaired_without_duplicate_invoice (test_pending_invoice_service.PendingInvoiceApplicationServiceTests.test_orphan_invoice_with_same_request_key_is_repaired_without_duplicate_invoice) ... ok
test_preview_and_confirm_attach_existing_invoice_are_idempotent (test_pending_invoice_service.PendingInvoiceApplicationServiceTests.test_preview_and_confirm_attach_existing_invoice_are_idempotent) ... ok
test_preview_and_confirm_attach_existing_invoices_batch_are_idempotent (test_pending_invoice_service.PendingInvoiceApplicationServiceTests.test_preview_and_confirm_attach_existing_invoices_batch_are_idempotent) ... ok
test_preview_validates_without_writes_and_returns_identity_relation_impact (test_pending_invoice_service.PendingInvoiceApplicationServiceTests.test_preview_validates_without_writes_and_returns_identity_relation_impact) ... ok
test_retry_recovers_invoice_created_before_relation_created (test_pending_invoice_service.PendingInvoiceApplicationServiceTests.test_retry_recovers_invoice_created_before_relation_created) ... ok
test_retry_recovers_relation_created_before_finalization (test_pending_invoice_service.PendingInvoiceApplicationServiceTests.test_retry_recovers_relation_created_before_finalization) ... ok
test_same_request_id_is_idempotent (test_pending_invoice_service.PendingInvoiceApplicationServiceTests.test_same_request_id_is_idempotent) ... ok
test_all_direction_combines_expense_and_income_rows (test_pending_invoice_service.PendingInvoiceQueryServiceTests.test_all_direction_combines_expense_and_income_rows) ... ok
test_bank_account_label_uses_bank_mapping_not_company_account_name (test_pending_invoice_service.PendingInvoiceQueryServiceTests.test_bank_account_label_uses_bank_mapping_not_company_account_name) ... ok
test_candidate_distribution_is_visible_without_closing_pending_invoice (test_pending_invoice_service.PendingInvoiceQueryServiceTests.test_candidate_distribution_is_visible_without_closing_pending_invoice) ... ok
test_expense_rows_use_input_invoices_and_keep_multiple_invoices_in_one_bank_row (test_pending_invoice_service.PendingInvoiceQueryServiceTests.test_expense_rows_use_input_invoices_and_keep_multiple_invoices_in_one_bank_row) ... ok
test_expense_rule_filters_use_effective_category_path_for_bank_statement_group (test_pending_invoice_service.PendingInvoiceQueryServiceTests.test_expense_rule_filters_use_effective_category_path_for_bank_statement_group) ... ok
test_expense_status_priority_uses_rules_and_invoice_payment_facts (test_pending_invoice_service.PendingInvoiceQueryServiceTests.test_expense_status_priority_uses_rules_and_invoice_payment_facts) ... ok
test_filter_json_and_sort_use_four_zone_fields (test_pending_invoice_service.PendingInvoiceQueryServiceTests.test_filter_json_and_sort_use_four_zone_fields) ... ok
test_filter_rules_and_can_create_invoice_follow_pending_invoice_tag_groups (test_pending_invoice_service.PendingInvoiceQueryServiceTests.test_filter_rules_and_can_create_invoice_follow_pending_invoice_tag_groups) ... ok
test_filter_rules_use_effective_auto_categories (test_pending_invoice_service.PendingInvoiceQueryServiceTests.test_filter_rules_use_effective_auto_categories) ... ok
test_income_filters_use_pending_output_invoice_rule_groups (test_pending_invoice_service.PendingInvoiceQueryServiceTests.test_income_filters_use_pending_output_invoice_rule_groups) ... ok
test_income_rejects_expense_only_filters (test_pending_invoice_service.PendingInvoiceQueryServiceTests.test_income_rejects_expense_only_filters) ... ok
test_income_relation_detail_uses_income_direction_and_output_invoices (test_pending_invoice_service.PendingInvoiceQueryServiceTests.test_income_relation_detail_uses_income_direction_and_output_invoices) ... ok
test_income_rows_use_output_invoices_and_missing_relation_has_dash_applicant (test_pending_invoice_service.PendingInvoiceQueryServiceTests.test_income_rows_use_output_invoices_and_missing_relation_has_dash_applicant) ... ok
test_income_rule_filters_use_effective_categories_and_active_requires_complement (test_pending_invoice_service.PendingInvoiceQueryServiceTests.test_income_rule_filters_use_effective_categories_and_active_requires_complement) ... ok
test_income_statuses_use_output_invoices_rules_and_manual_override (test_pending_invoice_service.PendingInvoiceQueryServiceTests.test_income_statuses_use_output_invoices_rules_and_manual_override) ... ok
test_invoice_candidate_with_other_bank_payment_remains_available (test_pending_invoice_service.PendingInvoiceQueryServiceTests.test_invoice_candidate_with_other_bank_payment_remains_available) ... ok
test_invoice_candidates_batch_uses_selected_transaction_total_for_difference (test_pending_invoice_service.PendingInvoiceQueryServiceTests.test_invoice_candidates_batch_uses_selected_transaction_total_for_difference) ... ok
test_invoice_candidates_keep_oa_invoice_relation_available_for_attachment (test_pending_invoice_service.PendingInvoiceQueryServiceTests.test_invoice_candidates_keep_oa_invoice_relation_available_for_attachment) ... ok
test_invoice_candidates_load_repository_transaction_without_snapshot_imports (test_pending_invoice_service.PendingInvoiceQueryServiceTests.test_invoice_candidates_load_repository_transaction_without_snapshot_imports) ... ok
test_invoice_candidates_mark_unknown_invoice_relation_as_conflict (test_pending_invoice_service.PendingInvoiceQueryServiceTests.test_invoice_candidates_mark_unknown_invoice_relation_as_conflict) ... ok
test_invoice_candidates_sort_status_and_amount_difference (test_pending_invoice_service.PendingInvoiceQueryServiceTests.test_invoice_candidates_sort_status_and_amount_difference) ... ok
test_list_rows_reads_repository_transactions_without_snapshot_imports (test_pending_invoice_service.PendingInvoiceQueryServiceTests.test_list_rows_reads_repository_transactions_without_snapshot_imports) ... ok
test_normalize_row_payloads_loads_bank_mapping_once_per_page (test_pending_invoice_service.PendingInvoiceQueryServiceTests.test_normalize_row_payloads_loads_bank_mapping_once_per_page) ... ok
test_oa_detail_rejects_candidate_relation_case_id (test_pending_invoice_service.PendingInvoiceQueryServiceTests.test_oa_detail_rejects_candidate_relation_case_id) ... ok
test_oa_detail_uses_oa_projection_payment_application_layout (test_pending_invoice_service.PendingInvoiceQueryServiceTests.test_oa_detail_uses_oa_projection_payment_application_layout) ... ok
test_oa_detail_uses_workbench_relation_distribution_case_id (test_pending_invoice_service.PendingInvoiceQueryServiceTests.test_oa_detail_uses_workbench_relation_distribution_case_id) ... ok
test_page_size_limit_protects_first_screen_slo (test_pending_invoice_service.PendingInvoiceQueryServiceTests.test_page_size_limit_protects_first_screen_slo) ... ok
test_relation_detail_looks_up_transaction_directly_beyond_first_page (test_pending_invoice_service.PendingInvoiceQueryServiceTests.test_relation_detail_looks_up_transaction_directly_beyond_first_page) ... ok
test_relation_detail_uses_workbench_relation_distribution_for_oa_attachment_invoices (test_pending_invoice_service.PendingInvoiceQueryServiceTests.test_relation_detail_uses_workbench_relation_distribution_for_oa_attachment_invoices) ... ok
test_requires_invoice_filter_uses_active_tag_complement (test_pending_invoice_service.PendingInvoiceQueryServiceTests.test_requires_invoice_filter_uses_active_tag_complement) ... ok
test_rows_keep_candidate_case_id_separate_from_real_oa_id (test_pending_invoice_service.PendingInvoiceQueryServiceTests.test_rows_keep_candidate_case_id_separate_from_real_oa_id) ... ok
test_transaction_rows_collapse_multi_bank_relation_into_one_grouped_row (test_pending_invoice_service.PendingInvoiceQueryServiceTests.test_transaction_rows_collapse_multi_bank_relation_into_one_grouped_row) ... ok
test_covered_browser_rows_have_dynamic_opener_or_documented_static_role_matrix_proof (test_permissions_write_entry_inventory.PermissionsWriteEntryInventoryTests.test_covered_browser_rows_have_dynamic_opener_or_documented_static_role_matrix_proof) ... ok
test_documented_browser_evidence_paths_resolve_to_current_files (test_permissions_write_entry_inventory.PermissionsWriteEntryInventoryTests.test_documented_browser_evidence_paths_resolve_to_current_files) ... ok
test_documented_role_matrix_openers_are_implemented (test_permissions_write_entry_inventory.PermissionsWriteEntryInventoryTests.test_documented_role_matrix_openers_are_implemented) ... ok
test_every_page_registry_route_has_a_write_entry_inventory_row (test_permissions_write_entry_inventory.PermissionsWriteEntryInventoryTests.test_every_page_registry_route_has_a_write_entry_inventory_row) ... ok
test_every_readable_page_registry_route_is_in_role_matrix_smoke (test_permissions_write_entry_inventory.PermissionsWriteEntryInventoryTests.test_every_readable_page_registry_route_is_in_role_matrix_smoke) ... ok
test_inventory_covered_rows_have_browser_evidence (test_permissions_write_entry_inventory.PermissionsWriteEntryInventoryTests.test_inventory_covered_rows_have_browser_evidence) ... ok
test_mutating_feature_api_files_are_mapped_to_write_entry_inventory (test_permissions_write_entry_inventory.PermissionsWriteEntryInventoryTests.test_mutating_feature_api_files_are_mapped_to_write_entry_inventory) ... ok
test_role_matrix_opener_and_static_coverage_modules_are_current_covered_browser_rows (test_permissions_write_entry_inventory.PermissionsWriteEntryInventoryTests.test_role_matrix_opener_and_static_coverage_modules_are_current_covered_browser_rows) ... ok
test_role_matrix_opener_registry_is_documented (test_permissions_write_entry_inventory.PermissionsWriteEntryInventoryTests.test_role_matrix_opener_registry_is_documented) ... ok
test_role_matrix_readable_paths_match_current_page_registry (test_permissions_write_entry_inventory.PermissionsWriteEntryInventoryTests.test_role_matrix_readable_paths_match_current_page_registry) ... ok
test_role_matrix_write_control_keywords_are_documented (test_permissions_write_entry_inventory.PermissionsWriteEntryInventoryTests.test_role_matrix_write_control_keywords_are_documented) ... ok
test_role_matrix_write_control_keywords_cover_known_deep_actions (test_permissions_write_entry_inventory.PermissionsWriteEntryInventoryTests.test_role_matrix_write_control_keywords_cover_known_deep_actions) ... ok
test_source_write_control_sentinels_are_registered_and_present (test_permissions_write_entry_inventory.PermissionsWriteEntryInventoryTests.test_source_write_control_sentinels_are_registered_and_present) ... ok
test_write_entry_inventory_rows_match_current_page_registry_modules (test_permissions_write_entry_inventory.PermissionsWriteEntryInventoryTests.test_write_entry_inventory_rows_match_current_page_registry_modules) ... ok
test_app_handlers_do_not_execute_raw_postgres_sql (test_platform_runtime_boundary_guards.PlatformRuntimeBoundaryGuardTests.test_app_handlers_do_not_execute_raw_postgres_sql) ... ok
test_app_invoice_writes_stay_in_core_repository (test_platform_runtime_boundary_guards.PlatformRuntimeBoundaryGuardTests.test_app_invoice_writes_stay_in_core_repository) ... ok
test_app_mongo_export_tool_is_removed (test_platform_runtime_boundary_guards.PlatformRuntimeBoundaryGuardTests.test_app_mongo_export_tool_is_removed) ... ok
test_app_mongo_shadow_preflight_tools_are_removed (test_platform_runtime_boundary_guards.PlatformRuntimeBoundaryGuardTests.test_app_mongo_shadow_preflight_tools_are_removed) ... ok
test_application_state_store_bank_transaction_categories_do_not_use_app_mongo (test_platform_runtime_boundary_guards.PlatformRuntimeBoundaryGuardTests.test_application_state_store_bank_transaction_categories_do_not_use_app_mongo) ... ok
test_application_state_store_cost_and_tax_read_models_do_not_use_app_mongo (test_platform_runtime_boundary_guards.PlatformRuntimeBoundaryGuardTests.test_application_state_store_cost_and_tax_read_models_do_not_use_app_mongo) ... ok
test_application_state_store_does_not_open_app_mongo_snapshot_source (test_platform_runtime_boundary_guards.PlatformRuntimeBoundaryGuardTests.test_application_state_store_does_not_open_app_mongo_snapshot_source) ... ok
test_application_state_store_etc_file_paths_do_not_use_mongo_gridfs (test_platform_runtime_boundary_guards.PlatformRuntimeBoundaryGuardTests.test_application_state_store_etc_file_paths_do_not_use_mongo_gridfs) ... ok
test_application_state_store_etc_states_do_not_use_app_mongo (test_platform_runtime_boundary_guards.PlatformRuntimeBoundaryGuardTests.test_application_state_store_etc_states_do_not_use_app_mongo) ... ok
test_application_state_store_historical_etc_repair_does_not_use_app_mongo (test_platform_runtime_boundary_guards.PlatformRuntimeBoundaryGuardTests.test_application_state_store_historical_etc_repair_does_not_use_app_mongo) ... ok
test_application_state_store_import_matching_snapshots_do_not_use_app_mongo (test_platform_runtime_boundary_guards.PlatformRuntimeBoundaryGuardTests.test_application_state_store_import_matching_snapshots_do_not_use_app_mongo) ... ok
test_application_state_store_jobs_and_health_do_not_use_app_mongo (test_platform_runtime_boundary_guards.PlatformRuntimeBoundaryGuardTests.test_application_state_store_jobs_and_health_do_not_use_app_mongo) ... ok
test_application_state_store_no_oa_bank_batches_do_not_use_app_mongo (test_platform_runtime_boundary_guards.PlatformRuntimeBoundaryGuardTests.test_application_state_store_no_oa_bank_batches_do_not_use_app_mongo) ... ok
test_application_state_store_oa_pending_payment_bank_relations_do_not_use_app_mongo (test_platform_runtime_boundary_guards.PlatformRuntimeBoundaryGuardTests.test_application_state_store_oa_pending_payment_bank_relations_do_not_use_app_mongo) ... ok
test_application_state_store_settings_and_oa_cache_do_not_use_app_mongo (test_platform_runtime_boundary_guards.PlatformRuntimeBoundaryGuardTests.test_application_state_store_settings_and_oa_cache_do_not_use_app_mongo) ... ok
test_application_state_store_tax_imports_do_not_use_app_mongo (test_platform_runtime_boundary_guards.PlatformRuntimeBoundaryGuardTests.test_application_state_store_tax_imports_do_not_use_app_mongo) ... ok
test_application_state_store_turnover_facts_do_not_use_app_mongo (test_platform_runtime_boundary_guards.PlatformRuntimeBoundaryGuardTests.test_application_state_store_turnover_facts_do_not_use_app_mongo) ... ok
test_application_state_store_workbench_overrides_do_not_use_app_mongo (test_platform_runtime_boundary_guards.PlatformRuntimeBoundaryGuardTests.test_application_state_store_workbench_overrides_do_not_use_app_mongo) ... ok
test_application_state_store_workbench_pair_relations_do_not_use_app_mongo (test_platform_runtime_boundary_guards.PlatformRuntimeBoundaryGuardTests.test_application_state_store_workbench_pair_relations_do_not_use_app_mongo) ... ok
test_application_state_store_workbench_read_models_do_not_use_app_mongo (test_platform_runtime_boundary_guards.PlatformRuntimeBoundaryGuardTests.test_application_state_store_workbench_read_models_do_not_use_app_mongo) ... ok
test_bank_account_balance_accounts_path_does_not_fallback_to_bank_detail_port (test_platform_runtime_boundary_guards.PlatformRuntimeBoundaryGuardTests.test_bank_account_balance_accounts_path_does_not_fallback_to_bank_detail_port) ... ok
test_bank_account_balance_derived_lifecycle_uses_explicit_executor_boundary (test_platform_runtime_boundary_guards.PlatformRuntimeBoundaryGuardTests.test_bank_account_balance_derived_lifecycle_uses_explicit_executor_boundary) ... ok
test_bank_account_balance_refresh_producer_helpers_stay_out_of_application (test_platform_runtime_boundary_guards.PlatformRuntimeBoundaryGuardTests.test_bank_account_balance_refresh_producer_helpers_stay_out_of_application) ... ok
test_bank_detail_server_read_cache_helpers_stay_on_application_service_boundary (test_platform_runtime_boundary_guards.PlatformRuntimeBoundaryGuardTests.test_bank_detail_server_read_cache_helpers_stay_on_application_service_boundary) ... ok
test_bank_details_auto_tag_and_category_writes_stay_on_application_boundary (test_platform_runtime_boundary_guards.PlatformRuntimeBoundaryGuardTests.test_bank_details_auto_tag_and_category_writes_stay_on_application_boundary) ... ok
test_bank_details_read_export_routes_use_route_owner (test_platform_runtime_boundary_guards.PlatformRuntimeBoundaryGuardTests.test_bank_details_read_export_routes_use_route_owner) ... ok
test_bank_details_relation_tags_only_read_relation_distribution_facade (test_platform_runtime_boundary_guards.PlatformRuntimeBoundaryGuardTests.test_bank_details_relation_tags_only_read_relation_distribution_facade) ... ok
test_bank_flow_rule_batch_derived_lifecycle_uses_own_executor_boundary (test_platform_runtime_boundary_guards.PlatformRuntimeBoundaryGuardTests.test_bank_flow_rule_batch_derived_lifecycle_uses_own_executor_boundary) ... ok
test_bank_transaction_import_frontend_uses_file_session_api_only (test_platform_runtime_boundary_guards.PlatformRuntimeBoundaryGuardTests.test_bank_transaction_import_frontend_uses_file_session_api_only) ... ok
test_batch_accounting_legacy_repair_entrypoint_is_removed (test_platform_runtime_boundary_guards.PlatformRuntimeBoundaryGuardTests.test_batch_accounting_legacy_repair_entrypoint_is_removed) ... ok
test_batch_accounting_pair_relation_restore_uses_shared_pair_relation_boundary (test_platform_runtime_boundary_guards.PlatformRuntimeBoundaryGuardTests.test_batch_accounting_pair_relation_restore_uses_shared_pair_relation_boundary) ... ok
test_batch_accounting_route_handlers_do_not_bypass_service_boundaries (test_platform_runtime_boundary_guards.PlatformRuntimeBoundaryGuardTests.test_batch_accounting_route_handlers_do_not_bypass_service_boundaries) ... ok
test_batch_accounting_submit_has_no_direct_pair_write_fallback (test_platform_runtime_boundary_guards.PlatformRuntimeBoundaryGuardTests.test_batch_accounting_submit_has_no_direct_pair_write_fallback) ... ok
test_batch_accounting_withdraw_has_no_direct_pair_write_fallback (test_platform_runtime_boundary_guards.PlatformRuntimeBoundaryGuardTests.test_batch_accounting_withdraw_has_no_direct_pair_write_fallback) ... ok
test_broad_persist_state_does_not_serialize_pair_relations (test_platform_runtime_boundary_guards.PlatformRuntimeBoundaryGuardTests.test_broad_persist_state_does_not_serialize_pair_relations) ... ok
test_business_code_does_not_write_outbox_or_dirty_scopes_directly (test_platform_runtime_boundary_guards.PlatformRuntimeBoundaryGuardTests.test_business_code_does_not_write_outbox_or_dirty_scopes_directly) ... ok
test_business_services_do_not_directly_query_identity_sql (test_platform_runtime_boundary_guards.PlatformRuntimeBoundaryGuardTests.test_business_services_do_not_directly_query_identity_sql) ... ok
test_canonical_fact_legacy_source_paths_stay_in_removal_baseline (test_platform_runtime_boundary_guards.PlatformRuntimeBoundaryGuardTests.test_canonical_fact_legacy_source_paths_stay_in_removal_baseline) ... ok
test_canonical_fact_tools_use_runtime_application_state_io_boundary (test_platform_runtime_boundary_guards.PlatformRuntimeBoundaryGuardTests.test_canonical_fact_tools_use_runtime_application_state_io_boundary) ... ok
test_canonical_gridfs_legacy_worker_path_is_removed (test_platform_runtime_boundary_guards.PlatformRuntimeBoundaryGuardTests.test_canonical_gridfs_legacy_worker_path_is_removed) ... ok
test_canonical_workbench_pair_relation_direct_write_fallbacks_do_not_return (test_platform_runtime_boundary_guards.PlatformRuntimeBoundaryGuardTests.test_canonical_workbench_pair_relation_direct_write_fallbacks_do_not_return) ... ok
test_cost_statistics_derived_lifecycle_uses_explicit_executor_boundary (test_platform_runtime_boundary_guards.PlatformRuntimeBoundaryGuardTests.test_cost_statistics_derived_lifecycle_uses_explicit_executor_boundary) ... ok
test_cost_statistics_query_runtime_do_not_keep_legacy_live_fallbacks (test_platform_runtime_boundary_guards.PlatformRuntimeBoundaryGuardTests.test_cost_statistics_query_runtime_do_not_keep_legacy_live_fallbacks) ... ok
test_cost_statistics_routes_use_route_owner (test_platform_runtime_boundary_guards.PlatformRuntimeBoundaryGuardTests.test_cost_statistics_routes_use_route_owner) ... ok
test_cutover_preflight_checker_is_removed (test_platform_runtime_boundary_guards.PlatformRuntimeBoundaryGuardTests.test_cutover_preflight_checker_is_removed) ... ok
test_deploy_runtime_templates_do_not_enable_postgres_full_state_snapshot (test_platform_runtime_boundary_guards.PlatformRuntimeBoundaryGuardTests.test_deploy_runtime_templates_do_not_enable_postgres_full_state_snapshot) ... ok
test_deploy_runtime_templates_keep_app_storage_backend_postgres (test_platform_runtime_boundary_guards.PlatformRuntimeBoundaryGuardTests.test_deploy_runtime_templates_keep_app_storage_backend_postgres) ... ok
test_downstream_relation_query_services_do_not_accept_pair_relation_service (test_platform_runtime_boundary_guards.PlatformRuntimeBoundaryGuardTests.test_downstream_relation_query_services_do_not_accept_pair_relation_service) ... ok
test_downstream_relation_read_models_use_workbench_relation_distribution (test_platform_runtime_boundary_guards.PlatformRuntimeBoundaryGuardTests.test_downstream_relation_read_models_use_workbench_relation_distribution) ... ok
test_etc_business_batch_routes_do_not_keep_removed_legacy_handlers (test_platform_runtime_boundary_guards.PlatformRuntimeBoundaryGuardTests.test_etc_business_batch_routes_do_not_keep_removed_legacy_handlers) ... ok
test_etc_existing_invoice_link_logic_stays_out_of_server_and_worker_helpers (test_platform_runtime_boundary_guards.PlatformRuntimeBoundaryGuardTests.test_etc_existing_invoice_link_logic_stays_out_of_server_and_worker_helpers) ... ok
test_etc_import_routes_delegate_to_route_owner (test_platform_runtime_boundary_guards.PlatformRuntimeBoundaryGuardTests.test_etc_import_routes_delegate_to_route_owner) ... ok
test_etc_invoice_routes_delegate_to_route_owner (test_platform_runtime_boundary_guards.PlatformRuntimeBoundaryGuardTests.test_etc_invoice_routes_delegate_to_route_owner) ... ok
test_etc_paths_do_not_call_legacy_canonical_sync_helpers (test_platform_runtime_boundary_guards.PlatformRuntimeBoundaryGuardTests.test_etc_paths_do_not_call_legacy_canonical_sync_helpers) ... ok
test_etc_reconciliation_task_routes_delegate_to_route_owner (test_platform_runtime_boundary_guards.PlatformRuntimeBoundaryGuardTests.test_etc_reconciliation_task_routes_delegate_to_route_owner) ... ok
test_etc_repair_and_link_services_do_not_keep_direct_relation_write_fallbacks (test_platform_runtime_boundary_guards.PlatformRuntimeBoundaryGuardTests.test_etc_repair_and_link_services_do_not_keep_direct_relation_write_fallbacks) ... ok
test_etc_summary_relation_delete_uses_workbench_relation_command_boundary (test_platform_runtime_boundary_guards.PlatformRuntimeBoundaryGuardTests.test_etc_summary_relation_delete_uses_workbench_relation_command_boundary) ... ok
test_explicit_production_guard_rejects_legacy_bootstrap_and_full_snapshot_flag (test_platform_runtime_boundary_guards.PlatformRuntimeBoundaryGuardTests.test_explicit_production_guard_rejects_legacy_bootstrap_and_full_snapshot_flag) ... ok
test_explicit_production_guard_rejects_non_postgres_storage_backend (test_platform_runtime_boundary_guards.PlatformRuntimeBoundaryGuardTests.test_explicit_production_guard_rejects_non_postgres_storage_backend) ... ok
test_external_oa_mysql_client_is_confined_to_role_sync_adapter (test_platform_runtime_boundary_guards.PlatformRuntimeBoundaryGuardTests.test_external_oa_mysql_client_is_confined_to_role_sync_adapter) ... ok
test_financial_object_identity_rules_are_centralized (test_platform_runtime_boundary_guards.PlatformRuntimeBoundaryGuardTests.test_financial_object_identity_rules_are_centralized) ... ok
test_input_invoice_oa_reverse_relation_writer_uses_command_boundary (test_platform_runtime_boundary_guards.PlatformRuntimeBoundaryGuardTests.test_input_invoice_oa_reverse_relation_writer_uses_command_boundary) ... ok
test_input_invoice_oa_reverse_routes_use_route_owner (test_platform_runtime_boundary_guards.PlatformRuntimeBoundaryGuardTests.test_input_invoice_oa_reverse_routes_use_route_owner) ... ok
test_input_invoice_usage_read_routes_use_route_owner (test_platform_runtime_boundary_guards.PlatformRuntimeBoundaryGuardTests.test_input_invoice_usage_read_routes_use_route_owner) ... ok
test_invoice_lifecycle_derived_lifecycle_uses_explicit_executor_boundary (test_platform_runtime_boundary_guards.PlatformRuntimeBoundaryGuardTests.test_invoice_lifecycle_derived_lifecycle_uses_explicit_executor_boundary) ... ok
test_legacy_contamination_surfaces_stay_quarantined (test_platform_runtime_boundary_guards.PlatformRuntimeBoundaryGuardTests.test_legacy_contamination_surfaces_stay_quarantined) ... ok
test_legacy_etc_batch_backend_api_is_removed (test_platform_runtime_boundary_guards.PlatformRuntimeBoundaryGuardTests.test_legacy_etc_batch_backend_api_is_removed) ... ok
test_legacy_import_fact_consistency_tool_is_removed (test_platform_runtime_boundary_guards.PlatformRuntimeBoundaryGuardTests.test_legacy_import_fact_consistency_tool_is_removed) ... ok
test_legacy_mongo_export_manifest_helpers_are_removed (test_platform_runtime_boundary_guards.PlatformRuntimeBoundaryGuardTests.test_legacy_mongo_export_manifest_helpers_are_removed) ... ok
test_legacy_mongo_exporter_definition_package_is_removed (test_platform_runtime_boundary_guards.PlatformRuntimeBoundaryGuardTests.test_legacy_mongo_exporter_definition_package_is_removed) ... ok
test_legacy_mongo_staging_migration_cli_tools_are_removed (test_platform_runtime_boundary_guards.PlatformRuntimeBoundaryGuardTests.test_legacy_mongo_staging_migration_cli_tools_are_removed) ... ok
test_legacy_postgres_migration_reconcile_tool_is_removed (test_platform_runtime_boundary_guards.PlatformRuntimeBoundaryGuardTests.test_legacy_postgres_migration_reconcile_tool_is_removed) ... ok
test_legacy_postgres_transform_tool_is_removed (test_platform_runtime_boundary_guards.PlatformRuntimeBoundaryGuardTests.test_legacy_postgres_transform_tool_is_removed) ... ok
test_legacy_read_model_reconcile_tools_are_removed (test_platform_runtime_boundary_guards.PlatformRuntimeBoundaryGuardTests.test_legacy_read_model_reconcile_tools_are_removed) ... ok
test_legacy_workbench_api_routes_are_read_only_and_action_service_deleted (test_platform_runtime_boundary_guards.PlatformRuntimeBoundaryGuardTests.test_legacy_workbench_api_routes_are_read_only_and_action_service_deleted) ... ok
test_legacy_workbench_http_endpoints_stay_deleted (test_platform_runtime_boundary_guards.PlatformRuntimeBoundaryGuardTests.test_legacy_workbench_http_endpoints_stay_deleted) ... ok
test_local_state_store_does_not_expose_legacy_mongo_settings_loader (test_platform_runtime_boundary_guards.PlatformRuntimeBoundaryGuardTests.test_local_state_store_does_not_expose_legacy_mongo_settings_loader) ... ok
test_modern_workbench_action_route_owner_final_residual_audit_selects_cancel_exception_cleanup (test_platform_runtime_boundary_guards.PlatformRuntimeBoundaryGuardTests.test_modern_workbench_action_route_owner_final_residual_audit_selects_cancel_exception_cleanup) ... ok
test_modern_workbench_action_route_owner_local_closure_audit_selects_row_detail_audit (test_platform_runtime_boundary_guards.PlatformRuntimeBoundaryGuardTests.test_modern_workbench_action_route_owner_local_closure_audit_selects_row_detail_audit) ... ok
test_modern_workbench_action_route_owner_post_extraction_audit_selects_withdraw_preview (test_platform_runtime_boundary_guards.PlatformRuntimeBoundaryGuardTests.test_modern_workbench_action_route_owner_post_extraction_audit_selects_withdraw_preview) ... ok
test_no_oa_application_uses_pair_relation_snapshot_port (test_platform_runtime_boundary_guards.PlatformRuntimeBoundaryGuardTests.test_no_oa_application_uses_pair_relation_snapshot_port) ... ok
test_no_oa_bank_batch_derived_lifecycle_uses_explicit_executor_boundary (test_platform_runtime_boundary_guards.PlatformRuntimeBoundaryGuardTests.test_no_oa_bank_batch_derived_lifecycle_uses_explicit_executor_boundary) ... ok
test_no_oa_bank_batch_refresh_enqueue_uses_producer_boundary (test_platform_runtime_boundary_guards.PlatformRuntimeBoundaryGuardTests.test_no_oa_bank_batch_refresh_enqueue_uses_producer_boundary) ... ok
test_no_oa_bank_batch_routes_delegate_to_route_owner (test_platform_runtime_boundary_guards.PlatformRuntimeBoundaryGuardTests.test_no_oa_bank_batch_routes_delegate_to_route_owner) ... ok
test_no_oa_bank_batch_workbench_display_policy_uses_service_boundary (test_platform_runtime_boundary_guards.PlatformRuntimeBoundaryGuardTests.test_no_oa_bank_batch_workbench_display_policy_uses_service_boundary) ... ok
test_no_oa_bank_batch_workbench_payload_decoration_uses_service_boundary (test_platform_runtime_boundary_guards.PlatformRuntimeBoundaryGuardTests.test_no_oa_bank_batch_workbench_payload_decoration_uses_service_boundary) ... ok
test_no_oa_domain_relation_reads_use_repair_read_port (test_platform_runtime_boundary_guards.PlatformRuntimeBoundaryGuardTests.test_no_oa_domain_relation_reads_use_repair_read_port) ... ok
test_no_oa_legacy_repairs_have_no_direct_pair_write_fallback (test_platform_runtime_boundary_guards.PlatformRuntimeBoundaryGuardTests.test_no_oa_legacy_repairs_have_no_direct_pair_write_fallback) ... ok
test_no_oa_list_read_model_uses_repository_port (test_platform_runtime_boundary_guards.PlatformRuntimeBoundaryGuardTests.test_no_oa_list_read_model_uses_repository_port) ... ok
test_no_oa_mutation_persistence_requires_atomic_boundary (test_platform_runtime_boundary_guards.PlatformRuntimeBoundaryGuardTests.test_no_oa_mutation_persistence_requires_atomic_boundary) ... ok
test_no_oa_read_model_refresh_does_not_run_relation_repairs (test_platform_runtime_boundary_guards.PlatformRuntimeBoundaryGuardTests.test_no_oa_read_model_refresh_does_not_run_relation_repairs) ... ok
test_no_oa_source_version_helpers_stay_out_of_application (test_platform_runtime_boundary_guards.PlatformRuntimeBoundaryGuardTests.test_no_oa_source_version_helpers_stay_out_of_application) ... ok
test_no_oa_worker_bootstrap_does_not_load_full_workbench_snapshot (test_platform_runtime_boundary_guards.PlatformRuntimeBoundaryGuardTests.test_no_oa_worker_bootstrap_does_not_load_full_workbench_snapshot) ... ok
test_oa_attachment_audit_tool_is_removed (test_platform_runtime_boundary_guards.PlatformRuntimeBoundaryGuardTests.test_oa_attachment_audit_tool_is_removed) ... ok
test_oa_attachment_invoice_create_permission_is_gated_by_recognition_service (test_platform_runtime_boundary_guards.PlatformRuntimeBoundaryGuardTests.test_oa_attachment_invoice_create_permission_is_gated_by_recognition_service) ... ok
test_oa_attachment_invoice_identity_and_etc_dry_run_do_not_reintroduce_private_rules (test_platform_runtime_boundary_guards.PlatformRuntimeBoundaryGuardTests.test_oa_attachment_invoice_identity_and_etc_dry_run_do_not_reintroduce_private_rules) ... ok
test_oa_mongo_adapter_direct_use_is_allowlisted (test_platform_runtime_boundary_guards.PlatformRuntimeBoundaryGuardTests.test_oa_mongo_adapter_direct_use_is_allowlisted) ... ok
test_oa_pending_payment_routes_use_route_owner (test_platform_runtime_boundary_guards.PlatformRuntimeBoundaryGuardTests.test_oa_pending_payment_routes_use_route_owner) ... ok
test_output_invoice_collection_boundary_does_not_depend_on_redis_or_rabbitmq_clients (test_platform_runtime_boundary_guards.PlatformRuntimeBoundaryGuardTests.test_output_invoice_collection_boundary_does_not_depend_on_redis_or_rabbitmq_clients) ... ok
test_output_invoice_collection_read_export_routes_use_route_owner (test_platform_runtime_boundary_guards.PlatformRuntimeBoundaryGuardTests.test_output_invoice_collection_read_export_routes_use_route_owner) ... ok
test_pending_invoice_read_export_routes_use_route_owner (test_platform_runtime_boundary_guards.PlatformRuntimeBoundaryGuardTests.test_pending_invoice_read_export_routes_use_route_owner) ... ok
test_pending_invoice_services_do_not_depend_on_redis_or_rabbitmq_clients (test_platform_runtime_boundary_guards.PlatformRuntimeBoundaryGuardTests.test_pending_invoice_services_do_not_depend_on_redis_or_rabbitmq_clients) ... ok
test_pending_invoice_write_routes_use_route_owner (test_platform_runtime_boundary_guards.PlatformRuntimeBoundaryGuardTests.test_pending_invoice_write_routes_use_route_owner) ... ok
test_postgres_canonical_fact_methods_do_not_use_runtime_settings_snapshots (test_platform_runtime_boundary_guards.PlatformRuntimeBoundaryGuardTests.test_postgres_canonical_fact_methods_do_not_use_runtime_settings_snapshots) ... ok
test_production_runtime_paths_do_not_import_local_state_store (test_platform_runtime_boundary_guards.PlatformRuntimeBoundaryGuardTests.test_production_runtime_paths_do_not_import_local_state_store) ... ok
test_production_services_do_not_type_bind_to_local_application_state_store (test_platform_runtime_boundary_guards.PlatformRuntimeBoundaryGuardTests.test_production_services_do_not_type_bind_to_local_application_state_store) ... ok
test_raw_postgres_sql_in_services_is_classified_by_platform_boundary (test_platform_runtime_boundary_guards.PlatformRuntimeBoundaryGuardTests.test_raw_postgres_sql_in_services_is_classified_by_platform_boundary) ... ok
test_read_model_refresh_producers_use_scope_gateway_boundary (test_platform_runtime_boundary_guards.PlatformRuntimeBoundaryGuardTests.test_read_model_refresh_producers_use_scope_gateway_boundary) ... ok
test_real_redis_and_rabbitmq_clients_are_confined_to_platform_adapters (test_platform_runtime_boundary_guards.PlatformRuntimeBoundaryGuardTests.test_real_redis_and_rabbitmq_clients_are_confined_to_platform_adapters) ... ok
test_runtime_code_does_not_reference_legacy_etc_oa_detection_worker (test_platform_runtime_boundary_guards.PlatformRuntimeBoundaryGuardTests.test_runtime_code_does_not_reference_legacy_etc_oa_detection_worker) ... ok
test_runtime_convergence_closure_tool_is_removed (test_platform_runtime_boundary_guards.PlatformRuntimeBoundaryGuardTests.test_runtime_convergence_closure_tool_is_removed) ... ok
test_runtime_worker_entrypoint_does_not_import_application (test_platform_runtime_boundary_guards.PlatformRuntimeBoundaryGuardTests.test_runtime_worker_entrypoint_does_not_import_application) ... ok
test_runtime_worker_handler_bootstrap_does_not_import_application_or_auth (test_platform_runtime_boundary_guards.PlatformRuntimeBoundaryGuardTests.test_runtime_worker_handler_bootstrap_does_not_import_application_or_auth) ... ok
test_search_query_freshness_helpers_stay_out_of_application (test_platform_runtime_boundary_guards.PlatformRuntimeBoundaryGuardTests.test_search_query_freshness_helpers_stay_out_of_application) ... ok
test_search_rebuild_helpers_stay_out_of_application (test_platform_runtime_boundary_guards.PlatformRuntimeBoundaryGuardTests.test_search_rebuild_helpers_stay_out_of_application) ... ok
test_search_refresh_producer_helpers_stay_out_of_application (test_platform_runtime_boundary_guards.PlatformRuntimeBoundaryGuardTests.test_search_refresh_producer_helpers_stay_out_of_application) ... ok
test_server_active_relation_repairs_use_relation_command_boundary (test_platform_runtime_boundary_guards.PlatformRuntimeBoundaryGuardTests.test_server_active_relation_repairs_use_relation_command_boundary) ... ok
test_server_auto_pair_conflict_uses_relation_read_port (test_platform_runtime_boundary_guards.PlatformRuntimeBoundaryGuardTests.test_server_auto_pair_conflict_uses_relation_read_port) ... ok
test_server_case_id_allocation_uses_allocator (test_platform_runtime_boundary_guards.PlatformRuntimeBoundaryGuardTests.test_server_case_id_allocation_uses_allocator) ... ok
test_server_confirm_link_context_uses_relation_read_port (test_platform_runtime_boundary_guards.PlatformRuntimeBoundaryGuardTests.test_server_confirm_link_context_uses_relation_read_port) ... ok
test_server_direct_oa_mongo_adapter_legacy_bootstrap_builder_is_removed (test_platform_runtime_boundary_guards.PlatformRuntimeBoundaryGuardTests.test_server_direct_oa_mongo_adapter_legacy_bootstrap_builder_is_removed) ... ok
test_server_no_longer_owns_import_confirm_processors (test_platform_runtime_boundary_guards.PlatformRuntimeBoundaryGuardTests.test_server_no_longer_owns_import_confirm_processors) ... ok
test_server_no_longer_owns_pending_invoice_read_model_builder_or_gate (test_platform_runtime_boundary_guards.PlatformRuntimeBoundaryGuardTests.test_server_no_longer_owns_pending_invoice_read_model_builder_or_gate) ... ok
test_server_oa_attachment_repair_uses_relation_read_port (test_platform_runtime_boundary_guards.PlatformRuntimeBoundaryGuardTests.test_server_oa_attachment_repair_uses_relation_read_port) ... ok
test_server_oa_invoice_offset_sync_uses_relation_read_port (test_platform_runtime_boundary_guards.PlatformRuntimeBoundaryGuardTests.test_server_oa_invoice_offset_sync_uses_relation_read_port) ... ok
test_server_retained_oa_supplemental_uses_relation_read_port (test_platform_runtime_boundary_guards.PlatformRuntimeBoundaryGuardTests.test_server_retained_oa_supplemental_uses_relation_read_port) ... ok
test_server_route_owner_inventory_stays_registered (test_platform_runtime_boundary_guards.PlatformRuntimeBoundaryGuardTests.test_server_route_owner_inventory_stays_registered) ... ok
test_server_source_versions_use_relation_source_version_provider (test_platform_runtime_boundary_guards.PlatformRuntimeBoundaryGuardTests.test_server_source_versions_use_relation_source_version_provider) ... ok
test_server_workbench_payload_relation_reads_use_payload_read_port (test_platform_runtime_boundary_guards.PlatformRuntimeBoundaryGuardTests.test_server_workbench_payload_relation_reads_use_payload_read_port) ... ok
test_services_do_not_import_http_auth_boundary_or_parse_cookie_token_headers (test_platform_runtime_boundary_guards.PlatformRuntimeBoundaryGuardTests.test_services_do_not_import_http_auth_boundary_or_parse_cookie_token_headers) ... ok
test_settings_data_reset_pair_snapshot_uses_explicit_port (test_platform_runtime_boundary_guards.PlatformRuntimeBoundaryGuardTests.test_settings_data_reset_pair_snapshot_uses_explicit_port) ... ok
test_settings_data_reset_uses_background_job_service_only (test_platform_runtime_boundary_guards.PlatformRuntimeBoundaryGuardTests.test_settings_data_reset_uses_background_job_service_only) ... ok
test_settings_routes_use_route_owner (test_platform_runtime_boundary_guards.PlatformRuntimeBoundaryGuardTests.test_settings_routes_use_route_owner) ... ok
test_shadow_and_dual_state_store_modules_are_removed (test_platform_runtime_boundary_guards.PlatformRuntimeBoundaryGuardTests.test_shadow_and_dual_state_store_modules_are_removed) ... ok
test_tax_certified_import_routes_use_route_owner (test_platform_runtime_boundary_guards.PlatformRuntimeBoundaryGuardTests.test_tax_certified_import_routes_use_route_owner) ... ok
test_tax_offset_derived_lifecycle_uses_explicit_executor_boundary (test_platform_runtime_boundary_guards.PlatformRuntimeBoundaryGuardTests.test_tax_offset_derived_lifecycle_uses_explicit_executor_boundary) ... ok
test_tax_offset_read_plan_routes_use_route_owner (test_platform_runtime_boundary_guards.PlatformRuntimeBoundaryGuardTests.test_tax_offset_read_plan_routes_use_route_owner) ... ok
test_transaction_pair_relation_persist_uses_relation_repository_owner (test_platform_runtime_boundary_guards.PlatformRuntimeBoundaryGuardTests.test_transaction_pair_relation_persist_uses_relation_repository_owner) ... ok
test_turnover_ledger_read_export_routes_use_route_owner (test_platform_runtime_boundary_guards.PlatformRuntimeBoundaryGuardTests.test_turnover_ledger_read_export_routes_use_route_owner) ... ok
test_turnover_local_pair_snapshot_uses_explicit_port (test_platform_runtime_boundary_guards.PlatformRuntimeBoundaryGuardTests.test_turnover_local_pair_snapshot_uses_explicit_port) ... ok
test_turnover_workbench_pair_port_has_no_direct_pair_write_fallback (test_platform_runtime_boundary_guards.PlatformRuntimeBoundaryGuardTests.test_turnover_workbench_pair_port_has_no_direct_pair_write_fallback) ... ok
test_web_etc_api_does_not_call_legacy_batch_mutations_or_list (test_platform_runtime_boundary_guards.PlatformRuntimeBoundaryGuardTests.test_web_etc_api_does_not_call_legacy_batch_mutations_or_list) ... ok
test_web_etc_test_mock_does_not_reintroduce_legacy_etc_routes (test_platform_runtime_boundary_guards.PlatformRuntimeBoundaryGuardTests.test_web_etc_test_mock_does_not_reintroduce_legacy_etc_routes) ... ok
test_workbench_api_payload_assembler_extraction_stays_local (test_platform_runtime_boundary_guards.PlatformRuntimeBoundaryGuardTests.test_workbench_api_payload_assembler_extraction_stays_local) ... ok
test_workbench_cache_read_payload_helper_extraction_stays_local (test_platform_runtime_boundary_guards.PlatformRuntimeBoundaryGuardTests.test_workbench_cache_read_payload_helper_extraction_stays_local) ... ok
test_workbench_cancel_exception_delegation_is_owned_by_action_route_owner (test_platform_runtime_boundary_guards.PlatformRuntimeBoundaryGuardTests.test_workbench_cancel_exception_delegation_is_owned_by_action_route_owner) ... ok
test_workbench_cancel_exception_noop_cleanup_updates_queue (test_platform_runtime_boundary_guards.PlatformRuntimeBoundaryGuardTests.test_workbench_cancel_exception_noop_cleanup_updates_queue) ... ok
test_workbench_cancel_link_delegation_is_owned_by_action_route_owner (test_platform_runtime_boundary_guards.PlatformRuntimeBoundaryGuardTests.test_workbench_cancel_link_delegation_is_owned_by_action_route_owner) ... ok
test_workbench_candidate_snapshot_repair_tool_is_removed (test_platform_runtime_boundary_guards.PlatformRuntimeBoundaryGuardTests.test_workbench_candidate_snapshot_repair_tool_is_removed) ... ok
test_workbench_canonical_oa_attachment_invoice_row_builder_extraction_stays_local (test_platform_runtime_boundary_guards.PlatformRuntimeBoundaryGuardTests.test_workbench_canonical_oa_attachment_invoice_row_builder_extraction_stays_local) ... ok
test_workbench_canonical_oa_attachment_raw_payload_repairer_extraction_stays_local (test_platform_runtime_boundary_guards.PlatformRuntimeBoundaryGuardTests.test_workbench_canonical_oa_attachment_raw_payload_repairer_extraction_stays_local) ... ok
test_workbench_cash_special_delegation_is_owned_by_action_route_owner (test_platform_runtime_boundary_guards.PlatformRuntimeBoundaryGuardTests.test_workbench_cash_special_delegation_is_owned_by_action_route_owner) ... ok
test_workbench_compute_go_shadow_admission_remains_guarded (test_platform_runtime_boundary_guards.PlatformRuntimeBoundaryGuardTests.test_workbench_compute_go_shadow_admission_remains_guarded) ... ok
test_workbench_compute_reference_state_writes_stay_in_python_boundaries (test_platform_runtime_boundary_guards.PlatformRuntimeBoundaryGuardTests.test_workbench_compute_reference_state_writes_stay_in_python_boundaries) ... ok
test_workbench_confirm_and_cancel_link_have_no_direct_pair_write_fallback (test_platform_runtime_boundary_guards.PlatformRuntimeBoundaryGuardTests.test_workbench_confirm_and_cancel_link_have_no_direct_pair_write_fallback) ... ok
test_workbench_confirm_link_preview_mapping_is_owned_by_action_route_owner (test_platform_runtime_boundary_guards.PlatformRuntimeBoundaryGuardTests.test_workbench_confirm_link_preview_mapping_is_owned_by_action_route_owner) ... ok
test_workbench_confirm_link_submit_delegation_is_owned_by_action_route_owner (test_platform_runtime_boundary_guards.PlatformRuntimeBoundaryGuardTests.test_workbench_confirm_link_submit_delegation_is_owned_by_action_route_owner) ... ok
test_workbench_events_active_stream_registry_extraction_stays_local (test_platform_runtime_boundary_guards.PlatformRuntimeBoundaryGuardTests.test_workbench_events_active_stream_registry_extraction_stays_local) ... ok
test_workbench_events_stream_route_owner_extraction_stays_local (test_platform_runtime_boundary_guards.PlatformRuntimeBoundaryGuardTests.test_workbench_events_stream_route_owner_extraction_stays_local) ... ok
test_workbench_exception_application_uses_relation_command_boundary (test_platform_runtime_boundary_guards.PlatformRuntimeBoundaryGuardTests.test_workbench_exception_application_uses_relation_command_boundary) ... ok
test_workbench_exception_apply_mapping_is_owned_by_action_route_owner (test_platform_runtime_boundary_guards.PlatformRuntimeBoundaryGuardTests.test_workbench_exception_apply_mapping_is_owned_by_action_route_owner) ... ok
test_workbench_exception_preview_mapping_is_owned_by_action_route_owner (test_platform_runtime_boundary_guards.PlatformRuntimeBoundaryGuardTests.test_workbench_exception_preview_mapping_is_owned_by_action_route_owner) ... ok
test_workbench_exception_restore_uses_explicit_service_boundary (test_platform_runtime_boundary_guards.PlatformRuntimeBoundaryGuardTests.test_workbench_exception_restore_uses_explicit_service_boundary) ... ok
test_workbench_full_payload_fetcher_stays_deleted_from_frontend_runtime (test_platform_runtime_boundary_guards.PlatformRuntimeBoundaryGuardTests.test_workbench_full_payload_fetcher_stays_deleted_from_frontend_runtime) ... ok
test_workbench_group_detail_route_owner_audit_selects_extraction (test_platform_runtime_boundary_guards.PlatformRuntimeBoundaryGuardTests.test_workbench_group_detail_route_owner_audit_selects_extraction) ... ok
test_workbench_group_row_payload_helper_extraction_stays_local (test_platform_runtime_boundary_guards.PlatformRuntimeBoundaryGuardTests.test_workbench_group_row_payload_helper_extraction_stays_local) ... ok
test_workbench_groups_read_route_owner_extraction_stays_local (test_platform_runtime_boundary_guards.PlatformRuntimeBoundaryGuardTests.test_workbench_groups_read_route_owner_extraction_stays_local) ... ok
test_workbench_ignore_row_delegation_is_owned_by_action_route_owner (test_platform_runtime_boundary_guards.PlatformRuntimeBoundaryGuardTests.test_workbench_ignore_row_delegation_is_owned_by_action_route_owner) ... ok
test_workbench_legacy_api_sql_read_provider_extraction_stays_local (test_platform_runtime_boundary_guards.PlatformRuntimeBoundaryGuardTests.test_workbench_legacy_api_sql_read_provider_extraction_stays_local) ... ok
test_workbench_live_oa_merge_helper_extraction_stays_local (test_platform_runtime_boundary_guards.PlatformRuntimeBoundaryGuardTests.test_workbench_live_oa_merge_helper_extraction_stays_local) ... ok
test_workbench_live_payload_builder_extraction_stays_local (test_platform_runtime_boundary_guards.PlatformRuntimeBoundaryGuardTests.test_workbench_live_payload_builder_extraction_stays_local) ... ok
test_workbench_mark_exception_delegation_is_owned_by_action_route_owner (test_platform_runtime_boundary_guards.PlatformRuntimeBoundaryGuardTests.test_workbench_mark_exception_delegation_is_owned_by_action_route_owner) ... ok
test_workbench_matching_uses_relation_read_port_not_pair_service (test_platform_runtime_boundary_guards.PlatformRuntimeBoundaryGuardTests.test_workbench_matching_uses_relation_read_port_not_pair_service) ... ok
test_workbench_oa_attachment_context_row_index_extraction_stays_local (test_platform_runtime_boundary_guards.PlatformRuntimeBoundaryGuardTests.test_workbench_oa_attachment_context_row_index_extraction_stays_local) ... ok
test_workbench_oa_attachment_source_link_resolver_extraction_stays_local (test_platform_runtime_boundary_guards.PlatformRuntimeBoundaryGuardTests.test_workbench_oa_attachment_source_link_resolver_extraction_stays_local) ... ok
test_workbench_oa_bank_exception_delegation_is_owned_by_action_route_owner (test_platform_runtime_boundary_guards.PlatformRuntimeBoundaryGuardTests.test_workbench_oa_bank_exception_delegation_is_owned_by_action_route_owner) ... ok
test_workbench_oa_invoice_offset_desired_relation_builder_extraction_stays_local (test_platform_runtime_boundary_guards.PlatformRuntimeBoundaryGuardTests.test_workbench_oa_invoice_offset_desired_relation_builder_extraction_stays_local) ... ok
test_workbench_oa_invoice_offset_rebuild_helper_extraction_stays_local (test_platform_runtime_boundary_guards.PlatformRuntimeBoundaryGuardTests.test_workbench_oa_invoice_offset_rebuild_helper_extraction_stays_local) ... ok
test_workbench_oa_payload_builder_extraction_stays_local (test_platform_runtime_boundary_guards.PlatformRuntimeBoundaryGuardTests.test_workbench_oa_payload_builder_extraction_stays_local) ... ok
test_workbench_oa_raw_payload_signal_month_helper_extraction_stays_local (test_platform_runtime_boundary_guards.PlatformRuntimeBoundaryGuardTests.test_workbench_oa_raw_payload_signal_month_helper_extraction_stays_local) ... ok
test_workbench_oa_retention_date_parser_extraction_stays_local (test_platform_runtime_boundary_guards.PlatformRuntimeBoundaryGuardTests.test_workbench_oa_retention_date_parser_extraction_stays_local) ... ok
test_workbench_pair_relation_display_policy_extraction_stays_local (test_platform_runtime_boundary_guards.PlatformRuntimeBoundaryGuardTests.test_workbench_pair_relation_display_policy_extraction_stays_local) ... ok
test_workbench_pair_relation_persist_uses_explicit_service_boundary (test_platform_runtime_boundary_guards.PlatformRuntimeBoundaryGuardTests.test_workbench_pair_relation_persist_uses_explicit_service_boundary) ... ok
test_workbench_pair_relation_restore_uses_explicit_service_boundary (test_platform_runtime_boundary_guards.PlatformRuntimeBoundaryGuardTests.test_workbench_pair_relation_restore_uses_explicit_service_boundary) ... ok
test_workbench_personal_advance_repayment_delegation_is_owned_by_action_route_owner (test_platform_runtime_boundary_guards.PlatformRuntimeBoundaryGuardTests.test_workbench_personal_advance_repayment_delegation_is_owned_by_action_route_owner) ... ok
test_workbench_personal_advance_repayment_uses_relation_command_boundary (test_platform_runtime_boundary_guards.PlatformRuntimeBoundaryGuardTests.test_workbench_personal_advance_repayment_uses_relation_command_boundary) ... ok
test_workbench_raw_payload_assembler_extraction_stays_local (test_platform_runtime_boundary_guards.PlatformRuntimeBoundaryGuardTests.test_workbench_raw_payload_assembler_extraction_stays_local) ... ok
test_workbench_raw_payload_mutation_helper_extraction_stays_local (test_platform_runtime_boundary_guards.PlatformRuntimeBoundaryGuardTests.test_workbench_raw_payload_mutation_helper_extraction_stays_local) ... ok
test_workbench_refresh_status_payload_normalizer_extraction_stays_local (test_platform_runtime_boundary_guards.PlatformRuntimeBoundaryGuardTests.test_workbench_refresh_status_payload_normalizer_extraction_stays_local) ... ok
test_workbench_refresh_status_payload_provider_extraction_stays_local (test_platform_runtime_boundary_guards.PlatformRuntimeBoundaryGuardTests.test_workbench_refresh_status_payload_provider_extraction_stays_local) ... ok
test_workbench_relation_command_repository_uses_explicit_snapshot_adapter (test_platform_runtime_boundary_guards.PlatformRuntimeBoundaryGuardTests.test_workbench_relation_command_repository_uses_explicit_snapshot_adapter) ... ok
test_workbench_relation_derived_lifecycle_uses_explicit_executor_boundary (test_platform_runtime_boundary_guards.PlatformRuntimeBoundaryGuardTests.test_workbench_relation_derived_lifecycle_uses_explicit_executor_boundary) ... ok
test_workbench_retained_all_oa_payload_builder_extraction_stays_local (test_platform_runtime_boundary_guards.PlatformRuntimeBoundaryGuardTests.test_workbench_retained_all_oa_payload_builder_extraction_stays_local) ... ok
test_workbench_row_detail_route_owner_audit_selects_extraction (test_platform_runtime_boundary_guards.PlatformRuntimeBoundaryGuardTests.test_workbench_row_detail_route_owner_audit_selects_extraction) ... ok
test_workbench_row_detail_route_owner_extraction_updates_queue (test_platform_runtime_boundary_guards.PlatformRuntimeBoundaryGuardTests.test_workbench_row_detail_route_owner_extraction_updates_queue) ... ok
test_workbench_scope_invalidation_does_not_refresh_invoice_usage_domains (test_platform_runtime_boundary_guards.PlatformRuntimeBoundaryGuardTests.test_workbench_scope_invalidation_does_not_refresh_invoice_usage_domains) ... ok
test_workbench_selected_scope_raw_oa_payload_builder_extraction_stays_local (test_platform_runtime_boundary_guards.PlatformRuntimeBoundaryGuardTests.test_workbench_selected_scope_raw_oa_payload_builder_extraction_stays_local) ... ok
test_workbench_unignore_row_delegation_is_owned_by_action_route_owner (test_platform_runtime_boundary_guards.PlatformRuntimeBoundaryGuardTests.test_workbench_unignore_row_delegation_is_owned_by_action_route_owner) ... ok
test_workbench_uow_pair_relation_repository_disables_repository_fanout (test_platform_runtime_boundary_guards.PlatformRuntimeBoundaryGuardTests.test_workbench_uow_pair_relation_repository_disables_repository_fanout) ... ok
test_workbench_update_bank_exception_delegation_is_owned_by_action_route_owner (test_platform_runtime_boundary_guards.PlatformRuntimeBoundaryGuardTests.test_workbench_update_bank_exception_delegation_is_owned_by_action_route_owner) ... ok
test_workbench_withdraw_link_delegation_is_owned_by_action_route_owner (test_platform_runtime_boundary_guards.PlatformRuntimeBoundaryGuardTests.test_workbench_withdraw_link_delegation_is_owned_by_action_route_owner) ... ok
test_workbench_withdraw_link_preview_delegation_is_owned_by_action_route_owner (test_platform_runtime_boundary_guards.PlatformRuntimeBoundaryGuardTests.test_workbench_withdraw_link_preview_delegation_is_owned_by_action_route_owner) ... ok
test_workbench_withdraw_link_preview_route_owner_extraction_updates_queue (test_platform_runtime_boundary_guards.PlatformRuntimeBoundaryGuardTests.test_workbench_withdraw_link_preview_route_owner_extraction_updates_queue) ... ok
test_workbench_write_and_matching_services_do_not_import_external_clients_directly (test_platform_runtime_boundary_guards.PlatformRuntimeBoundaryGuardTests.test_workbench_write_and_matching_services_do_not_import_external_clients_directly) ... ok
test_workbench_write_facade_exposes_exception_write_entrypoints (test_platform_runtime_boundary_guards.PlatformRuntimeBoundaryGuardTests.test_workbench_write_facade_exposes_exception_write_entrypoints) ... ok
test_workbench_write_facade_relation_reads_and_cash_special_mutations_use_ports (test_platform_runtime_boundary_guards.PlatformRuntimeBoundaryGuardTests.test_workbench_write_facade_relation_reads_and_cash_special_mutations_use_ports) ... ok
test_workbench_write_facade_uses_granular_constructor_dependencies (test_platform_runtime_boundary_guards.PlatformRuntimeBoundaryGuardTests.test_workbench_write_facade_uses_granular_constructor_dependencies) ... ok
test_worker_oa_mongo_adapter_is_confined_to_sync_source_boundary (test_platform_runtime_boundary_guards.PlatformRuntimeBoundaryGuardTests.test_worker_oa_mongo_adapter_is_confined_to_sync_source_boundary) ... ok
test_existing_invoice_link_service_persists_linked_invoices_when_configured (test_platform_runtime_boundary_guards.RuntimeWorkerEtcImportLinkExistingTests.test_existing_invoice_link_service_persists_linked_invoices_when_configured) ... ok
test_existing_invoice_link_service_uses_import_items_to_load_existing_invoices (test_platform_runtime_boundary_guards.RuntimeWorkerEtcImportLinkExistingTests.test_existing_invoice_link_service_uses_import_items_to_load_existing_invoices) ... ok
test_link_etc_import_result_tolerates_missing_canonical_invoice_without_creation (test_platform_runtime_boundary_guards.RuntimeWorkerEtcImportLinkExistingTests.test_link_etc_import_result_tolerates_missing_canonical_invoice_without_creation) ... ok
test_link_etc_import_result_uses_import_items_to_load_existing_invoices (test_platform_runtime_boundary_guards.RuntimeWorkerEtcImportLinkExistingTests.test_link_etc_import_result_uses_import_items_to_load_existing_invoices) ... ok
test_runtime_etc_import_link_never_calls_canonical_invoice_create_api (test_platform_runtime_boundary_guards.RuntimeWorkerEtcImportLinkExistingTests.test_runtime_etc_import_link_never_calls_canonical_invoice_create_api) ... ok
test_e2e_specs_do_not_commit_only_markers_and_ci_forbids_only (test_playwright_e2e_strict_diagnostics.PlaywrightE2EStrictDiagnosticsTests.test_e2e_specs_do_not_commit_only_markers_and_ci_forbids_only) ... ok
test_every_e2e_spec_uses_strict_browser_diagnostics_fixture (test_playwright_e2e_strict_diagnostics.PlaywrightE2EStrictDiagnosticsTests.test_every_e2e_spec_uses_strict_browser_diagnostics_fixture) ... ok
test_production_admin_app_health_smoke_keeps_secret_admin_and_readonly_guards (test_playwright_e2e_strict_diagnostics.PlaywrightE2EStrictDiagnosticsTests.test_production_admin_app_health_smoke_keeps_secret_admin_and_readonly_guards) ... ok
test_production_route_shell_smoke_keeps_secret_and_readonly_guards (test_playwright_e2e_strict_diagnostics.PlaywrightE2EStrictDiagnosticsTests.test_production_route_shell_smoke_keeps_secret_and_readonly_guards) ... ok
test_production_smoke_strict_diagnostics_are_redacted (test_playwright_e2e_strict_diagnostics.PlaywrightE2EStrictDiagnosticsTests.test_production_smoke_strict_diagnostics_are_redacted) ... ok
test_strict_fixture_observes_hidden_browser_error_channels (test_playwright_e2e_strict_diagnostics.PlaywrightE2EStrictDiagnosticsTests.test_strict_fixture_observes_hidden_browser_error_channels) ... ok
test_strict_fixture_treats_browser_http_status_resource_logs_as_handled_api_responses (test_playwright_e2e_strict_diagnostics.PlaywrightE2EStrictDiagnosticsTests.test_strict_fixture_treats_browser_http_status_resource_logs_as_handled_api_responses) ... ok
test_success_like_specs_without_visible_error_guard_are_explicitly_allowlisted (test_playwright_e2e_strict_diagnostics.PlaywrightE2EStrictDiagnosticsTests.test_success_like_specs_without_visible_error_guard_are_explicitly_allowlisted) ... ok
test_successful_write_flows_have_reusable_visible_error_guard (test_playwright_e2e_strict_diagnostics.PlaywrightE2EStrictDiagnosticsTests.test_successful_write_flows_have_reusable_visible_error_guard) ... ok
test_execute_many_values_batches_insert_values (test_postgres_connection.PostgresConnectionTests.test_execute_many_values_batches_insert_values) ... ok
test_execute_many_values_defaults_to_large_chunks_for_read_model_writes (test_postgres_connection.PostgresConnectionTests.test_execute_many_values_defaults_to_large_chunks_for_read_model_writes) ... ok
test_execute_many_values_falls_back_for_non_insert_values_sql (test_postgres_connection.PostgresConnectionTests.test_execute_many_values_falls_back_for_non_insert_values_sql) ... ok
test_warm_up_waits_for_existing_pool (test_postgres_connection.PostgresConnectionTests.test_warm_up_waits_for_existing_pool) ... ok
test_save_invoice_drops_weak_fingerprint_when_source_unique_key_exists (test_postgres_core_repository.PostgresCoreRepositoryTests.test_save_invoice_drops_weak_fingerprint_when_source_unique_key_exists) ... ok
test_list_batches_by_status_reads_raw_payload_in_updated_order (test_postgres_input_invoice_usage_oa_reverse_repository.PostgresInputInvoiceUsageOaReverseBatchRepositoryTests.test_list_batches_by_status_reads_raw_payload_in_updated_order) ... ok
test_save_batch_serializes_datetime_audit_events_before_jsonb (test_postgres_input_invoice_usage_oa_reverse_repository.PostgresInputInvoiceUsageOaReverseBatchRepositoryTests.test_save_batch_serializes_datetime_audit_events_before_jsonb) ... ok
test_app_health_dashboard_current_effective_hot_path_indexes_are_declared (test_postgres_migrations.PostgresMigrationDiscoveryTests.test_app_health_dashboard_current_effective_hot_path_indexes_are_declared) ... ok
test_app_health_dashboard_metrics_indexes_are_declared (test_postgres_migrations.PostgresMigrationDiscoveryTests.test_app_health_dashboard_metrics_indexes_are_declared) ... ok
test_app_status_current_effective_outbox_index_is_declared (test_postgres_migrations.PostgresMigrationDiscoveryTests.test_app_status_current_effective_outbox_index_is_declared) ... ok
test_apply_checksum_mismatch_reports_applied_and_current_checksums (test_postgres_migrations.PostgresMigrationDiscoveryTests.test_apply_checksum_mismatch_reports_applied_and_current_checksums) ... ok
test_apply_skips_exact_accepted_checksum_drift (test_postgres_migrations.PostgresMigrationDiscoveryTests.test_apply_skips_exact_accepted_checksum_drift) ... ok
test_bank_flow_rule_batch_independent_storage_schema_and_backfill_are_declared (test_postgres_migrations.PostgresMigrationDiscoveryTests.test_bank_flow_rule_batch_independent_storage_schema_and_backfill_are_declared) ... ok
test_bank_flow_rule_batch_tag_rules_settings_are_split_from_no_oa_settings (test_postgres_migrations.PostgresMigrationDiscoveryTests.test_bank_flow_rule_batch_tag_rules_settings_are_split_from_no_oa_settings) ... ok
test_database_url_can_use_fin_ops_postgres_env (test_postgres_migrations.PostgresMigrationDiscoveryTests.test_database_url_can_use_fin_ops_postgres_env) ... ok
test_database_url_can_use_migrator_env (test_postgres_migrations.PostgresMigrationDiscoveryTests.test_database_url_can_use_migrator_env) ... ok
test_discovery_rejects_invalid_filename (test_postgres_migrations.PostgresMigrationDiscoveryTests.test_discovery_rejects_invalid_filename) ... ok
test_ensure_metadata_table_does_not_require_create_when_table_exists (test_postgres_migrations.PostgresMigrationDiscoveryTests.test_ensure_metadata_table_does_not_require_create_when_table_exists) ... ok
test_expected_migration_files_are_present_and_ordered (test_postgres_migrations.PostgresMigrationDiscoveryTests.test_expected_migration_files_are_present_and_ordered) ... ok
test_format_plan_reports_accepted_checksum_drift (test_postgres_migrations.PostgresMigrationDiscoveryTests.test_format_plan_reports_accepted_checksum_drift) ... ok
test_oa_pending_payment_bank_relation_schema_and_migration_are_declared (test_postgres_migrations.PostgresMigrationDiscoveryTests.test_oa_pending_payment_bank_relation_schema_and_migration_are_declared) ... ok
test_pending_invoice_filter_constraints_allow_cash_income (test_postgres_migrations.PostgresMigrationDiscoveryTests.test_pending_invoice_filter_constraints_allow_cash_income) ... ok
test_pending_invoice_first_screen_sort_index_matches_query_order (test_postgres_migrations.PostgresMigrationDiscoveryTests.test_pending_invoice_first_screen_sort_index_matches_query_order) ... ok
test_plan_command_is_offline_when_database_url_is_absent (test_postgres_migrations.PostgresMigrationDiscoveryTests.test_plan_command_is_offline_when_database_url_is_absent) ... ok
test_redacts_database_url_password (test_postgres_migrations.PostgresMigrationDiscoveryTests.test_redacts_database_url_password) ... ok
test_run_psql_does_not_put_database_url_in_argv (test_postgres_migrations.PostgresMigrationDiscoveryTests.test_run_psql_does_not_put_database_url_in_argv) ... ok
test_runtime_queue_history_retention_indexes_and_migrator_delete_grants_are_declared (test_postgres_migrations.PostgresMigrationDiscoveryTests.test_runtime_queue_history_retention_indexes_and_migrator_delete_grants_are_declared) ... ok
test_status_requires_database_url (test_postgres_migrations.PostgresMigrationDiscoveryTests.test_status_requires_database_url) ... ok
test_workbench_relation_hot_path_indexes_are_declared (test_postgres_migrations.PostgresMigrationDiscoveryTests.test_workbench_relation_hot_path_indexes_are_declared) ... ok
test_workbench_relation_rows_are_scope_unique (test_postgres_migrations.PostgresMigrationDiscoveryTests.test_workbench_relation_rows_are_scope_unique) ... ok
test_workbench_unused_write_indexes_are_dropped (test_postgres_migrations.PostgresMigrationDiscoveryTests.test_workbench_unused_write_indexes_are_dropped) ... ok
test_app_status_read_model_storage_contracts_are_declared (test_postgres_migrations.PostgresMigrationSqlTests.test_app_status_read_model_storage_contracts_are_declared) ... ok
test_bank_detail_read_model_schema_is_native_sql_projection (test_postgres_migrations.PostgresMigrationSqlTests.test_bank_detail_read_model_schema_is_native_sql_projection) ... ok
test_bank_transaction_category_confirmation_schema (test_postgres_migrations.PostgresMigrationSqlTests.test_bank_transaction_category_confirmation_schema) ... ok
test_core_tables_keep_legacy_or_external_identity_and_raw_payload (test_postgres_migrations.PostgresMigrationSqlTests.test_core_tables_keep_legacy_or_external_identity_and_raw_payload) ... ok
test_oa_applicant_credentials_schema_uses_encrypted_password_only (test_postgres_migrations.PostgresMigrationSqlTests.test_oa_applicant_credentials_schema_uses_encrypted_password_only) ... ok
test_oa_attachment_invoice_cache_sources_is_indexed_lookup_table (test_postgres_migrations.PostgresMigrationSqlTests.test_oa_attachment_invoice_cache_sources_is_indexed_lookup_table) ... ok
test_output_invoice_receipt_numbering_schema_contract (test_postgres_migrations.PostgresMigrationSqlTests.test_output_invoice_receipt_numbering_schema_contract) ... ok
test_runtime_queue_claim_hot_path_index_is_declared (test_postgres_migrations.PostgresMigrationSqlTests.test_runtime_queue_claim_hot_path_index_is_declared) ... ok
test_sql_contains_required_schemas_and_tables (test_postgres_migrations.PostgresMigrationSqlTests.test_sql_contains_required_schemas_and_tables) ... ok
test_sql_does_not_contain_forbidden_operations_or_secrets (test_postgres_migrations.PostgresMigrationSqlTests.test_sql_does_not_contain_forbidden_operations_or_secrets) ... ok
test_sql_has_required_extensions_and_indexes (test_postgres_migrations.PostgresMigrationSqlTests.test_sql_has_required_extensions_and_indexes) ... ok
test_workbench_idempotency_records_schema_contract (test_postgres_migrations.PostgresMigrationSqlTests.test_workbench_idempotency_records_schema_contract) ... ok
test_workbench_reconciliation_decision_and_dirty_queue_schema (test_postgres_migrations.PostgresMigrationSqlTests.test_workbench_reconciliation_decision_and_dirty_queue_schema) ... ok
test_list_credentials_does_not_decrypt_or_select_password_material (test_postgres_oa_applicant_credentials_repository.PostgresOaApplicantCredentialRepositoryTests.test_list_credentials_does_not_decrypt_or_select_password_material) ... ok
test_resolve_login_credential_uses_pgcrypto_decryption_only_for_internal_use (test_postgres_oa_applicant_credentials_repository.PostgresOaApplicantCredentialRepositoryTests.test_resolve_login_credential_uses_pgcrypto_decryption_only_for_internal_use) ... ok
test_save_uses_pgcrypto_encryption_and_never_embeds_plain_password_in_sql (test_postgres_oa_applicant_credentials_repository.PostgresOaApplicantCredentialRepositoryTests.test_save_uses_pgcrypto_encryption_and_never_embeds_plain_password_in_sql) ... ok
test_bank_flow_rule_batch_mutation_uses_scoped_batch_write_only (test_postgres_state_store.PostgresStateStoreTests.test_bank_flow_rule_batch_mutation_uses_scoped_batch_write_only) ... ok
test_database_url_is_redacted_without_query_or_password (test_postgres_state_store.PostgresStateStoreTests.test_database_url_is_redacted_without_query_or_password) ... ok
test_etc_repository_ignores_legacy_current_state_aggregate_rows (test_postgres_state_store.PostgresStateStoreTests.test_etc_repository_ignores_legacy_current_state_aggregate_rows) ... ok
test_factory_default_requires_postgres_backend (test_postgres_state_store.PostgresStateStoreTests.test_factory_default_requires_postgres_backend) ... ok
test_factory_postgres_mode_requires_database_url (test_postgres_state_store.PostgresStateStoreTests.test_factory_postgres_mode_requires_database_url) ... ok
test_factory_production_guard_rejects_default_local_storage (test_postgres_state_store.PostgresStateStoreTests.test_factory_production_guard_rejects_default_local_storage) ... ok
test_factory_production_guard_rejects_explicit_local_storage (test_postgres_state_store.PostgresStateStoreTests.test_factory_production_guard_rejects_explicit_local_storage) ... ok
test_postgres_candidate_matches_ignore_runtime_snapshot_fallback (test_postgres_state_store.PostgresStateStoreTests.test_postgres_candidate_matches_ignore_runtime_snapshot_fallback) ... ok
test_postgres_candidate_matches_restore_completed_scope_runs (test_postgres_state_store.PostgresStateStoreTests.test_postgres_candidate_matches_restore_completed_scope_runs) ... ok
test_postgres_canonical_fact_saves_do_not_write_runtime_settings_snapshots (test_postgres_state_store.PostgresStateStoreTests.test_postgres_canonical_fact_saves_do_not_write_runtime_settings_snapshots) ... ok
test_postgres_canonical_fact_snapshots_do_not_fallback_to_runtime_settings (test_postgres_state_store.PostgresStateStoreTests.test_postgres_canonical_fact_snapshots_do_not_fallback_to_runtime_settings) ... ok
test_postgres_cost_statistics_read_models_do_not_fallback_to_runtime_snapshot_when_sql_empty (test_postgres_state_store.PostgresStateStoreTests.test_postgres_cost_statistics_read_models_do_not_fallback_to_runtime_snapshot_when_sql_empty) ... ok
test_postgres_etc_state_ignores_fallback_runtime_counters_when_formal_rows_exist (test_postgres_state_store.PostgresStateStoreTests.test_postgres_etc_state_ignores_fallback_runtime_counters_when_formal_rows_exist) ... ok
test_postgres_etc_states_do_not_fallback_to_runtime_snapshot_when_sql_empty (test_postgres_state_store.PostgresStateStoreTests.test_postgres_etc_states_do_not_fallback_to_runtime_snapshot_when_sql_empty) ... ok
test_postgres_file_imports_do_not_fallback_to_runtime_snapshot (test_postgres_state_store.PostgresStateStoreTests.test_postgres_file_imports_do_not_fallback_to_runtime_snapshot) ... ok
test_postgres_historical_etc_repair_does_not_use_runtime_snapshots (test_postgres_state_store.PostgresStateStoreTests.test_postgres_historical_etc_repair_does_not_use_runtime_snapshots) ... ok
test_postgres_imports_do_not_fallback_to_runtime_snapshot (test_postgres_state_store.PostgresStateStoreTests.test_postgres_imports_do_not_fallback_to_runtime_snapshot) ... ok
test_postgres_matching_does_not_fallback_to_runtime_snapshot (test_postgres_state_store.PostgresStateStoreTests.test_postgres_matching_does_not_fallback_to_runtime_snapshot) ... ok
test_postgres_runtime_jobs_and_health_do_not_fallback_to_runtime_snapshot (test_postgres_state_store.PostgresStateStoreTests.test_postgres_runtime_jobs_and_health_do_not_fallback_to_runtime_snapshot) ... ok
test_postgres_runtime_jobs_and_health_do_not_write_runtime_snapshot (test_postgres_state_store.PostgresStateStoreTests.test_postgres_runtime_jobs_and_health_do_not_write_runtime_snapshot) ... ok
test_postgres_save_candidate_matches_does_not_write_runtime_snapshot (test_postgres_state_store.PostgresStateStoreTests.test_postgres_save_candidate_matches_does_not_write_runtime_snapshot) ... ok
test_postgres_save_cost_statistics_read_models_does_not_write_runtime_snapshot (test_postgres_state_store.PostgresStateStoreTests.test_postgres_save_cost_statistics_read_models_does_not_write_runtime_snapshot) ... ok
test_postgres_save_does_not_write_full_state_snapshot (test_postgres_state_store.PostgresStateStoreTests.test_postgres_save_does_not_write_full_state_snapshot) ... ok
test_postgres_save_etc_states_do_not_write_runtime_snapshot (test_postgres_state_store.PostgresStateStoreTests.test_postgres_save_etc_states_do_not_write_runtime_snapshot) ... ok
test_postgres_save_matching_does_not_write_runtime_snapshot (test_postgres_state_store.PostgresStateStoreTests.test_postgres_save_matching_does_not_write_runtime_snapshot) ... ok
test_postgres_save_tax_offset_read_models_does_not_write_runtime_snapshot (test_postgres_state_store.PostgresStateStoreTests.test_postgres_save_tax_offset_read_models_does_not_write_runtime_snapshot) ... ok
test_postgres_save_workbench_read_models_does_not_write_runtime_snapshot (test_postgres_state_store.PostgresStateStoreTests.test_postgres_save_workbench_read_models_does_not_write_runtime_snapshot) ... ok
test_postgres_settings_require_database_url_when_backend_is_enabled (test_postgres_state_store.PostgresStateStoreTests.test_postgres_settings_require_database_url_when_backend_is_enabled) ... ok
test_postgres_store_local_file_contract (test_postgres_state_store.PostgresStateStoreTests.test_postgres_store_local_file_contract) ... ok
test_postgres_store_rejects_legacy_gridfs_reference (test_postgres_state_store.PostgresStateStoreTests.test_postgres_store_rejects_legacy_gridfs_reference) ... ok
test_postgres_store_settings_and_cache_round_trip_through_parameterized_sql (test_postgres_state_store.PostgresStateStoreTests.test_postgres_store_settings_and_cache_round_trip_through_parameterized_sql) ... ok
test_postgres_store_snapshot_methods_round_trip_without_full_state_fallback (test_postgres_state_store.PostgresStateStoreTests.test_postgres_store_snapshot_methods_round_trip_without_full_state_fallback) ... ok
test_postgres_tax_offset_read_models_do_not_fallback_to_runtime_snapshot_when_sql_empty (test_postgres_state_store.PostgresStateStoreTests.test_postgres_tax_offset_read_models_do_not_fallback_to_runtime_snapshot_when_sql_empty) ... ok
test_postgres_workbench_matching_dirty_scopes_do_not_use_runtime_snapshot (test_postgres_state_store.PostgresStateStoreTests.test_postgres_workbench_matching_dirty_scopes_do_not_use_runtime_snapshot) ... ok
test_postgres_workbench_read_models_do_not_fallback_to_runtime_snapshot_when_sql_empty (test_postgres_state_store.PostgresStateStoreTests.test_postgres_workbench_read_models_do_not_fallback_to_runtime_snapshot_when_sql_empty) ... ok
test_postgres_workbench_read_models_ignore_runtime_snapshot_fallback (test_postgres_state_store.PostgresStateStoreTests.test_postgres_workbench_read_models_ignore_runtime_snapshot_fallback) ... ok
test_read_model_repositories_use_optional_read_connection (test_postgres_state_store.PostgresStateStoreTests.test_read_model_repositories_use_optional_read_connection) ... ok
test_ready_health_summary_uses_lightweight_runtime_summary (test_postgres_state_store.PostgresStateStoreTests.test_ready_health_summary_uses_lightweight_runtime_summary) ... ok
test_state_diff_compares_dataclass_and_dict_snapshots_by_serialized_value (test_postgres_state_store.PostgresStateStoreTests.test_state_diff_compares_dataclass_and_dict_snapshots_by_serialized_value) ... ok
test_state_diff_treats_numeric_string_and_number_as_equivalent_without_relaxing_strings (test_postgres_state_store.PostgresStateStoreTests.test_state_diff_treats_numeric_string_and_number_as_equivalent_without_relaxing_strings) ... ok
test_workbench_pair_relation_scoped_loader_delegates_to_canonical_repository (test_postgres_state_store.PostgresStateStoreTests.test_workbench_pair_relation_scoped_loader_delegates_to_canonical_repository) ... ok
setUpClass (test_postgres_state_store_integration.PostgresStateStoreIntegrationTests) ... skipped 'FIN_OPS_TEST_DATABASE_URL is not set; skipping PostgreSQL integration tests.'
test_discover_stage06_migrations_is_pinned_to_current_set (test_postgres_test_utils.PostgresTestUtilsTests.test_discover_stage06_migrations_is_pinned_to_current_set) ... ok
test_require_postgres_test_database_url_ignores_database_url (test_postgres_test_utils.PostgresTestUtilsTests.test_require_postgres_test_database_url_ignores_database_url) ... ok
test_reset_test_database_requires_visibly_disposable_database_name_even_with_override (test_postgres_test_utils.PostgresTestUtilsTests.test_reset_test_database_requires_visibly_disposable_database_name_even_with_override) ... ok
test_safe_test_database_url_redacts_password_when_rejecting_non_test_name (test_postgres_test_utils.PostgresTestUtilsTests.test_safe_test_database_url_redacts_password_when_rejecting_non_test_name) ... ok
test_safe_test_database_url_rejects_reserved_names (test_postgres_test_utils.PostgresTestUtilsTests.test_safe_test_database_url_rejects_reserved_names) ... ok
test_bundle_contains_only_approved_files_and_manifest (test_production_browser_smoke_bundle.ProductionBrowserSmokeBundleTests.test_bundle_contains_only_approved_files_and_manifest) ... ok
test_manifest_hashes_match_bundle_sources_and_no_secret_values_are_embedded (test_production_browser_smoke_bundle.ProductionBrowserSmokeBundleTests.test_manifest_hashes_match_bundle_sources_and_no_secret_values_are_embedded) ... ok
test_reports_missing_external_inputs_without_leaking_secret_values (test_production_external_gate_preflight.ProductionExternalGatePreflightTests.test_reports_missing_external_inputs_without_leaking_secret_values) ... ok
test_reports_ready_only_when_all_external_gate_inputs_are_present (test_production_external_gate_preflight.ProductionExternalGatePreflightTests.test_reports_ready_only_when_all_external_gate_inputs_are_present) ... ok
test_require_ready_exits_two_when_external_inputs_are_missing (test_production_external_gate_preflight.ProductionExternalGatePreflightTests.test_require_ready_exits_two_when_external_inputs_are_missing) ... ok
test_project_create_assign_and_detail_round_trip (test_project_costing_api.ProjectCostingApiTests.test_project_create_assign_and_detail_round_trip) ... ok
test_manual_assignment_overrides_oa_and_existing_project_fields (test_project_costing_service.ProjectCostingServiceTests.test_manual_assignment_overrides_oa_and_existing_project_fields) ... ok
test_project_summary_aggregates_income_expense_reconciled_and_open_amounts (test_project_costing_service.ProjectCostingServiceTests.test_project_summary_aggregates_income_expense_reconciled_and_open_amounts) ... ok
test_render_prometheus_metrics_escapes_label_values (test_prometheus_metrics.PrometheusMetricsTests.test_render_prometheus_metrics_escapes_label_values) ... ok
test_render_prometheus_metrics_exports_runtime_api_and_worker_metrics (test_prometheus_metrics.PrometheusMetricsTests.test_render_prometheus_metrics_exports_runtime_api_and_worker_metrics) ... ok
test_topology_publish_and_consume_envelope (test_rabbitmq_integration.RabbitMqIntegrationTests.test_topology_publish_and_consume_envelope) ... skipped 'RABBITMQ_TEST_URL is not set; skipping RabbitMQ integration tests.'
test_consumer_acks_rabbitmq_envelope_after_postgres_event_is_deferred (test_rabbitmq_runtime.RabbitMqRuntimeTests.test_consumer_acks_rabbitmq_envelope_after_postgres_event_is_deferred) ... ok
test_consumer_can_drain_postgres_queue_when_no_rabbitmq_message_arrives (test_rabbitmq_runtime.RabbitMqRuntimeTests.test_consumer_can_drain_postgres_queue_when_no_rabbitmq_message_arrives) ... ok
test_consumer_claims_postgres_event_before_acknowledging_rabbitmq (test_rabbitmq_runtime.RabbitMqRuntimeTests.test_consumer_claims_postgres_event_before_acknowledging_rabbitmq) ... ok
test_consumer_drains_postgres_queue_on_short_interval_independent_of_heartbeat (test_rabbitmq_runtime.RabbitMqRuntimeTests.test_consumer_drains_postgres_queue_on_short_interval_independent_of_heartbeat) ... ok
test_consumer_exits_cleanly_on_keyboard_interrupt (test_rabbitmq_runtime.RabbitMqRuntimeTests.test_consumer_exits_cleanly_on_keyboard_interrupt) ... ok
test_consumer_passes_lock_timeout_for_stale_processing_reclaim (test_rabbitmq_runtime.RabbitMqRuntimeTests.test_consumer_passes_lock_timeout_for_stale_processing_reclaim) ... ok
test_consumer_records_idle_heartbeat_for_rabbitmq_transport (test_rabbitmq_runtime.RabbitMqRuntimeTests.test_consumer_records_idle_heartbeat_for_rabbitmq_transport) ... ok
test_consumer_rejects_message_without_postgres_fact (test_rabbitmq_runtime.RabbitMqRuntimeTests.test_consumer_rejects_message_without_postgres_fact) ... ok
test_consumer_subscribes_to_queues_for_registered_event_types (test_rabbitmq_runtime.RabbitMqRuntimeTests.test_consumer_subscribes_to_queues_for_registered_event_types) ... ok
test_dispatcher_check_defaults_to_workbench_event_type (test_rabbitmq_runtime.RabbitMqRuntimeTests.test_dispatcher_check_defaults_to_workbench_event_type) ... ok
test_dispatcher_marks_published_only_after_publisher_success (test_rabbitmq_runtime.RabbitMqRuntimeTests.test_dispatcher_marks_published_only_after_publisher_success) ... ok
test_management_metrics_aggregates_all_supported_queues (test_rabbitmq_runtime.RabbitMqRuntimeTests.test_management_metrics_aggregates_all_supported_queues) ... ok
test_publisher_reopens_known_closed_channel_before_publish (test_rabbitmq_runtime.RabbitMqRuntimeTests.test_publisher_reopens_known_closed_channel_before_publish) ... ok
test_publisher_sends_persistent_confirmed_json_message (test_rabbitmq_runtime.RabbitMqRuntimeTests.test_publisher_sends_persistent_confirmed_json_message) ... ok
test_rabbitmq_routes_include_pending_invoice_read_model_refresh (test_rabbitmq_runtime.RabbitMqRuntimeTests.test_rabbitmq_routes_include_pending_invoice_read_model_refresh) ... ok
test_runtime_queue_settings_parses_consumer_postgres_drain_interval (test_rabbitmq_runtime.RabbitMqRuntimeTests.test_runtime_queue_settings_parses_consumer_postgres_drain_interval) ... ok
test_topology_manager_declares_durable_exchange_queue_and_dlq (test_rabbitmq_runtime.RabbitMqRuntimeTests.test_topology_manager_declares_durable_exchange_queue_and_dlq) ... ok
test_validate_envelope_rejects_business_payload (test_rabbitmq_runtime.RabbitMqRuntimeTests.test_validate_envelope_rejects_business_payload) ... ok
test_apply_topology_adds_explicit_apply_command (test_rabbitmq_staging_preflight.RabbitMqStagingPreflightTests.test_apply_topology_adds_explicit_apply_command) ... ok
test_command_failure_fails_report (test_rabbitmq_staging_preflight.RabbitMqStagingPreflightTests.test_command_failure_fails_report) ... ok
test_include_optional_workers_runs_optional_rabbitmq_checks (test_rabbitmq_staging_preflight.RabbitMqStagingPreflightTests.test_include_optional_workers_runs_optional_rabbitmq_checks) ... ok
test_missing_env_returns_configuration_missing_before_running_commands (test_rabbitmq_staging_preflight.RabbitMqStagingPreflightTests.test_missing_env_returns_configuration_missing_before_running_commands) ... ok
test_preflight_runs_real_checks_with_runtime_env_fallbacks (test_rabbitmq_staging_preflight.RabbitMqStagingPreflightTests.test_preflight_runs_real_checks_with_runtime_env_fallbacks) ... ok
test_contract_harness_keeps_auth_guard_explicit (test_read_model_api_contract_harness.ReadModelApiContractHarnessTests.test_contract_harness_keeps_auth_guard_explicit) ... ok
test_default_api_probes_expose_sanitized_local_envelopes (test_read_model_api_contract_harness.ReadModelApiContractHarnessTests.test_default_api_probes_expose_sanitized_local_envelopes) ... Serving fin-ops-platform foundation API on http://127.0.0.1:0
{"event": "app_health.snapshot", "status": "ok", "duration_ms": 1.98, "dirty_scope_count": 0, "background_jobs_running_count": 0, "active_alert_count": 0}
{"kind": "workbench_read_model_status_metric", "metric": "workbench.read_model.status.count", "endpoint": "/api/workbench/summary", "scope_key": "all", "read_model_status": "unavailable", "reason": "repository_unavailable", "timestamp": "2026-07-05T20:49:47.580448"}
{"kind": "workbench_api_metric", "metric": "workbench.api.duration_ms", "endpoint": "/api/workbench/summary", "scope_key": "all", "status_code": 503, "duration_ms": 2.064, "timestamp": "2026-07-05T20:49:47.580501"}
{"kind": "workbench_read_model_status_metric", "metric": "workbench.read_model.status.count", "endpoint": "/api/workbench/groups", "scope_key": "all", "read_model_status": "unavailable", "reason": "repository_unavailable", "timestamp": "2026-07-05T20:49:47.582403"}
{"kind": "workbench_api_metric", "metric": "workbench.api.duration_ms", "endpoint": "/api/workbench/groups", "scope_key": "all", "status_code": 503, "duration_ms": 1.867, "timestamp": "2026-07-05T20:49:47.582434"}
{"kind": "tax_offset_month_metric", "metric": "tax_offset.month.duration_ms", "month": "2026-03", "cache_hit": true, "duration_ms": 0.022, "output_count": 0, "input_plan_count": 0, "certified_count": 0, "timestamp": "2026-07-05T20:49:47.640106"}
{"kind": "cost_statistics_explorer_metric", "metric": "cost_statistics.explorer.duration_ms", "month": "2026-03", "project_scope": "active", "cache_hit": false, "duration_ms": 0.012, "entry_count": 0, "timestamp": "2026-07-05T20:49:47.641920"}
ok
test_cost_and_tax_read_models_are_not_written_by_broad_full_state_persist (test_read_model_architecture_guards.ReadModelArchitectureGuardTests.test_cost_and_tax_read_models_are_not_written_by_broad_full_state_persist) ... ok
test_direct_fresh_status_assignments_are_explicitly_classified (test_read_model_architecture_guards.ReadModelArchitectureGuardTests.test_direct_fresh_status_assignments_are_explicitly_classified) ... ok
test_direct_read_model_refresh_enqueue_calls_are_classified (test_read_model_architecture_guards.ReadModelArchitectureGuardTests.test_direct_read_model_refresh_enqueue_calls_are_classified) ... ok
test_direct_source_version_mismatch_calls_require_expected_contract (test_read_model_architecture_guards.ReadModelArchitectureGuardTests.test_direct_source_version_mismatch_calls_require_expected_contract) ... ok
test_frontend_read_model_status_default_fresh_sites_are_classified (test_read_model_architecture_guards.ReadModelArchitectureGuardTests.test_frontend_read_model_status_default_fresh_sites_are_classified) ... ok
test_input_invoice_usage_app_level_projection_helpers_do_not_return (test_read_model_architecture_guards.ReadModelArchitectureGuardTests.test_input_invoice_usage_app_level_projection_helpers_do_not_return) ... ok
test_no_oa_bank_batches_are_not_written_by_broad_full_state_persist (test_read_model_architecture_guards.ReadModelArchitectureGuardTests.test_no_oa_bank_batches_are_not_written_by_broad_full_state_persist) ... ok
test_output_invoice_collection_app_level_projection_helpers_do_not_return (test_read_model_architecture_guards.ReadModelArchitectureGuardTests.test_output_invoice_collection_app_level_projection_helpers_do_not_return) ... ok
test_read_model_production_evidence_runbook_keeps_restore_and_secret_gates (test_read_model_architecture_guards.ReadModelArchitectureGuardTests.test_read_model_production_evidence_runbook_keeps_restore_and_secret_gates) ... ok
test_read_model_query_gateway_load_call_sites_declare_freshness_contract (test_read_model_architecture_guards.ReadModelArchitectureGuardTests.test_read_model_query_gateway_load_call_sites_declare_freshness_contract) ... ok
test_read_model_services_do_not_default_source_version_contract_to_empty (test_read_model_architecture_guards.ReadModelArchitectureGuardTests.test_read_model_services_do_not_default_source_version_contract_to_empty) ... ok
test_read_model_write_operation_target_inventory_covers_required_modules (test_read_model_architecture_guards.ReadModelArchitectureGuardTests.test_read_model_write_operation_target_inventory_covers_required_modules) ... ok
test_tax_offset_cache_warmup_is_explicit_executor_boundary (test_read_model_architecture_guards.ReadModelArchitectureGuardTests.test_tax_offset_cache_warmup_is_explicit_executor_boundary) ... ok
test_tax_offset_worker_rebuild_is_explicit_executor_boundary (test_read_model_architecture_guards.ReadModelArchitectureGuardTests.test_tax_offset_worker_rebuild_is_explicit_executor_boundary) ... ok
test_dirty_scope_pending_takes_refreshing_status (test_read_model_freshness.ReadModelFreshnessTests.test_dirty_scope_pending_takes_refreshing_status) ... ok
test_expected_source_versions_contract_must_not_be_empty (test_read_model_freshness.ReadModelFreshnessTests.test_expected_source_versions_contract_must_not_be_empty) ... ok
test_missing_schema_is_not_fresh_when_expected_schema_is_set (test_read_model_freshness.ReadModelFreshnessTests.test_missing_schema_is_not_fresh_when_expected_schema_is_set) ... ok
test_normalize_source_versions_canonicalizes_nested_values (test_read_model_freshness.ReadModelFreshnessTests.test_normalize_source_versions_canonicalizes_nested_values) ... ok
test_normalize_source_versions_drops_empty_values_and_stringifies (test_read_model_freshness.ReadModelFreshnessTests.test_normalize_source_versions_drops_empty_values_and_stringifies) ... ok
test_schema_mismatch_is_explicit (test_read_model_freshness.ReadModelFreshnessTests.test_schema_mismatch_is_explicit) ... ok
test_source_version_mismatch_is_stale (test_read_model_freshness.ReadModelFreshnessTests.test_source_version_mismatch_is_stale) ... ok
test_source_versions_match_when_expected_subset_matches (test_read_model_freshness.ReadModelFreshnessTests.test_source_versions_match_when_expected_subset_matches) ... ok
test_source_versions_report_missing_and_mismatch_reasons (test_read_model_freshness.ReadModelFreshnessTests.test_source_versions_report_missing_and_mismatch_reasons) ... ok
test_workbench_read_model_service_keeps_new_source_version_fields (test_read_model_freshness.ReadModelFreshnessTests.test_workbench_read_model_service_keeps_new_source_version_fields) ... ok
test_bank_detail_and_balance_manifest_keep_separate_contracts (test_read_model_manifest.ReadModelManifestTests.test_bank_detail_and_balance_manifest_keep_separate_contracts) ... ok
test_bank_read_model_physical_sql_owner_is_split_from_shared_repository (test_read_model_manifest.ReadModelManifestTests.test_bank_read_model_physical_sql_owner_is_split_from_shared_repository) ... ok
test_cost_tax_and_turnover_manifest_preserve_summary_contracts (test_read_model_manifest.ReadModelManifestTests.test_cost_tax_and_turnover_manifest_preserve_summary_contracts) ... ok
test_invoice_lifecycle_and_usage_manifest_preserve_scoped_contracts (test_read_model_manifest.ReadModelManifestTests.test_invoice_lifecycle_and_usage_manifest_preserve_scoped_contracts) ... ok
test_invoice_usage_collection_physical_sql_owner_is_split_from_shared_repository (test_read_model_manifest.ReadModelManifestTests.test_invoice_usage_collection_physical_sql_owner_is_split_from_shared_repository) ... ok
test_manifest_covers_every_app_status_read_model (test_read_model_manifest.ReadModelManifestTests.test_manifest_covers_every_app_status_read_model) ... ok
test_manifest_declares_force_refresh_smoke_contract (test_read_model_manifest.ReadModelManifestTests.test_manifest_declares_force_refresh_smoke_contract) ... ok
test_manifest_declares_operation_barrier_targets (test_read_model_manifest.ReadModelManifestTests.test_manifest_declares_operation_barrier_targets) ... ok
test_manifest_entries_have_contract_owners (test_read_model_manifest.ReadModelManifestTests.test_manifest_entries_have_contract_owners) ... ok
test_manifest_entries_record_partition_rebuild_and_freshness_contracts (test_read_model_manifest.ReadModelManifestTests.test_manifest_entries_record_partition_rebuild_and_freshness_contracts) ... ok
test_manifest_indexes_are_unique (test_read_model_manifest.ReadModelManifestTests.test_manifest_indexes_are_unique) ... ok
test_manifest_matches_app_status_registry (test_read_model_manifest.ReadModelManifestTests.test_manifest_matches_app_status_registry) ... ok
test_manifest_matches_worker_event_contracts (test_read_model_manifest.ReadModelManifestTests.test_manifest_matches_worker_event_contracts) ... ok
test_manifest_repository_owner_uses_read_model_port_except_workbench (test_read_model_manifest.ReadModelManifestTests.test_manifest_repository_owner_uses_read_model_port_except_workbench) ... ok
test_manifest_repository_port_contract_methods_exist (test_read_model_manifest.ReadModelManifestTests.test_manifest_repository_port_contract_methods_exist) ... ok
test_manifest_repository_port_contract_methods_have_single_owner (test_read_model_manifest.ReadModelManifestTests.test_manifest_repository_port_contract_methods_have_single_owner) ... ok
test_manifest_scope_types_are_policy_registered (test_read_model_manifest.ReadModelManifestTests.test_manifest_scope_types_are_policy_registered) ... ok
test_pending_invoice_and_oa_payment_manifest_preserve_page_scope_contracts (test_read_model_manifest.ReadModelManifestTests.test_pending_invoice_and_oa_payment_manifest_preserve_page_scope_contracts) ... ok
test_pending_invoice_lifecycle_physical_sql_owner_is_split_from_shared_repository (test_read_model_manifest.ReadModelManifestTests.test_pending_invoice_lifecycle_physical_sql_owner_is_split_from_shared_repository) ... ok
test_read_model_module_readme_records_manifest_contracts (test_read_model_manifest.ReadModelManifestTests.test_read_model_module_readme_records_manifest_contracts) ... ok
test_search_no_oa_and_bank_flow_rule_batch_manifest_preserve_read_side_contracts (test_read_model_manifest.ReadModelManifestTests.test_search_no_oa_and_bank_flow_rule_batch_manifest_preserve_read_side_contracts) ... ok
test_search_workbench_relation_physical_sql_owner_is_split_from_shared_repository (test_read_model_manifest.ReadModelManifestTests.test_search_workbench_relation_physical_sql_owner_is_split_from_shared_repository) ... ok
test_summary_read_model_physical_sql_owner_is_split_from_shared_repository (test_read_model_manifest.ReadModelManifestTests.test_summary_read_model_physical_sql_owner_is_split_from_shared_repository) ... ok
test_workbench_manifest_preserves_active_generation_exception (test_read_model_manifest.ReadModelManifestTests.test_workbench_manifest_preserves_active_generation_exception) ... ok
test_cache_missing_expected_schema_misses_and_uses_sql_view (test_read_model_query_gateway.ReadModelQueryGatewayTests.test_cache_missing_expected_schema_misses_and_uses_sql_view) ... ok
test_cost_statistics_refresh_uses_registered_scope_policy_before_enqueue (test_read_model_query_gateway.ReadModelQueryGatewayTests.test_cost_statistics_refresh_uses_registered_scope_policy_before_enqueue) ... ok
test_fresh_cache_hit_does_not_call_sql_or_enqueue_refresh (test_read_model_query_gateway.ReadModelQueryGatewayTests.test_fresh_cache_hit_does_not_call_sql_or_enqueue_refresh) ... ok
test_fresh_sql_view_sets_refresh_enqueued_false_and_populates_cache (test_read_model_query_gateway.ReadModelQueryGatewayTests.test_fresh_sql_view_sets_refresh_enqueued_false_and_populates_cache) ... ok
test_invalid_fresh_cache_payload_contract_misses_and_uses_sql_view (test_read_model_query_gateway.ReadModelQueryGatewayTests.test_invalid_fresh_cache_payload_contract_misses_and_uses_sql_view) ... ok
test_invalid_sql_payload_contract_enqueues_refresh_without_populating_cache (test_read_model_query_gateway.ReadModelQueryGatewayTests.test_invalid_sql_payload_contract_enqueues_refresh_without_populating_cache) ... ok
test_legacy_cache_without_fresh_gate_or_source_versions_misses_and_repopulates (test_read_model_query_gateway.ReadModelQueryGatewayTests.test_legacy_cache_without_fresh_gate_or_source_versions_misses_and_repopulates) ... ok
test_load_requires_expected_freshness_contract (test_read_model_query_gateway.ReadModelQueryGatewayTests.test_load_requires_expected_freshness_contract) ... ok
test_missing_sql_view_does_not_report_new_enqueue_when_scope_is_already_active (test_read_model_query_gateway.ReadModelQueryGatewayTests.test_missing_sql_view_does_not_report_new_enqueue_when_scope_is_already_active) ... ok
test_missing_sql_view_returns_refreshing_empty_payload_and_enqueues_miss (test_read_model_query_gateway.ReadModelQueryGatewayTests.test_missing_sql_view_returns_refreshing_empty_payload_and_enqueues_miss) ... ok
test_missing_sql_view_schema_enqueues_refresh_without_populating_cache (test_read_model_query_gateway.ReadModelQueryGatewayTests.test_missing_sql_view_schema_enqueues_refresh_without_populating_cache) ... ok
test_stale_sql_view_enqueues_refresh_without_populating_cache (test_read_model_query_gateway.ReadModelQueryGatewayTests.test_stale_sql_view_enqueues_refresh_without_populating_cache) ... ok
test_all_scope_parent_rebuild_with_shard_fanout_records_parent_fresh (test_read_model_readiness_reporter.ReadModelReadinessReporterTests.test_all_scope_parent_rebuild_with_shard_fanout_records_parent_fresh) ... ok
test_all_scope_shard_fanout_does_not_record_fake_fresh (test_read_model_readiness_reporter.ReadModelReadinessReporterTests.test_all_scope_shard_fanout_does_not_record_fake_fresh) ... ok
test_dependency_not_fresh_exception_records_refreshing_not_failed (test_read_model_readiness_reporter.ReadModelReadinessReporterTests.test_dependency_not_fresh_exception_records_refreshing_not_failed) ... ok
test_explicit_mismatch_result_is_not_recorded_as_fresh (test_read_model_readiness_reporter.ReadModelReadinessReporterTests.test_explicit_mismatch_result_is_not_recorded_as_fresh) ... ok
test_explicit_refreshing_result_records_parent_waiting_state (test_read_model_readiness_reporter.ReadModelReadinessReporterTests.test_explicit_refreshing_result_records_parent_waiting_state) ... ok
test_records_failed_then_reraises_wrapped_handler_exception (test_read_model_readiness_reporter.ReadModelReadinessReporterTests.test_records_failed_then_reraises_wrapped_handler_exception) ... ok
test_records_fresh_from_runtime_event_result (test_read_model_readiness_reporter.ReadModelReadinessReporterTests.test_records_fresh_from_runtime_event_result) ... ok
test_runtime_worker_read_model_handlers_are_wrapped_by_reporter (test_read_model_readiness_reporter.ReadModelReadinessReporterTests.test_runtime_worker_read_model_handlers_are_wrapped_by_reporter) ... ok
test_unknown_read_model_key_fails_fast (test_read_model_readiness_reporter.ReadModelReadinessReporterTests.test_unknown_read_model_key_fails_fast) ... ok
test_bank_account_balance_policy_accepts_only_all_scope (test_read_model_refresh_gateway.ReadModelRefreshGatewayTests.test_bank_account_balance_policy_accepts_only_all_scope) ... ok
test_bank_detail_all_shard_reason_does_not_bump_active_scope (test_read_model_refresh_gateway.ReadModelRefreshGatewayTests.test_bank_detail_all_shard_reason_does_not_bump_active_scope) ... ok
test_cost_statistics_policy_normalizes_validates_and_dedupes_legacy_scopes (test_read_model_refresh_gateway.ReadModelRefreshGatewayTests.test_cost_statistics_policy_normalizes_validates_and_dedupes_legacy_scopes) ... ok
test_cost_statistics_shard_convergence_reasons_do_not_bump_active_scope (test_read_model_refresh_gateway.ReadModelRefreshGatewayTests.test_cost_statistics_shard_convergence_reasons_do_not_bump_active_scope) ... ok
test_ensure_refresh_reason_does_not_bump_active_scope (test_read_model_refresh_gateway.ReadModelRefreshGatewayTests.test_ensure_refresh_reason_does_not_bump_active_scope) ... ok
test_metadata_is_passed_to_queue_repository (test_read_model_refresh_gateway.ReadModelRefreshGatewayTests.test_metadata_is_passed_to_queue_repository) ... ok
test_mutating_refresh_reason_still_bumps_active_scope (test_read_model_refresh_gateway.ReadModelRefreshGatewayTests.test_mutating_refresh_reason_still_bumps_active_scope) ... ok
test_no_oa_bank_batch_policy_accepts_all_and_month_scopes_only (test_read_model_refresh_gateway.ReadModelRefreshGatewayTests.test_no_oa_bank_batch_policy_accepts_all_and_month_scopes_only) ... ok
test_pending_invoice_policy_accepts_aggregate_base_and_month_scopes (test_read_model_refresh_gateway.ReadModelRefreshGatewayTests.test_pending_invoice_policy_accepts_aggregate_base_and_month_scopes) ... ok
test_pending_invoice_policy_rejects_bare_month_and_invalid_direction (test_read_model_refresh_gateway.ReadModelRefreshGatewayTests.test_pending_invoice_policy_rejects_bare_month_and_invalid_direction) ... ok
test_pending_invoice_policy_rejects_global_all_scope (test_read_model_refresh_gateway.ReadModelRefreshGatewayTests.test_pending_invoice_policy_rejects_global_all_scope) ... ok
test_pending_invoice_policy_rejects_unsupported_filter_groups (test_read_model_refresh_gateway.ReadModelRefreshGatewayTests.test_pending_invoice_policy_rejects_unsupported_filter_groups) ... ok
test_registered_month_or_all_read_models_reject_invalid_scope_keys (test_read_model_refresh_gateway.ReadModelRefreshGatewayTests.test_registered_month_or_all_read_models_reject_invalid_scope_keys) ... ok
test_rejects_cost_statistics_scope_that_cannot_be_normalized (test_read_model_refresh_gateway.ReadModelRefreshGatewayTests.test_rejects_cost_statistics_scope_that_cannot_be_normalized) ... ok
test_unknown_or_generic_scope_types_are_preserved_and_deduped (test_read_model_refresh_gateway.ReadModelRefreshGatewayTests.test_unknown_or_generic_scope_types_are_preserved_and_deduped) ... ok
test_apply_deletes_invalid_policy_managed_read_model_scopes_and_records_audit (test_read_model_scope_contract.ReadModelScopeContractServiceTests.test_apply_deletes_invalid_policy_managed_read_model_scopes_and_records_audit) ... ok
test_apply_deletes_orphaned_import_fact_dirty_scopes_and_records_audit (test_read_model_scope_contract.ReadModelScopeContractServiceTests.test_apply_deletes_orphaned_import_fact_dirty_scopes_and_records_audit) ... ok
test_apply_deletes_violations_and_enqueues_deduped_replacement_scopes (test_read_model_scope_contract.ReadModelScopeContractServiceTests.test_apply_deletes_violations_and_enqueues_deduped_replacement_scopes) ... ok
test_apply_is_idempotent_after_rows_are_deleted (test_read_model_scope_contract.ReadModelScopeContractServiceTests.test_apply_is_idempotent_after_rows_are_deleted) ... ok
test_apply_records_audit_with_manifest_cleanup_and_rollback_without_deleting_current_failures (test_read_model_scope_contract.ReadModelScopeContractServiceTests.test_apply_records_audit_with_manifest_cleanup_and_rollback_without_deleting_current_failures) ... ok
test_apply_without_replacement_enqueue_only_deletes_invalid_rows (test_read_model_scope_contract.ReadModelScopeContractServiceTests.test_apply_without_replacement_enqueue_only_deletes_invalid_rows) ... ok
test_check_reports_invalid_policy_managed_read_model_scopes_without_writes (test_read_model_scope_contract.ReadModelScopeContractServiceTests.test_check_reports_invalid_policy_managed_read_model_scopes_without_writes) ... ok
test_check_reports_non_canonical_cost_statistics_scope_rows_without_writes (test_read_model_scope_contract.ReadModelScopeContractServiceTests.test_check_reports_non_canonical_cost_statistics_scope_rows_without_writes) ... ok
test_check_reports_orphaned_import_fact_dirty_scopes_without_writes (test_read_model_scope_contract.ReadModelScopeContractServiceTests.test_check_reports_orphaned_import_fact_dirty_scopes_without_writes) ... ok
test_check_reports_repair_manifest_categories_and_outbox_current_state (test_read_model_scope_contract.ReadModelScopeContractServiceTests.test_check_reports_repair_manifest_categories_and_outbox_current_state) ... ok
test_invalid_read_model_scope_repair_is_idempotent (test_read_model_scope_contract.ReadModelScopeContractServiceTests.test_invalid_read_model_scope_repair_is_idempotent) ... ok
test_orphaned_import_fact_repair_is_idempotent (test_read_model_scope_contract.ReadModelScopeContractServiceTests.test_orphaned_import_fact_repair_is_idempotent) ... ok
test_postgres_repository_lists_only_orphaned_import_fact_dirty_scopes (test_read_model_scope_contract.ReadModelScopeContractServiceTests.test_postgres_repository_lists_only_orphaned_import_fact_dirty_scopes) ... ok
test_postgres_repository_lists_policy_managed_dirty_scopes (test_read_model_scope_contract.ReadModelScopeContractServiceTests.test_postgres_repository_lists_policy_managed_dirty_scopes) ... ok
test_postgres_repository_lists_policy_managed_outbox_events (test_read_model_scope_contract.ReadModelScopeContractServiceTests.test_postgres_repository_lists_policy_managed_outbox_events) ... ok
test_postgres_repository_lists_policy_managed_readiness (test_read_model_scope_contract.ReadModelScopeContractServiceTests.test_postgres_repository_lists_policy_managed_readiness) ... ok
test_postgres_repository_outbox_failure_query_escapes_psycopg_percent_pattern (test_read_model_scope_contract.ReadModelScopeContractServiceTests.test_postgres_repository_outbox_failure_query_escapes_psycopg_percent_pattern) ... ok
test_apply_enqueues_and_waits_for_done_fresh_under_target (test_read_model_slo_smoke.ReadModelSloSmokeTests.test_apply_enqueues_and_waits_for_done_fresh_under_target) ... ok
test_apply_fails_when_enqueue_to_fresh_exceeds_target (test_read_model_slo_smoke.ReadModelSloSmokeTests.test_apply_fails_when_enqueue_to_fresh_exceeds_target) ... ok
test_apply_fails_when_no_smoke_scopes_are_discovered (test_read_model_slo_smoke.ReadModelSloSmokeTests.test_apply_fails_when_no_smoke_scopes_are_discovered) ... ok
test_critical_only_includes_bank_account_balance_page_read_model (test_read_model_slo_smoke.ReadModelSloSmokeTests.test_critical_only_includes_bank_account_balance_page_read_model) ... ok
test_critical_only_plans_every_critical_app_status_read_model (test_read_model_slo_smoke.ReadModelSloSmokeTests.test_critical_only_plans_every_critical_app_status_read_model) ... ok
test_dry_run_discovers_direct_scopes_without_enqueueing (test_read_model_slo_smoke.ReadModelSloSmokeTests.test_dry_run_discovers_direct_scopes_without_enqueueing) ... ok
test_explicit_key_still_limits_critical_only_selection (test_read_model_slo_smoke.ReadModelSloSmokeTests.test_explicit_key_still_limits_critical_only_selection) ... ok
test_explicit_pending_invoice_scope_does_not_add_page_first_screen_scope (test_read_model_slo_smoke.ReadModelSloSmokeTests.test_explicit_pending_invoice_scope_does_not_add_page_first_screen_scope) ... ok
test_missing_fresh_readiness_still_plans_default_scope_for_selected_read_model (test_read_model_slo_smoke.ReadModelSloSmokeTests.test_missing_fresh_readiness_still_plans_default_scope_for_selected_read_model) ... ok
test_page_first_scope_can_pass_when_dirty_done_but_app_status_readiness_is_absent (test_read_model_slo_smoke.ReadModelSloSmokeTests.test_page_first_scope_can_pass_when_dirty_done_but_app_status_readiness_is_absent) ... ok
test_pending_invoice_smoke_includes_page_first_screen_aggregate_scope (test_read_model_slo_smoke.ReadModelSloSmokeTests.test_pending_invoice_smoke_includes_page_first_screen_aggregate_scope) ... ok
test_summary_reports_enqueue_and_handler_percentiles (test_read_model_slo_smoke.ReadModelSloSmokeTests.test_summary_reports_enqueue_and_handler_percentiles) ... ok
test_wait_does_not_fail_on_stale_failed_readiness_while_event_is_pending (test_read_model_slo_smoke.ReadModelSloSmokeTests.test_wait_does_not_fail_on_stale_failed_readiness_while_event_is_pending) ... ok
test_freshness_targets_use_operation_barrier_shape (test_read_model_write_targets.ReadModelWriteTargetsTests.test_freshness_targets_use_operation_barrier_shape) ... ok
test_normalized_scope_keys_dedupes_and_keeps_order (test_read_model_write_targets.ReadModelWriteTargetsTests.test_normalized_scope_keys_dedupes_and_keeps_order) ... ok
test_write_target_envelope_accepts_prebuilt_targets (test_read_model_write_targets.ReadModelWriteTargetsTests.test_write_target_envelope_accepts_prebuilt_targets) ... ok
test_write_target_envelope_falls_back_to_scope_when_no_scope_is_available (test_read_model_write_targets.ReadModelWriteTargetsTests.test_write_target_envelope_falls_back_to_scope_when_no_scope_is_available) ... ok
test_write_target_envelope_preserves_legacy_scope_fields_and_barrier_targets (test_read_model_write_targets.ReadModelWriteTargetsTests.test_write_target_envelope_preserves_legacy_scope_fields_and_barrier_targets) ... ok
test_build_workbench_groups_paired_and_open_rows_from_live_services (test_reconciliation_service.ManualReconciliationServiceTests.test_build_workbench_groups_paired_and_open_rows_from_live_services) ... ok
test_build_workbench_keeps_negative_invoices_visible_for_reverse_flow (test_reconciliation_service.ManualReconciliationServiceTests.test_build_workbench_keeps_negative_invoices_visible_for_reverse_flow) ... ok
test_confirm_difference_reconciliation_records_structured_difference_reason (test_reconciliation_service.ManualReconciliationServiceTests.test_confirm_difference_reconciliation_records_structured_difference_reason) ... ok
test_confirm_manual_reconciliation_creates_case_updates_objects_and_records_audit (test_reconciliation_service.ManualReconciliationServiceTests.test_confirm_manual_reconciliation_creates_case_updates_objects_and_records_audit) ... ok
test_confirm_manual_reconciliation_supports_negative_output_invoice_with_refund_outflow (test_reconciliation_service.ManualReconciliationServiceTests.test_confirm_manual_reconciliation_supports_negative_output_invoice_with_refund_outflow) ... ok
test_record_exception_creates_follow_up_case_and_structured_exception_record (test_reconciliation_service.ManualReconciliationServiceTests.test_record_exception_creates_follow_up_case_and_structured_exception_record) ... ok
test_record_offline_reconciliation_creates_case_and_offline_record (test_reconciliation_service.ManualReconciliationServiceTests.test_record_offline_reconciliation_creates_case_and_offline_record) ... ok
test_record_offset_reconciliation_creates_offset_note_and_closes_cross_side_invoices (test_reconciliation_service.ManualReconciliationServiceTests.test_record_offset_reconciliation_creates_offset_note_and_closes_cross_side_invoices) ... ok
test_apply_guard_requires_exact_candidate_row_set_in_report (test_repair_submitted_etc_invoice_overlaps_tool.RepairSubmittedEtcInvoiceOverlapsToolTests.test_apply_guard_requires_exact_candidate_row_set_in_report) ... ok
test_apply_requires_reason_and_operator (test_repair_submitted_etc_invoice_overlaps_tool.RepairSubmittedEtcInvoiceOverlapsToolTests.test_apply_requires_reason_and_operator) ... ok
test_apply_updates_only_auto_candidates_and_enqueues_workbench_refresh (test_repair_submitted_etc_invoice_overlaps_tool.RepairSubmittedEtcInvoiceOverlapsToolTests.test_apply_updates_only_auto_candidates_and_enqueues_workbench_refresh) ... ok
test_dry_run_classifies_auto_manual_and_no_action_candidates (test_repair_submitted_etc_invoice_overlaps_tool.RepairSubmittedEtcInvoiceOverlapsToolTests.test_dry_run_classifies_auto_manual_and_no_action_candidates) ... ok
test_dry_run_zero_example_limit_keeps_counts_without_samples (test_repair_submitted_etc_invoice_overlaps_tool.RepairSubmittedEtcInvoiceOverlapsToolTests.test_dry_run_zero_example_limit_keeps_counts_without_samples) ... ok
test_apply_requires_explicit_confirm_write (test_restore_bank_auto_tag_rules_tool.RestoreBankAutoTagRulesToolTests.test_apply_requires_explicit_confirm_write) ... ok
test_bank_auto_tag_rules_runtime_uses_lightweight_tool_runtime_builder (test_restore_bank_auto_tag_rules_tool.RestoreBankAutoTagRulesToolTests.test_bank_auto_tag_rules_runtime_uses_lightweight_tool_runtime_builder) ... ok
test_critical_code_status_marks_missing_codes_without_hiding_existing_codes (test_restore_bank_auto_tag_rules_tool.RestoreBankAutoTagRulesToolTests.test_critical_code_status_marks_missing_codes_without_hiding_existing_codes) ... ok
test_main_dry_run_reports_planned_tag_dictionary_not_current_settings (test_restore_bank_auto_tag_rules_tool.RestoreBankAutoTagRulesToolTests.test_main_dry_run_reports_planned_tag_dictionary_not_current_settings) ... ok
test_restore_summary_reports_recovered_external_turnover_codes_and_critical_status (test_restore_bank_auto_tag_rules_tool.RestoreBankAutoTagRulesToolTests.test_restore_summary_reports_recovered_external_turnover_codes_and_critical_status) ... ok
test_write_settings_backup_records_source_hash_and_settings_snapshot (test_restore_bank_auto_tag_rules_tool.RestoreBankAutoTagRulesToolTests.test_write_settings_backup_records_source_hash_and_settings_snapshot) ... ok
test_application_init_does_not_call_legacy_full_snapshot_adapter_in_production (test_runtime_bootstrap.RuntimeBootstrapTests.test_application_init_does_not_call_legacy_full_snapshot_adapter_in_production) ... ok
test_application_server_does_not_call_state_store_load_directly (test_runtime_bootstrap.RuntimeBootstrapTests.test_application_server_does_not_call_state_store_load_directly) ... ok
test_application_server_production_path_does_not_call_load_persisted_state (test_runtime_bootstrap.RuntimeBootstrapTests.test_application_server_production_path_does_not_call_load_persisted_state) ... ok
test_application_state_store_does_not_expose_bootstrap_snapshot_loader (test_runtime_bootstrap.RuntimeBootstrapTests.test_application_state_store_does_not_expose_bootstrap_snapshot_loader) ... ok
test_bank_transaction_tag_reader_uses_facade_only_for_postgres_runtime (test_runtime_bootstrap.RuntimeBootstrapTests.test_bank_transaction_tag_reader_uses_facade_only_for_postgres_runtime) ... ok
test_default_production_bootstrap_does_not_call_full_state_load (test_runtime_bootstrap.RuntimeBootstrapTests.test_default_production_bootstrap_does_not_call_full_state_load) ... ok
test_lightweight_bootstrap_does_not_call_full_state_load_and_exposes_repositories (test_runtime_bootstrap.RuntimeBootstrapTests.test_lightweight_bootstrap_does_not_call_full_state_load_and_exposes_repositories) ... ok
test_non_tag_downstream_modules_do_not_depend_on_bank_tag_facade (test_runtime_bootstrap.RuntimeBootstrapTests.test_non_tag_downstream_modules_do_not_depend_on_bank_tag_facade) ... ok
test_postgres_category_rebinding_keeps_downstream_services_on_facade (test_runtime_bootstrap.RuntimeBootstrapTests.test_postgres_category_rebinding_keeps_downstream_services_on_facade) ... ok
test_postgres_state_store_does_not_expose_bootstrap_snapshot_loader (test_runtime_bootstrap.RuntimeBootstrapTests.test_postgres_state_store_does_not_expose_bootstrap_snapshot_loader) ... ok
test_postgres_state_store_does_not_expose_legacy_gridfs_reader (test_runtime_bootstrap.RuntimeBootstrapTests.test_postgres_state_store_does_not_expose_legacy_gridfs_reader) ... ok
test_production_bootstrap_does_not_construct_direct_oa_mongo_adapter (test_runtime_bootstrap.RuntimeBootstrapTests.test_production_bootstrap_does_not_construct_direct_oa_mongo_adapter) ... ok
test_production_postgres_bank_details_accounts_do_not_fallback_to_legacy_service (test_runtime_bootstrap.RuntimeBootstrapTests.test_production_postgres_bank_details_accounts_do_not_fallback_to_legacy_service) ... ok
test_production_postgres_bank_details_accounts_missing_balance_table_returns_refreshing (test_runtime_bootstrap.RuntimeBootstrapTests.test_production_postgres_bank_details_accounts_missing_balance_table_returns_refreshing) ... ok
test_production_postgres_bank_details_transactions_do_not_fallback_to_legacy_service (test_runtime_bootstrap.RuntimeBootstrapTests.test_production_postgres_bank_details_transactions_do_not_fallback_to_legacy_service) ... ok
test_production_postgres_bootstrap_does_not_seed_demo_workbench_rows (test_runtime_bootstrap.RuntimeBootstrapTests.test_production_postgres_bootstrap_does_not_seed_demo_workbench_rows) ... ok
test_production_postgres_workbench_requires_sql_read_model_without_sync_builder (test_runtime_bootstrap.RuntimeBootstrapTests.test_production_postgres_workbench_requires_sql_read_model_without_sync_builder) ... ok
test_production_snapshot_reads_are_confined_to_legacy_allowlist (test_runtime_bootstrap.RuntimeBootstrapTests.test_production_snapshot_reads_are_confined_to_legacy_allowlist) ... ok
test_runtime_bootstrap_does_not_expose_legacy_full_snapshot_adapter (test_runtime_bootstrap.RuntimeBootstrapTests.test_runtime_bootstrap_does_not_expose_legacy_full_snapshot_adapter) ... ok
test_runtime_worker_handlers_do_not_construct_effective_category_provider (test_runtime_bootstrap.RuntimeBootstrapTests.test_runtime_worker_handlers_do_not_construct_effective_category_provider) ... ok
test_server_downstream_bank_tag_consumers_use_runtime_tag_reader_boundary (test_runtime_bootstrap.RuntimeBootstrapTests.test_server_downstream_bank_tag_consumers_use_runtime_tag_reader_boundary) ... ok
test_standalone_worker_wires_bank_tag_facade_to_tag_consuming_read_models (test_runtime_bootstrap.RuntimeBootstrapTests.test_standalone_worker_wires_bank_tag_facade_to_tag_consuming_read_models) ... ok
test_0009_backfills_attempts_from_preexisting_attempt_count (test_runtime_infrastructure_postgres_integration.RuntimeInfrastructurePostgresIntegrationTests.test_0009_backfills_attempts_from_preexisting_attempt_count) ... skipped 'FIN_OPS_TEST_DATABASE_URL is not set; skipping PostgreSQL integration tests.'
test_outbox_attempt_columns_stay_synchronized (test_runtime_infrastructure_postgres_integration.RuntimeInfrastructurePostgresIntegrationTests.test_outbox_attempt_columns_stay_synchronized) ... skipped 'FIN_OPS_TEST_DATABASE_URL is not set; skipping PostgreSQL integration tests.'
test_outbox_dedupe_partial_unique_index_enforces_active_events_only (test_runtime_infrastructure_postgres_integration.RuntimeInfrastructurePostgresIntegrationTests.test_outbox_dedupe_partial_unique_index_enforces_active_events_only) ... skipped 'FIN_OPS_TEST_DATABASE_URL is not set; skipping PostgreSQL integration tests.'
test_outbox_dedupe_partial_unique_index_predicate_exists (test_runtime_infrastructure_postgres_integration.RuntimeInfrastructurePostgresIntegrationTests.test_outbox_dedupe_partial_unique_index_predicate_exists) ... skipped 'FIN_OPS_TEST_DATABASE_URL is not set; skipping PostgreSQL integration tests.'
test_outbox_envelope_view_exposes_rabbitmq_safe_fields (test_runtime_infrastructure_postgres_integration.RuntimeInfrastructurePostgresIntegrationTests.test_outbox_envelope_view_exposes_rabbitmq_safe_fields) ... skipped 'FIN_OPS_TEST_DATABASE_URL is not set; skipping PostgreSQL integration tests.'
test_outbox_events_runtime_columns_exist (test_runtime_infrastructure_postgres_integration.RuntimeInfrastructurePostgresIntegrationTests.test_outbox_events_runtime_columns_exist) ... skipped 'FIN_OPS_TEST_DATABASE_URL is not set; skipping PostgreSQL integration tests.'
test_outbox_status_check_constraint_rejects_invalid_status (test_runtime_infrastructure_postgres_integration.RuntimeInfrastructurePostgresIntegrationTests.test_outbox_status_check_constraint_rejects_invalid_status) ... skipped 'FIN_OPS_TEST_DATABASE_URL is not set; skipping PostgreSQL integration tests.'
test_runtime_infrastructure_tables_exist (test_runtime_infrastructure_postgres_integration.RuntimeInfrastructurePostgresIntegrationTests.test_runtime_infrastructure_tables_exist) ... skipped 'FIN_OPS_TEST_DATABASE_URL is not set; skipping PostgreSQL integration tests.'
test_runtime_queue_claim_next_raises_data_error_for_non_object_payload (test_runtime_infrastructure_postgres_integration.RuntimeInfrastructurePostgresIntegrationTests.test_runtime_queue_claim_next_raises_data_error_for_non_object_payload) ... skipped 'FIN_OPS_TEST_DATABASE_URL is not set; skipping PostgreSQL integration tests.'
test_runtime_queue_claim_next_reclaims_stale_processing_event (test_runtime_infrastructure_postgres_integration.RuntimeInfrastructurePostgresIntegrationTests.test_runtime_queue_claim_next_reclaims_stale_processing_event) ... skipped 'FIN_OPS_TEST_DATABASE_URL is not set; skipping PostgreSQL integration tests.'
test_runtime_queue_claim_next_sets_processing_lock_and_attempts (test_runtime_infrastructure_postgres_integration.RuntimeInfrastructurePostgresIntegrationTests.test_runtime_queue_claim_next_sets_processing_lock_and_attempts) ... skipped 'FIN_OPS_TEST_DATABASE_URL is not set; skipping PostgreSQL integration tests.'
test_runtime_queue_complete_marks_done_and_sets_processed_at (test_runtime_infrastructure_postgres_integration.RuntimeInfrastructurePostgresIntegrationTests.test_runtime_queue_complete_marks_done_and_sets_processed_at) ... skipped 'FIN_OPS_TEST_DATABASE_URL is not set; skipping PostgreSQL integration tests.'
test_runtime_queue_does_not_reclaim_stale_processing_event_before_available_at (test_runtime_infrastructure_postgres_integration.RuntimeInfrastructurePostgresIntegrationTests.test_runtime_queue_does_not_reclaim_stale_processing_event_before_available_at) ... skipped 'FIN_OPS_TEST_DATABASE_URL is not set; skipping PostgreSQL integration tests.'
test_runtime_queue_duplicate_pending_dedupe_key_returns_same_event_but_processing_allows_new_version (test_runtime_infrastructure_postgres_integration.RuntimeInfrastructurePostgresIntegrationTests.test_runtime_queue_duplicate_pending_dedupe_key_returns_same_event_but_processing_allows_new_version) ... skipped 'FIN_OPS_TEST_DATABASE_URL is not set; skipping PostgreSQL integration tests.'
test_runtime_queue_enqueue_inserts_pending_event (test_runtime_infrastructure_postgres_integration.RuntimeInfrastructurePostgresIntegrationTests.test_runtime_queue_enqueue_inserts_pending_event) ... skipped 'FIN_OPS_TEST_DATABASE_URL is not set; skipping PostgreSQL integration tests.'
test_runtime_queue_fail_retry_returns_pending_with_next_available_at (test_runtime_infrastructure_postgres_integration.RuntimeInfrastructurePostgresIntegrationTests.test_runtime_queue_fail_retry_returns_pending_with_next_available_at) ... skipped 'FIN_OPS_TEST_DATABASE_URL is not set; skipping PostgreSQL integration tests.'
test_runtime_queue_fail_without_retry_marks_failed (test_runtime_infrastructure_postgres_integration.RuntimeInfrastructurePostgresIntegrationTests.test_runtime_queue_fail_without_retry_marks_failed) ... skipped 'FIN_OPS_TEST_DATABASE_URL is not set; skipping PostgreSQL integration tests.'
test_app_status_worker_snapshot_ignores_historical_optional_worker_heartbeats (test_runtime_monitoring.RuntimeMonitoringRepositoryTests.test_app_status_worker_snapshot_ignores_historical_optional_worker_heartbeats) ... ok
test_dashboard_outbox_metric_only_scans_current_attention_statuses (test_runtime_monitoring.RuntimeMonitoringRepositoryTests.test_dashboard_outbox_metric_only_scans_current_attention_statuses) ... ok
test_dashboard_worker_metrics_are_registry_instance_aware (test_runtime_monitoring.RuntimeMonitoringRepositoryTests.test_dashboard_worker_metrics_are_registry_instance_aware) ... ok
test_health_summary_counts_worker_mismatches (test_runtime_monitoring.RuntimeMonitoringRepositoryTests.test_health_summary_counts_worker_mismatches) ... ok
test_health_summary_reports_backlog_failed_jobs_and_stale_dirty_scopes (test_runtime_monitoring.RuntimeMonitoringRepositoryTests.test_health_summary_reports_backlog_failed_jobs_and_stale_dirty_scopes) ... ok
test_ready_health_summary_uses_lightweight_runtime_contract (test_runtime_monitoring.RuntimeMonitoringRepositoryTests.test_ready_health_summary_uses_lightweight_runtime_contract) ... ok
test_backlog_summary_returns_counts_and_pending_age (test_runtime_queue.RuntimeQueueRepositoryTests.test_backlog_summary_returns_counts_and_pending_age) ... ok
test_claim_event_by_id_can_reclaim_stale_processing_event (test_runtime_queue.RuntimeQueueRepositoryTests.test_claim_event_by_id_can_reclaim_stale_processing_event) ... ok
test_claim_event_by_id_honors_scope_filters_for_rabbitmq_consumers (test_runtime_queue.RuntimeQueueRepositoryTests.test_claim_event_by_id_honors_scope_filters_for_rabbitmq_consumers) ... ok
test_claim_event_by_id_locks_specific_pending_event (test_runtime_queue.RuntimeQueueRepositoryTests.test_claim_event_by_id_locks_specific_pending_event) ... ok
test_claim_events_is_batch_interface_over_postgres_claims (test_runtime_queue.RuntimeQueueRepositoryTests.test_claim_events_is_batch_interface_over_postgres_claims) ... ok
test_claim_next_can_filter_scope_keys_for_split_worker_lanes (test_runtime_queue.RuntimeQueueRepositoryTests.test_claim_next_can_filter_scope_keys_for_split_worker_lanes) ... ok
test_claim_next_candidate_includes_stale_processing_events (test_runtime_queue.RuntimeQueueRepositoryTests.test_claim_next_candidate_includes_stale_processing_events) ... ok
test_claim_next_raises_data_error_when_payload_is_empty_list (test_runtime_queue.RuntimeQueueRepositoryTests.test_claim_next_raises_data_error_when_payload_is_empty_list) ... ok
test_claim_next_raises_data_error_when_payload_is_not_object (test_runtime_queue.RuntimeQueueRepositoryTests.test_claim_next_raises_data_error_when_payload_is_not_object) ... ok
test_claim_next_raises_data_error_when_payload_is_null (test_runtime_queue.RuntimeQueueRepositoryTests.test_claim_next_raises_data_error_when_payload_is_null) ... ok
test_claim_next_uses_skip_locked_timeout_and_event_type_filter (test_runtime_queue.RuntimeQueueRepositoryTests.test_claim_next_uses_skip_locked_timeout_and_event_type_filter) ... ok
test_claim_next_without_event_type_filter_has_no_any_clause (test_runtime_queue.RuntimeQueueRepositoryTests.test_claim_next_without_event_type_filter_has_no_any_clause) ... ok
test_claim_publishable_events_uses_publish_status_and_skip_locked (test_runtime_queue.RuntimeQueueRepositoryTests.test_claim_publishable_events_uses_publish_status_and_skip_locked) ... ok
test_complete_read_model_refresh_is_source_version_guarded (test_runtime_queue.RuntimeQueueRepositoryTests.test_complete_read_model_refresh_is_source_version_guarded) ... ok
test_complete_requires_processing_worker_lock_and_returns_bool (test_runtime_queue.RuntimeQueueRepositoryTests.test_complete_requires_processing_worker_lock_and_returns_bool) ... ok
test_complete_returns_false_when_worker_lock_does_not_match (test_runtime_queue.RuntimeQueueRepositoryTests.test_complete_returns_false_when_worker_lock_does_not_match) ... ok
test_defer_event_delays_dependency_retry_without_failure_or_dead_letter (test_runtime_queue.RuntimeQueueRepositoryTests.test_defer_event_delays_dependency_retry_without_failure_or_dead_letter) ... ok
test_defer_event_does_not_let_older_done_event_cover_newer_processing_event (test_runtime_queue.RuntimeQueueRepositoryTests.test_defer_event_does_not_let_older_done_event_cover_newer_processing_event) ... ok
test_defer_event_resolves_current_processing_when_pending_same_dedupe_exists (test_runtime_queue.RuntimeQueueRepositoryTests.test_defer_event_resolves_current_processing_when_pending_same_dedupe_exists) ... ok
test_defer_event_resolves_unique_collision_from_concurrent_pending_cover (test_runtime_queue.RuntimeQueueRepositoryTests.test_defer_event_resolves_unique_collision_from_concurrent_pending_cover) ... ok
test_enqueue_dedupe_returns_existing_active_event_on_conflict (test_runtime_queue.RuntimeQueueRepositoryTests.test_enqueue_dedupe_returns_existing_active_event_on_conflict) ... ok
test_enqueue_defaults_missing_payload_key_to_empty_object (test_runtime_queue.RuntimeQueueRepositoryTests.test_enqueue_defaults_missing_payload_key_to_empty_object) ... ok
test_enqueue_inserts_runtime_event_fields_and_returns_event (test_runtime_queue.RuntimeQueueRepositoryTests.test_enqueue_inserts_runtime_event_fields_and_returns_event) ... ok
test_enqueue_read_model_refresh_delegates_to_transaction_bound_writer (test_runtime_queue.RuntimeQueueRepositoryTests.test_enqueue_read_model_refresh_delegates_to_transaction_bound_writer) ... ok
test_enqueue_read_model_refresh_in_transaction_preserves_source_version_payload_and_outbox_contract (test_runtime_queue.RuntimeQueueRepositoryTests.test_enqueue_read_model_refresh_in_transaction_preserves_source_version_payload_and_outbox_contract) ... ok
test_enqueue_read_model_refresh_in_transaction_uses_supplied_transaction_without_opening_connection_context (test_runtime_queue.RuntimeQueueRepositoryTests.test_enqueue_read_model_refresh_in_transaction_uses_supplied_transaction_without_opening_connection_context) ... ok
test_enqueue_read_model_refresh_in_transaction_wraps_payloads_for_postgres_transaction (test_runtime_queue.RuntimeQueueRepositoryTests.test_enqueue_read_model_refresh_in_transaction_wraps_payloads_for_postgres_transaction) ... ok
test_enqueue_read_model_refresh_increments_and_returns_source_version (test_runtime_queue.RuntimeQueueRepositoryTests.test_enqueue_read_model_refresh_increments_and_returns_source_version) ... ok
test_enqueue_read_model_refresh_initializes_new_scope_from_historical_source_version (test_runtime_queue.RuntimeQueueRepositoryTests.test_enqueue_read_model_refresh_initializes_new_scope_from_historical_source_version) ... ok
test_enqueue_read_model_refresh_metadata_records_action_name_only (test_runtime_queue.RuntimeQueueRepositoryTests.test_enqueue_read_model_refresh_metadata_records_action_name_only) ... ok
test_enqueue_read_model_refreshes_in_transaction_batches_dirty_scope_and_outbox_writes (test_runtime_queue.RuntimeQueueRepositoryTests.test_enqueue_read_model_refreshes_in_transaction_batches_dirty_scope_and_outbox_writes) ... ok
test_event_envelope_contains_only_routing_identity_and_version (test_runtime_queue.RuntimeQueueRepositoryTests.test_event_envelope_contains_only_routing_identity_and_version) ... ok
test_fail_event_dead_letters_after_max_attempts_and_preserves_trace (test_runtime_queue.RuntimeQueueRepositoryTests.test_fail_event_dead_letters_after_max_attempts_and_preserves_trace) ... ok
test_fail_retry_and_permanent_require_processing_worker_lock_and_return_bool (test_runtime_queue.RuntimeQueueRepositoryTests.test_fail_retry_and_permanent_require_processing_worker_lock_and_return_bool) ... ok
test_mark_publish_failed_schedules_publish_retry (test_runtime_queue.RuntimeQueueRepositoryTests.test_mark_publish_failed_schedules_publish_retry) ... ok
test_mark_published_requires_publish_lock_and_records_confirm (test_runtime_queue.RuntimeQueueRepositoryTests.test_mark_published_requires_publish_lock_and_records_confirm) ... ok
test_read_model_refresh_is_active_checks_pending_or_processing_outbox_event (test_runtime_queue.RuntimeQueueRepositoryTests.test_read_model_refresh_is_active_checks_pending_or_processing_outbox_event) ... ok
test_read_model_refresh_is_fresh_checks_no_active_or_failed_dirty_scope (test_runtime_queue.RuntimeQueueRepositoryTests.test_read_model_refresh_is_fresh_checks_no_active_or_failed_dirty_scope) ... ok
test_release_event_restores_worker_locked_processing_event_to_pending (test_runtime_queue.RuntimeQueueRepositoryTests.test_release_event_restores_worker_locked_processing_event_to_pending) ... ok
test_release_stale_processing_events_requeues_with_operator_audit (test_runtime_queue.RuntimeQueueRepositoryTests.test_release_stale_processing_events_requeues_with_operator_audit) ... ok
test_requeue_event_restores_failed_or_dead_lettered_event_to_pending (test_runtime_queue.RuntimeQueueRepositoryTests.test_requeue_event_restores_failed_or_dead_lettered_event_to_pending) ... ok
test_reset_publish_state_marks_pending_event_unpublished (test_runtime_queue.RuntimeQueueRepositoryTests.test_reset_publish_state_marks_pending_event_unpublished) ... ok
test_resolve_dead_letter_event_marks_done_with_operator_resolution (test_runtime_queue.RuntimeQueueRepositoryTests.test_resolve_dead_letter_event_marks_done_with_operator_resolution) ... ok
test_resolve_superseded_processing_events_marks_obsolete_processing_done (test_runtime_queue.RuntimeQueueRepositoryTests.test_resolve_superseded_processing_events_marks_obsolete_processing_done) ... ok
test_retry_is_explicit_alias_for_retryable_failure (test_runtime_queue.RuntimeQueueRepositoryTests.test_retry_is_explicit_alias_for_retryable_failure) ... ok
test_runtime_queue_history_retention_execute_deletes_only_candidates (test_runtime_queue.RuntimeQueueRepositoryTests.test_runtime_queue_history_retention_execute_deletes_only_candidates) ... ok
test_runtime_queue_history_retention_preview_counts_done_history_without_delete (test_runtime_queue.RuntimeQueueRepositoryTests.test_runtime_queue_history_retention_preview_counts_done_history_without_delete) ... ok
test_runtime_queue_history_retention_rejects_invalid_policy (test_runtime_queue.RuntimeQueueRepositoryTests.test_runtime_queue_history_retention_rejects_invalid_policy) ... ok
test_settings_default_to_postgres_and_parse_reserved_rabbitmq_boundary (test_runtime_queue.RuntimeQueueRepositoryTests.test_settings_default_to_postgres_and_parse_reserved_rabbitmq_boundary) ... ok
test_workbench_all_aggregate_enqueue_coalesces_pending_parent_scopes (test_runtime_queue.RuntimeQueueRepositoryTests.test_workbench_all_aggregate_enqueue_coalesces_pending_parent_scopes) ... ok
test_enqueue_oa_sync_cli_writes_durable_event (test_runtime_queue_ops.RuntimeQueueOpsTests.test_enqueue_oa_sync_cli_writes_durable_event) ... ok
test_inspect_command_serializes_datetime_fields (test_runtime_queue_ops.RuntimeQueueOpsTests.test_inspect_command_serializes_datetime_fields) ... ok
test_prune_history_cli_defaults_to_dry_run_repository_boundary (test_runtime_queue_ops.RuntimeQueueOpsTests.test_prune_history_cli_defaults_to_dry_run_repository_boundary) ... ok
test_prune_history_cli_execute_forwards_controlled_policy (test_runtime_queue_ops.RuntimeQueueOpsTests.test_prune_history_cli_execute_forwards_controlled_policy) ... ok
test_release_stale_processing_dry_run_lists_candidates_without_update (test_runtime_queue_ops.RuntimeQueueOpsTests.test_release_stale_processing_dry_run_lists_candidates_without_update) ... ok
test_release_stale_processing_execute_uses_repository_boundary (test_runtime_queue_ops.RuntimeQueueOpsTests.test_release_stale_processing_execute_uses_repository_boundary) ... ok
test_replay_unpublished_dry_run_lists_candidates_without_update (test_runtime_queue_ops.RuntimeQueueOpsTests.test_replay_unpublished_dry_run_lists_candidates_without_update) ... ok
test_replay_unpublished_execute_resets_publish_state (test_runtime_queue_ops.RuntimeQueueOpsTests.test_replay_unpublished_execute_resets_publish_state) ... ok
test_resolve_covered_dead_letters_dry_run_lists_exact_scope_proof_without_update (test_runtime_queue_ops.RuntimeQueueOpsTests.test_resolve_covered_dead_letters_dry_run_lists_exact_scope_proof_without_update) ... ok
test_resolve_covered_dead_letters_execute_resolves_only_eligible_events (test_runtime_queue_ops.RuntimeQueueOpsTests.test_resolve_covered_dead_letters_execute_resolves_only_eligible_events) ... ok
test_resolve_dead_letter_refuses_when_dirty_scope_is_active (test_runtime_queue_ops.RuntimeQueueOpsTests.test_resolve_dead_letter_refuses_when_dirty_scope_is_active) ... ok
test_resolve_dead_letter_refuses_when_exact_scope_is_not_covered (test_runtime_queue_ops.RuntimeQueueOpsTests.test_resolve_dead_letter_refuses_when_exact_scope_is_not_covered) ... ok
test_resolve_dead_letter_requires_fresh_readiness_and_no_active_dirty_scope (test_runtime_queue_ops.RuntimeQueueOpsTests.test_resolve_dead_letter_requires_fresh_readiness_and_no_active_dirty_scope) ... ok
test_resolve_superseded_processing_dry_run_lists_candidates_without_update (test_runtime_queue_ops.RuntimeQueueOpsTests.test_resolve_superseded_processing_dry_run_lists_candidates_without_update) ... ok
test_resolve_superseded_processing_execute_uses_repository_boundary (test_runtime_queue_ops.RuntimeQueueOpsTests.test_resolve_superseded_processing_execute_uses_repository_boundary) ... ok
test_set_control_flag_writes_app_settings_control_key (test_runtime_queue_ops.RuntimeQueueOpsTests.test_set_control_flag_writes_app_settings_control_key) ... ok
test_disabled_helper_is_noop_so_postgres_polling_can_continue (test_runtime_redis.RuntimeRedisTests.test_disabled_helper_is_noop_so_postgres_polling_can_continue) ... ok
test_health_summary_pings_configured_redis (test_runtime_redis.RuntimeRedisTests.test_health_summary_pings_configured_redis) ... ok
test_health_summary_reports_cache_hit_and_miss_counts (test_runtime_redis.RuntimeRedisTests.test_health_summary_reports_cache_hit_and_miss_counts) ... ok
test_health_summary_reports_redis_errors (test_runtime_redis.RuntimeRedisTests.test_health_summary_reports_redis_errors) ... ok
test_helper_limits_cache_to_positive_ttl_and_uses_json_payloads (test_runtime_redis.RuntimeRedisTests.test_helper_limits_cache_to_positive_ttl_and_uses_json_payloads) ... ok
test_helper_supports_plain_text_version_keys (test_runtime_redis.RuntimeRedisTests.test_helper_supports_plain_text_version_keys) ... ok
test_lock_uses_set_nx_with_ttl (test_runtime_redis.RuntimeRedisTests.test_lock_uses_set_nx_with_ttl) ... ok
test_production_env_examples_match_runtime_redis_settings_contract (test_runtime_redis.RuntimeRedisTests.test_production_env_examples_match_runtime_redis_settings_contract) ... ok
test_settings_are_disabled_without_url (test_runtime_redis.RuntimeRedisTests.test_settings_are_disabled_without_url) ... ok
test_active_app_health_alerts_require_mirror_write (test_runtime_state_policy.RuntimeStatePolicyTests.test_active_app_health_alerts_require_mirror_write) ... ok
test_active_background_jobs_require_mirror_write (test_runtime_state_policy.RuntimeStatePolicyTests.test_active_background_jobs_require_mirror_write) ... ok
test_production_worker_refresh_paths_do_not_use_application_or_snapshot_fallback (test_runtime_state_policy.RuntimeStatePolicyTests.test_production_worker_refresh_paths_do_not_use_application_or_snapshot_fallback) ... ok
test_recovered_app_health_alerts_are_retention_only (test_runtime_state_policy.RuntimeStatePolicyTests.test_recovered_app_health_alerts_are_retention_only) ... ok
test_shadow_only_recovered_app_health_alert_is_cleanup_candidate (test_runtime_state_policy.RuntimeStatePolicyTests.test_shadow_only_recovered_app_health_alert_is_cleanup_candidate) ... ok
test_shadow_only_terminal_background_job_is_cleanup_candidate (test_runtime_state_policy.RuntimeStatePolicyTests.test_shadow_only_terminal_background_job_is_cleanup_candidate) ... ok
test_shadow_only_terminal_job_without_timestamp_blocks_cleanup (test_runtime_state_policy.RuntimeStatePolicyTests.test_shadow_only_terminal_job_without_timestamp_blocks_cleanup) ... ok
test_terminal_background_jobs_are_retention_only (test_runtime_state_policy.RuntimeStatePolicyTests.test_terminal_background_jobs_are_retention_only) ... ok
test_terminal_derived_background_job_with_scope_is_rebuildable (test_runtime_state_policy.RuntimeStatePolicyTests.test_terminal_derived_background_job_with_scope_is_rebuildable) ... ok
test_unacknowledged_attention_jobs_require_mirror_write (test_runtime_state_policy.RuntimeStatePolicyTests.test_unacknowledged_attention_jobs_require_mirror_write) ... ok
test_unknown_app_health_alert_shape_blocks (test_runtime_state_policy.RuntimeStatePolicyTests.test_unknown_app_health_alert_shape_blocks) ... ok
test_unknown_background_job_status_or_type_blocks (test_runtime_state_policy.RuntimeStatePolicyTests.test_unknown_background_job_status_or_type_blocks) ... ok
test_gate_fails_without_authenticated_http_and_write_scenario (test_runtime_sync_closure_gate.RuntimeSyncClosureGateTests.test_gate_fails_without_authenticated_http_and_write_scenario) ... ok
test_gate_passes_admin_headers_to_http_slo_probe (test_runtime_sync_closure_gate.RuntimeSyncClosureGateTests.test_gate_passes_admin_headers_to_http_slo_probe) ... ok
test_gate_passes_only_when_all_required_sections_pass (test_runtime_sync_closure_gate.RuntimeSyncClosureGateTests.test_gate_passes_only_when_all_required_sections_pass) ... ok
test_health_ready_payload_failure_prevents_closure_pass (test_runtime_sync_closure_gate.RuntimeSyncClosureGateTests.test_health_ready_payload_failure_prevents_closure_pass) ... ok
test_http_zero_samples_prevents_closure_pass (test_runtime_sync_closure_gate.RuntimeSyncClosureGateTests.test_http_zero_samples_prevents_closure_pass) ... ok
test_invalid_write_scenario_is_reported_as_input_error_without_running_write_checks (test_runtime_sync_closure_gate.RuntimeSyncClosureGateTests.test_invalid_write_scenario_is_reported_as_input_error_without_running_write_checks) ... ok
test_read_model_smoke_zero_samples_prevents_closure_pass (test_runtime_sync_closure_gate.RuntimeSyncClosureGateTests.test_read_model_smoke_zero_samples_prevents_closure_pass) ... ok
test_runtime_health_empty_summary_prevents_closure_pass (test_runtime_sync_closure_gate.RuntimeSyncClosureGateTests.test_runtime_health_empty_summary_prevents_closure_pass) ... ok
test_sse_smoke_failure_prevents_closure_pass (test_runtime_sync_closure_gate.RuntimeSyncClosureGateTests.test_sse_smoke_failure_prevents_closure_pass) ... ok
test_sse_zero_probes_prevents_closure_pass (test_runtime_sync_closure_gate.RuntimeSyncClosureGateTests.test_sse_zero_probes_prevents_closure_pass) ... ok
test_write_audit_is_limited_to_approved_scenario_operations_when_scenario_is_supplied (test_runtime_sync_closure_gate.RuntimeSyncClosureGateTests.test_write_audit_is_limited_to_approved_scenario_operations_when_scenario_is_supplied) ... ok
test_write_audit_zero_samples_prevents_closure_pass (test_runtime_sync_closure_gate.RuntimeSyncClosureGateTests.test_write_audit_zero_samples_prevents_closure_pass) ... ok
test_write_e2e_zero_results_prevents_closure_pass (test_runtime_sync_closure_gate.RuntimeSyncClosureGateTests.test_write_e2e_zero_results_prevents_closure_pass) ... ok
test_write_scenario_apply_requires_approval_ticket_before_write_e2e_runs (test_runtime_sync_closure_gate.RuntimeSyncClosureGateTests.test_write_scenario_apply_requires_approval_ticket_before_write_e2e_runs) ... ok
test_write_scenario_dry_run_does_not_satisfy_closure (test_runtime_sync_closure_gate.RuntimeSyncClosureGateTests.test_write_scenario_dry_run_does_not_satisfy_closure) ... ok
test_default_poll_interval_is_fast_enough_for_read_model_slo (test_runtime_worker.RuntimeWorkerTests.test_default_poll_interval_is_fast_enough_for_read_model_slo) ... ok
test_event_processing_heartbeats_bypass_idle_throttle (test_runtime_worker.RuntimeWorkerTests.test_event_processing_heartbeats_bypass_idle_throttle) ... ok
test_fast_empty_polls_throttle_idle_heartbeat_writes (test_runtime_worker.RuntimeWorkerTests.test_fast_empty_polls_throttle_idle_heartbeat_writes) ... ok
test_heartbeats_include_worker_instance_when_configured (test_runtime_worker.RuntimeWorkerTests.test_heartbeats_include_worker_instance_when_configured) ... ok
test_run_forever_drains_multiple_events_before_idle_sleep (test_runtime_worker.RuntimeWorkerTests.test_run_forever_drains_multiple_events_before_idle_sleep) ... ok
test_run_forever_releases_claimed_event_on_shutdown_request (test_runtime_worker.RuntimeWorkerTests.test_run_forever_releases_claimed_event_on_shutdown_request) ... ok
test_run_once_claims_from_postgres_queue_without_redis_and_completes_event (test_runtime_worker.RuntimeWorkerTests.test_run_once_claims_from_postgres_queue_without_redis_and_completes_event) ... ok
test_run_once_defers_dependency_not_fresh_without_marking_failed (test_runtime_worker.RuntimeWorkerTests.test_run_once_defers_dependency_not_fresh_without_marking_failed) ... ok
test_run_once_does_not_bump_dependency_refresh_when_scope_already_active (test_runtime_worker.RuntimeWorkerTests.test_run_once_does_not_bump_dependency_refresh_when_scope_already_active) ... ok
test_run_once_does_not_bump_dependency_refresh_when_scope_already_fresh (test_runtime_worker.RuntimeWorkerTests.test_run_once_does_not_bump_dependency_refresh_when_scope_already_fresh) ... ok
test_run_once_does_not_claim_when_no_event_types_or_handlers_are_registered (test_runtime_worker.RuntimeWorkerTests.test_run_once_does_not_claim_when_no_event_types_or_handlers_are_registered) ... ok
test_run_once_does_not_enqueue_bank_detail_all_for_all_scope_dependency (test_runtime_worker.RuntimeWorkerTests.test_run_once_does_not_enqueue_bank_detail_all_for_all_scope_dependency) ... ok
test_run_once_enqueues_dependency_refresh_before_deferring_not_fresh_event (test_runtime_worker.RuntimeWorkerTests.test_run_once_enqueues_dependency_refresh_before_deferring_not_fresh_event) ... ok
test_run_once_passes_claim_scope_filters_to_queue (test_runtime_worker.RuntimeWorkerTests.test_run_once_passes_claim_scope_filters_to_queue) ... ok
test_run_once_requeues_same_scope_parent_when_generation_is_inconsistent (test_runtime_worker.RuntimeWorkerTests.test_run_once_requeues_same_scope_parent_when_generation_is_inconsistent) ... ok
test_run_once_retries_handler_exception_with_configured_delay (test_runtime_worker.RuntimeWorkerTests.test_run_once_retries_handler_exception_with_configured_delay) ... ok
test_run_once_retries_when_handler_exceeds_task_timeout (test_runtime_worker.RuntimeWorkerTests.test_run_once_retries_when_handler_exceeds_task_timeout) ... ok
test_run_once_sets_statement_timeout_and_processing_heartbeat_for_claimed_event (test_runtime_worker.RuntimeWorkerTests.test_run_once_sets_statement_timeout_and_processing_heartbeat_for_claimed_event) ... ok
test_run_once_uses_exponential_retry_delay_and_max_attempts (test_runtime_worker.RuntimeWorkerTests.test_run_once_uses_exponential_retry_delay_and_max_attempts) ... ok
test_import_state_bank_account_balance_refresh_uses_producer_boundary (test_runtime_worker_read_model_refresh_scopes.RuntimeWorkerReadModelRefreshScopeTests.test_import_state_bank_account_balance_refresh_uses_producer_boundary) ... ok
test_import_state_search_refresh_uses_search_producer_boundary (test_runtime_worker_read_model_refresh_scopes.RuntimeWorkerReadModelRefreshScopeTests.test_import_state_search_refresh_uses_search_producer_boundary) ... ok
test_lifecycle_bank_account_balance_refresh_uses_all_only_producer_boundary (test_runtime_worker_read_model_refresh_scopes.RuntimeWorkerReadModelRefreshScopeTests.test_lifecycle_bank_account_balance_refresh_uses_all_only_producer_boundary) ... ok
test_lifecycle_bank_flow_rule_batch_refresh_has_runtime_executor (test_runtime_worker_read_model_refresh_scopes.RuntimeWorkerReadModelRefreshScopeTests.test_lifecycle_bank_flow_rule_batch_refresh_has_runtime_executor) ... ok
test_worker_lifecycle_does_not_apply_cost_scope_rules_to_other_read_models (test_runtime_worker_read_model_refresh_scopes.RuntimeWorkerReadModelRefreshScopeTests.test_worker_lifecycle_does_not_apply_cost_scope_rules_to_other_read_models) ... ok
test_worker_lifecycle_normalizes_cost_statistics_refresh_scopes (test_runtime_worker_read_model_refresh_scopes.RuntimeWorkerReadModelRefreshScopeTests.test_worker_lifecycle_normalizes_cost_statistics_refresh_scopes) ... ok
test_app_status_read_model_registry_matches_worker_and_rabbitmq_contracts (test_runtime_worker_registry.RuntimeWorkerRegistryTests.test_app_status_read_model_registry_matches_worker_and_rabbitmq_contracts) ... ok
test_cost_tax_worker_no_longer_consumes_cost_statistics_refreshes (test_runtime_worker_registry.RuntimeWorkerRegistryTests.test_cost_tax_worker_no_longer_consumes_cost_statistics_refreshes) ... ok
test_hot_read_model_workers_have_dedicated_parallel_consumers (test_runtime_worker_registry.RuntimeWorkerRegistryTests.test_hot_read_model_workers_have_dedicated_parallel_consumers) ... ok
test_import_claim_events_include_import_fact_changed_in_all_transports (test_runtime_worker_registry.RuntimeWorkerRegistryTests.test_import_claim_events_include_import_fact_changed_in_all_transports) ... ok
test_manifest_cli_lists_required_instances_and_env_examples (test_runtime_worker_registry.RuntimeWorkerRegistryTests.test_manifest_cli_lists_required_instances_and_env_examples) ... ok
test_rabbitmq_dispatcher_env_example_covers_registry_events (test_runtime_worker_registry.RuntimeWorkerRegistryTests.test_rabbitmq_dispatcher_env_example_covers_registry_events) ... ok
test_rabbitmq_supported_and_default_dispatch_events_are_registry_derived (test_runtime_worker_registry.RuntimeWorkerRegistryTests.test_rabbitmq_supported_and_default_dispatch_events_are_registry_derived) ... ok
test_read_model_monitoring_events_are_covered_by_registry (test_runtime_worker_registry.RuntimeWorkerRegistryTests.test_read_model_monitoring_events_are_covered_by_registry) ... ok
test_registered_worker_env_examples_exist (test_runtime_worker_registry.RuntimeWorkerRegistryTests.test_registered_worker_env_examples_exist) ... ok
test_registration_lookup_and_command_args_are_registry_derived (test_runtime_worker_registry.RuntimeWorkerRegistryTests.test_registration_lookup_and_command_args_are_registry_derived) ... ok
test_required_workers_have_env_examples_and_heartbeat_slos (test_runtime_worker_registry.RuntimeWorkerRegistryTests.test_required_workers_have_env_examples_and_heartbeat_slos) ... ok
test_required_workers_match_deploy_helper_defaults (test_runtime_worker_registry.RuntimeWorkerRegistryTests.test_required_workers_match_deploy_helper_defaults) ... ok
test_unknown_worker_registration_fails_fast (test_runtime_worker_registry.RuntimeWorkerRegistryTests.test_unknown_worker_registration_fails_fast) ... ok
test_workbench_aggregate_registration_claims_only_all_scope (test_runtime_worker_registry.RuntimeWorkerRegistryTests.test_workbench_aggregate_registration_claims_only_all_scope) ... ok
test_worker_kind_inference_uses_registry_for_bank_flow_rule_batch_worker (test_runtime_worker_registry.RuntimeWorkerRegistryTests.test_worker_kind_inference_uses_registry_for_bank_flow_rule_batch_worker) ... ok
test_worker_kind_inference_uses_registry_for_no_oa_bank_batch_worker (test_runtime_worker_registry.RuntimeWorkerRegistryTests.test_worker_kind_inference_uses_registry_for_no_oa_bank_batch_worker) ... ok
test_worker_kind_inference_uses_registry_for_optional_workers (test_runtime_worker_registry.RuntimeWorkerRegistryTests.test_worker_kind_inference_uses_registry_for_optional_workers) ... ok
test_worker_kind_inference_uses_registry_for_turnover_ledger_worker (test_runtime_worker_registry.RuntimeWorkerRegistryTests.test_worker_kind_inference_uses_registry_for_turnover_ledger_worker) ... ok
test_worker_read_model_registrations_are_visible_to_app_status_registry (test_runtime_worker_registry.RuntimeWorkerRegistryTests.test_worker_read_model_registrations_are_visible_to_app_status_registry) ... ok
test_worker_registration_check_outputs_registry_derived_configuration (test_runtime_worker_registry.RuntimeWorkerRegistryTests.test_worker_registration_check_outputs_registry_derived_configuration) ... ok
test_search_api_returns_grouped_entity_results (test_search_api.SearchApiTests.test_search_api_returns_grouped_entity_results) ... ok
test_search_api_supports_status_filter_for_ignored_rows (test_search_api.SearchApiTests.test_search_api_supports_status_filter_for_ignored_rows) ... ok
test_search_api_uses_cached_read_model_and_ignored_rows_without_raw_rebuild (test_search_api.SearchApiTests.test_search_api_uses_cached_read_model_and_ignored_rows_without_raw_rebuild) ... ok
test_port_excludes_unrelated_read_model_methods (test_search_pending_sql_runtime.PendingInvoiceReadModelRepositoryPortTests.test_port_excludes_unrelated_read_model_methods) ... ok
test_application_pending_invoice_invalidation_scopes_cover_income_filters (test_search_pending_sql_runtime.SearchPendingSqlRuntimeTests.test_application_pending_invoice_invalidation_scopes_cover_income_filters) ... ok
test_pending_invoice_all_direction_miss_enqueues_expense_and_income_refresh_without_sync_scan (test_search_pending_sql_runtime.SearchPendingSqlRuntimeTests.test_pending_invoice_all_direction_miss_enqueues_expense_and_income_refresh_without_sync_scan) ... ok
test_pending_invoice_api_bank_detail_source_version_stale_enqueues_refresh (test_search_pending_sql_runtime.SearchPendingSqlRuntimeTests.test_pending_invoice_api_bank_detail_source_version_stale_enqueues_refresh) ... ok
test_pending_invoice_api_miss_enqueues_refresh_without_sync_scan (test_search_pending_sql_runtime.SearchPendingSqlRuntimeTests.test_pending_invoice_api_miss_enqueues_refresh_without_sync_scan) ... ok
test_pending_invoice_api_reads_sql_page (test_search_pending_sql_runtime.SearchPendingSqlRuntimeTests.test_pending_invoice_api_reads_sql_page) ... ok
test_pending_invoice_api_serves_existing_rows_while_scope_refreshes (test_search_pending_sql_runtime.SearchPendingSqlRuntimeTests.test_pending_invoice_api_serves_existing_rows_while_scope_refreshes) ... ok
test_pending_invoice_api_source_version_stale_serves_existing_rows_and_enqueues_refresh (test_search_pending_sql_runtime.SearchPendingSqlRuntimeTests.test_pending_invoice_api_source_version_stale_serves_existing_rows_and_enqueues_refresh) ... ok
test_pending_invoice_api_treats_legacy_sql_payload_shape_as_refreshing (test_search_pending_sql_runtime.SearchPendingSqlRuntimeTests.test_pending_invoice_api_treats_legacy_sql_payload_shape_as_refreshing) ... ok
test_pending_invoice_api_workbench_relation_source_version_mismatch_enqueues_refresh (test_search_pending_sql_runtime.SearchPendingSqlRuntimeTests.test_pending_invoice_api_workbench_relation_source_version_mismatch_enqueues_refresh) ... ok
test_pending_invoice_api_workbench_relation_source_version_stale_enqueues_refresh (test_search_pending_sql_runtime.SearchPendingSqlRuntimeTests.test_pending_invoice_api_workbench_relation_source_version_stale_enqueues_refresh) ... ok
test_pending_invoice_read_model_service_all_rows_rejects_export_row_limit_before_scanning_more_pages (test_search_pending_sql_runtime.SearchPendingSqlRuntimeTests.test_pending_invoice_read_model_service_all_rows_rejects_export_row_limit_before_scanning_more_pages) ... ok
test_pending_invoice_read_model_service_all_rows_returns_refreshing_payload_without_fallback (test_search_pending_sql_runtime.SearchPendingSqlRuntimeTests.test_pending_invoice_read_model_service_all_rows_returns_refreshing_payload_without_fallback) ... ok
test_pending_invoice_read_model_service_rejects_unconfigured_repository_without_sync_scan (test_search_pending_sql_runtime.SearchPendingSqlRuntimeTests.test_pending_invoice_read_model_service_rejects_unconfigured_repository_without_sync_scan) ... ok
test_pending_invoice_repository_accepts_filter_json_and_native_sort_fields (test_search_pending_sql_runtime.SearchPendingSqlRuntimeTests.test_pending_invoice_repository_accepts_filter_json_and_native_sort_fields) ... ok
test_pending_invoice_repository_aggregates_bank_detail_source_versions_across_month_shards (test_search_pending_sql_runtime.SearchPendingSqlRuntimeTests.test_pending_invoice_repository_aggregates_bank_detail_source_versions_across_month_shards) ... ok
test_pending_invoice_repository_all_direction_combines_direction_summaries (test_search_pending_sql_runtime.SearchPendingSqlRuntimeTests.test_pending_invoice_repository_all_direction_combines_direction_summaries) ... ok
test_pending_invoice_repository_builds_filter_options_in_sql (test_search_pending_sql_runtime.SearchPendingSqlRuntimeTests.test_pending_invoice_repository_builds_filter_options_in_sql) ... ok
test_pending_invoice_repository_filters_status_groups_by_visible_status (test_search_pending_sql_runtime.SearchPendingSqlRuntimeTests.test_pending_invoice_repository_filters_status_groups_by_visible_status) ... ok
test_pending_invoice_repository_ignores_zero_row_historical_shards_for_aggregate_source_versions (test_search_pending_sql_runtime.SearchPendingSqlRuntimeTests.test_pending_invoice_repository_ignores_zero_row_historical_shards_for_aggregate_source_versions) ... ok
test_pending_invoice_repository_loads_workbench_relation_source_versions_for_matching_months (test_search_pending_sql_runtime.SearchPendingSqlRuntimeTests.test_pending_invoice_repository_loads_workbench_relation_source_versions_for_matching_months) ... ok
test_pending_invoice_repository_reads_rows_page_and_summary (test_search_pending_sql_runtime.SearchPendingSqlRuntimeTests.test_pending_invoice_repository_reads_rows_page_and_summary) ... ok
test_pending_invoice_repository_requires_invoice_filter_uses_status_bucket (test_search_pending_sql_runtime.SearchPendingSqlRuntimeTests.test_pending_invoice_repository_requires_invoice_filter_uses_status_bucket) ... ok
test_pending_invoice_repository_returns_fresh_empty_scope_without_api_miss (test_search_pending_sql_runtime.SearchPendingSqlRuntimeTests.test_pending_invoice_repository_returns_fresh_empty_scope_without_api_miss) ... ok
test_pending_invoice_repository_returns_none_when_scope_was_never_built (test_search_pending_sql_runtime.SearchPendingSqlRuntimeTests.test_pending_invoice_repository_returns_none_when_scope_was_never_built) ... ok
test_pending_invoice_repository_supports_new_column_filter_fields_as_and_clauses (test_search_pending_sql_runtime.SearchPendingSqlRuntimeTests.test_pending_invoice_repository_supports_new_column_filter_fields_as_and_clauses) ... ok
test_pending_invoice_repository_writes_canonical_payload_without_raw_payload_duplication (test_search_pending_sql_runtime.SearchPendingSqlRuntimeTests.test_pending_invoice_repository_writes_canonical_payload_without_raw_payload_duplication) ... ok
test_pending_invoice_sql_page_preserves_bank_tag_settings (test_search_pending_sql_runtime.SearchPendingSqlRuntimeTests.test_pending_invoice_sql_page_preserves_bank_tag_settings) ... ok
test_pending_invoice_sql_projection_closes_active_rule_tag_filter_groups (test_search_pending_sql_runtime.SearchPendingSqlRuntimeTests.test_pending_invoice_sql_projection_closes_active_rule_tag_filter_groups) ... ok
test_pending_invoice_sql_projection_collapses_multi_bank_relation_members (test_search_pending_sql_runtime.SearchPendingSqlRuntimeTests.test_pending_invoice_sql_projection_collapses_multi_bank_relation_members) ... ok
test_pending_invoice_sql_projection_consumes_workbench_relation_distribution (test_search_pending_sql_runtime.SearchPendingSqlRuntimeTests.test_pending_invoice_sql_projection_consumes_workbench_relation_distribution) ... ok
test_pending_invoice_sql_projection_does_not_expose_candidate_as_oa_id (test_search_pending_sql_runtime.SearchPendingSqlRuntimeTests.test_pending_invoice_sql_projection_does_not_expose_candidate_as_oa_id) ... ok
test_pending_invoice_sql_projection_emits_income_output_statuses (test_search_pending_sql_runtime.SearchPendingSqlRuntimeTests.test_pending_invoice_sql_projection_emits_income_output_statuses) ... ok
test_pending_invoice_sql_projection_emits_upgraded_four_zone_payload (test_search_pending_sql_runtime.SearchPendingSqlRuntimeTests.test_pending_invoice_sql_projection_emits_upgraded_four_zone_payload) ... ok
test_pending_invoice_sql_projection_excludes_already_invoiced_rows_from_statement_filter (test_search_pending_sql_runtime.SearchPendingSqlRuntimeTests.test_pending_invoice_sql_projection_excludes_already_invoiced_rows_from_statement_filter) ... ok
test_pending_invoice_sql_projection_filters_income_rule_groups (test_search_pending_sql_runtime.SearchPendingSqlRuntimeTests.test_pending_invoice_sql_projection_filters_income_rule_groups) ... ok
test_pending_invoice_sql_projection_preserves_candidate_without_closing_status (test_search_pending_sql_runtime.SearchPendingSqlRuntimeTests.test_pending_invoice_sql_projection_preserves_candidate_without_closing_status) ... ok
test_pending_invoice_sql_projection_preserves_real_bank_and_oa_identity (test_search_pending_sql_runtime.SearchPendingSqlRuntimeTests.test_pending_invoice_sql_projection_preserves_real_bank_and_oa_identity) ... ok
test_pending_invoice_sql_projection_refuses_to_publish_when_bank_tags_are_not_fresh (test_search_pending_sql_runtime.SearchPendingSqlRuntimeTests.test_pending_invoice_sql_projection_refuses_to_publish_when_bank_tags_are_not_fresh) ... ok
test_pending_invoice_sql_projection_uses_active_complement_for_requires_invoice_filter (test_search_pending_sql_runtime.SearchPendingSqlRuntimeTests.test_pending_invoice_sql_projection_uses_active_complement_for_requires_invoice_filter) ... ok
test_pending_invoice_sql_projection_uses_effective_category_fields_for_expense_rules (test_search_pending_sql_runtime.SearchPendingSqlRuntimeTests.test_pending_invoice_sql_projection_uses_effective_category_fields_for_expense_rules) ... ok
test_pending_invoice_sql_projection_uses_effective_category_fields_for_income_rules (test_search_pending_sql_runtime.SearchPendingSqlRuntimeTests.test_pending_invoice_sql_projection_uses_effective_category_fields_for_income_rules) ... ok
test_pending_invoice_sql_projection_uses_fresh_bank_tag_facade_category (test_search_pending_sql_runtime.SearchPendingSqlRuntimeTests.test_pending_invoice_sql_projection_uses_fresh_bank_tag_facade_category) ... ok
test_pending_invoice_writer_and_api_source_version_contracts_match (test_search_pending_sql_runtime.SearchPendingSqlRuntimeTests.test_pending_invoice_writer_and_api_source_version_contracts_match) ... ok
test_refresh_handler_expands_legacy_pending_scope_into_month_shards (test_search_pending_sql_runtime.SearchPendingSqlRuntimeTests.test_refresh_handler_expands_legacy_pending_scope_into_month_shards) ... ok
test_refresh_handler_expands_pending_filter_scope_into_month_shards (test_search_pending_sql_runtime.SearchPendingSqlRuntimeTests.test_refresh_handler_expands_pending_filter_scope_into_month_shards) ... ok
test_refresh_handler_expands_search_all_into_month_shards (test_search_pending_sql_runtime.SearchPendingSqlRuntimeTests.test_refresh_handler_expands_search_all_into_month_shards) ... ok
test_refresh_handler_expands_search_all_through_search_producer_boundary (test_search_pending_sql_runtime.SearchPendingSqlRuntimeTests.test_refresh_handler_expands_search_all_through_search_producer_boundary) ... ok
test_refresh_handler_rebuilds_pending_filter_month_shard (test_search_pending_sql_runtime.SearchPendingSqlRuntimeTests.test_refresh_handler_rebuilds_pending_filter_month_shard) ... ok
test_refresh_handler_rebuilds_search_and_pending_scopes (test_search_pending_sql_runtime.SearchPendingSqlRuntimeTests.test_refresh_handler_rebuilds_search_and_pending_scopes) ... ok
test_refresh_handler_rejects_application_fallback_dependency (test_search_pending_sql_runtime.SearchPendingSqlRuntimeTests.test_refresh_handler_rejects_application_fallback_dependency) ... ok
test_refresh_handler_skips_stale_search_source_version (test_search_pending_sql_runtime.SearchPendingSqlRuntimeTests.test_refresh_handler_skips_stale_search_source_version) ... ok
test_search_api_miss_enqueues_refresh_without_sync_scan (test_search_pending_sql_runtime.SearchPendingSqlRuntimeTests.test_search_api_miss_enqueues_refresh_without_sync_scan) ... ok
test_search_api_reads_sql_index (test_search_pending_sql_runtime.SearchPendingSqlRuntimeTests.test_search_api_reads_sql_index) ... ok
test_search_api_requires_sql_repository_in_production_without_live_scan (test_search_pending_sql_runtime.SearchPendingSqlRuntimeTests.test_search_api_requires_sql_repository_in_production_without_live_scan) ... ok
test_search_index_bulk_save_dedupes_duplicate_row_ids (test_search_pending_sql_runtime.SearchPendingSqlRuntimeTests.test_search_index_bulk_save_dedupes_duplicate_row_ids) ... ok
test_search_index_bulk_save_deletes_scope_when_result_is_empty (test_search_pending_sql_runtime.SearchPendingSqlRuntimeTests.test_search_index_bulk_save_deletes_scope_when_result_is_empty) ... ok
test_search_index_rows_are_saved_with_bulk_values (test_search_pending_sql_runtime.SearchPendingSqlRuntimeTests.test_search_index_rows_are_saved_with_bulk_values) ... ok
test_search_projection_reads_unique_workbench_rows_before_python_build (test_search_pending_sql_runtime.SearchPendingSqlRuntimeTests.test_search_projection_reads_unique_workbench_rows_before_python_build) ... ok
test_search_repository_reads_index_rows_without_state_fallback (test_search_pending_sql_runtime.SearchPendingSqlRuntimeTests.test_search_repository_reads_index_rows_without_state_fallback) ... ok
test_fresh_sql_payload_preserves_rows_and_does_not_enqueue (test_search_pending_sql_runtime.SearchQueryFreshnessServiceTests.test_fresh_sql_payload_preserves_rows_and_does_not_enqueue) ... ok
test_missing_sql_payload_enqueues_refresh_without_live_scan (test_search_pending_sql_runtime.SearchQueryFreshnessServiceTests.test_missing_sql_payload_enqueues_refresh_without_live_scan) ... ok
test_source_version_mismatch_marks_stale_and_enqueues_refresh (test_search_pending_sql_runtime.SearchQueryFreshnessServiceTests.test_source_version_mismatch_marks_stale_and_enqueues_refresh) ... ok
test_enqueue_returns_false_when_gateway_unavailable (test_search_pending_sql_runtime.SearchReadModelRefreshProducerTests.test_enqueue_returns_false_when_gateway_unavailable) ... ok
test_enqueue_uses_gateway_and_normalizes_search_scopes (test_search_pending_sql_runtime.SearchReadModelRefreshProducerTests.test_enqueue_uses_gateway_and_normalizes_search_scopes) ... ok
test_invalidate_maps_month_scope_inputs_or_all_fallback (test_search_pending_sql_runtime.SearchReadModelRefreshProducerTests.test_invalidate_maps_month_scope_inputs_or_all_fallback) ... ok
test_port_excludes_unrelated_read_model_methods (test_search_pending_sql_runtime.SearchReadModelRepositoryPortTests.test_port_excludes_unrelated_read_model_methods) ... ok
test_clear_cache_forces_search_to_reload_months (test_search_service.SearchServiceTests.test_clear_cache_forces_search_to_reload_months) ... ok
test_grouped_search_indexes_collapsed_bank_rows_and_returns_group_context (test_search_service.SearchServiceTests.test_grouped_search_indexes_collapsed_bank_rows_and_returns_group_context) ... ok
test_search_finds_oa_rows_by_keyword_and_builds_jump_target (test_search_service.SearchServiceTests.test_search_finds_oa_rows_by_keyword_and_builds_jump_target) ... ok
test_search_matches_bank_rows_across_company_amount_serial_and_account_last4 (test_search_service.SearchServiceTests.test_search_matches_bank_rows_across_company_amount_serial_and_account_last4) ... ok
test_search_matches_invoice_rows_by_invoice_number_company_and_tax_no (test_search_service.SearchServiceTests.test_search_matches_invoice_rows_by_invoice_number_company_and_tax_no) ... ok
test_search_reuses_cached_month_indexes_and_queries (test_search_service.SearchServiceTests.test_search_reuses_cached_month_indexes_and_queries) ... ok
test_search_stops_scanning_extra_months_after_scope_limit_is_reached (test_search_service.SearchServiceTests.test_search_stops_scanning_extra_months_after_scope_limit_is_reached) ... ok
test_search_supports_status_filter_for_ignored_and_processed_exception_rows (test_search_service.SearchServiceTests.test_search_supports_status_filter_for_ignored_and_processed_exception_rows) ... ok
test_get_session_me_accepts_admin_token_cookie (test_session_api.SessionApiTests.test_get_session_me_accepts_admin_token_cookie) ... ok
test_get_session_me_allows_local_dev_session_without_oa_token_when_enabled (test_session_api.SessionApiTests.test_get_session_me_allows_local_dev_session_without_oa_token_when_enabled) ... ok
test_get_session_me_allows_username_from_workbench_settings_even_without_permission_code (test_session_api.SessionApiTests.test_get_session_me_allows_username_from_workbench_settings_even_without_permission_code) ... ok
test_get_session_me_does_not_fail_when_dynamic_settings_provider_is_unavailable_for_permitted_user (test_session_api.SessionApiTests.test_get_session_me_does_not_fail_when_dynamic_settings_provider_is_unavailable_for_permitted_user) ... ok
test_get_session_me_marks_non_admin_allowed_user_as_full_access (test_session_api.SessionApiTests.test_get_session_me_marks_non_admin_allowed_user_as_full_access) ... ok
test_get_session_me_marks_readonly_export_user_as_non_mutating (test_session_api.SessionApiTests.test_get_session_me_marks_readonly_export_user_as_non_mutating) ... ok
test_get_session_me_projects_access_tier_matrix_from_settings (test_session_api.SessionApiTests.test_get_session_me_projects_access_tier_matrix_from_settings) ... ok
test_get_session_me_returns_current_user_roles_permissions_and_allowed (test_session_api.SessionApiTests.test_get_session_me_returns_current_user_roles_permissions_and_allowed) ... ok
test_get_session_me_returns_denied_tier_for_visible_but_unauthorized_user (test_session_api.SessionApiTests.test_get_session_me_returns_denied_tier_for_visible_but_unauthorized_user) ... ok
test_get_session_me_returns_unauthorized_for_expired_oa_session (test_session_api.SessionApiTests.test_get_session_me_returns_unauthorized_for_expired_oa_session) ... ok
test_execute_data_reset_clears_cost_statistics_read_models (test_settings_data_reset_service.SettingsDataResetServiceTests.test_execute_data_reset_clears_cost_statistics_read_models) ... ok
test_execute_data_reset_triggers_historical_etc_repair_for_invoice_and_oa_resets (test_settings_data_reset_service.SettingsDataResetServiceTests.test_execute_data_reset_triggers_historical_etc_repair_for_invoice_and_oa_resets) ... ok
test_reset_api_allows_admin_and_returns_protected_targets (test_settings_data_reset_service.SettingsDataResetServiceTests.test_reset_api_allows_admin_and_returns_protected_targets) ... ok
test_reset_api_allows_local_dev_admin_with_local_dev_password (test_settings_data_reset_service.SettingsDataResetServiceTests.test_reset_api_allows_local_dev_admin_with_local_dev_password) ... ok
test_reset_api_does_not_leak_oa_password_when_verification_service_fails (test_settings_data_reset_service.SettingsDataResetServiceTests.test_reset_api_does_not_leak_oa_password_when_verification_service_fails) ... ok
test_reset_api_rejects_missing_oa_password_without_clearing_data (test_settings_data_reset_service.SettingsDataResetServiceTests.test_reset_api_rejects_missing_oa_password_without_clearing_data) ... ok
test_reset_api_rejects_wrong_oa_password_without_clearing_data_or_echoing_secret (test_settings_data_reset_service.SettingsDataResetServiceTests.test_reset_api_rejects_wrong_oa_password_without_clearing_data_or_echoing_secret) ... ok
test_reset_api_rejects_wrong_oa_password_without_clearing_oa_or_rebuilding (test_settings_data_reset_service.SettingsDataResetServiceTests.test_reset_api_rejects_wrong_oa_password_without_clearing_oa_or_rebuilding) ... ok
test_reset_api_requires_admin_access (test_settings_data_reset_service.SettingsDataResetServiceTests.test_reset_api_requires_admin_access) ... ok
test_reset_bank_transactions_keeps_invoices_and_protects_form_data_db (test_settings_data_reset_service.SettingsDataResetServiceTests.test_reset_bank_transactions_keeps_invoices_and_protects_form_data_db) ... ok
test_reset_invoices_clears_tax_certified_records (test_settings_data_reset_service.SettingsDataResetServiceTests.test_reset_invoices_clears_tax_certified_records) ... ok
test_reset_job_api_creates_queryable_job_without_storing_password (test_settings_data_reset_service.SettingsDataResetServiceTests.test_reset_job_api_creates_queryable_job_without_storing_password) ... ok
test_reset_job_api_exposes_active_running_job_for_page_reentry (test_settings_data_reset_service.SettingsDataResetServiceTests.test_reset_job_api_exposes_active_running_job_for_page_reentry) ... ok
test_reset_job_api_rejects_concurrent_job_without_echoing_password (test_settings_data_reset_service.SettingsDataResetServiceTests.test_reset_job_api_rejects_concurrent_job_without_echoing_password) ... ok
test_reset_oa_and_rebuild_imports_only_configured_oa_form_types_and_statuses (test_settings_data_reset_service.SettingsDataResetServiceTests.test_reset_oa_and_rebuild_imports_only_configured_oa_form_types_and_statuses) ... ok
test_reset_oa_and_rebuild_preserves_pure_bank_invoice_pair_relation (test_settings_data_reset_service.SettingsDataResetServiceTests.test_reset_oa_and_rebuild_preserves_pure_bank_invoice_pair_relation) ... ok
test_reset_oa_and_rebuild_removes_pair_relation_containing_attachment_invoice_row (test_settings_data_reset_service.SettingsDataResetServiceTests.test_reset_oa_and_rebuild_removes_pair_relation_containing_attachment_invoice_row) ... ok
test_reset_oa_and_rebuild_removes_pair_relation_containing_expense_row (test_settings_data_reset_service.SettingsDataResetServiceTests.test_reset_oa_and_rebuild_removes_pair_relation_containing_expense_row) ... ok
test_reset_oa_and_rebuild_reuses_cached_attachment_invoices_without_reparsing (test_settings_data_reset_service.SettingsDataResetServiceTests.test_reset_oa_and_rebuild_reuses_cached_attachment_invoices_without_reparsing) ... ok
test_reset_oa_api_uses_mode_b_and_rebuilds_with_oa_retention_cutoff (test_settings_data_reset_service.SettingsDataResetServiceTests.test_reset_oa_api_uses_mode_b_and_rebuilds_with_oa_retention_cutoff) ... ok
test_reset_oa_attachment_parse_is_limited_to_retained_months (test_settings_data_reset_service.SettingsDataResetServiceTests.test_reset_oa_attachment_parse_is_limited_to_retained_months) ... ok
test_reset_oa_job_rebuilds_progress_with_retained_months_only (test_settings_data_reset_service.SettingsDataResetServiceTests.test_reset_oa_job_rebuilds_progress_with_retained_months_only) ... ok
test_cli_defaults_match_p2p3_one_second_closure_targets (test_slo_tool_defaults.SloToolDefaultTests.test_cli_defaults_match_p2p3_one_second_closure_targets) ... ok
test_http_sse_and_closure_gate_share_auth_env_defaults (test_slo_tool_defaults.SloToolDefaultTests.test_http_sse_and_closure_gate_share_auth_env_defaults) ... ok
test_postgres_gate_tools_return_structured_configuration_missing (test_slo_tool_defaults.SloToolDefaultTests.test_postgres_gate_tools_return_structured_configuration_missing) ... ok
test_documented_browser_evidence_paths_resolve_to_current_files (test_spec_first_e2e_docs.SpecFirstE2EDocumentationTests.test_documented_browser_evidence_paths_resolve_to_current_files) ... ok
test_every_documented_module_has_spec_first_e2e_files (test_spec_first_e2e_docs.SpecFirstE2EDocumentationTests.test_every_documented_module_has_spec_first_e2e_files) ... ok
test_every_spec_id_is_mapped_in_coverage (test_spec_first_e2e_docs.SpecFirstE2EDocumentationTests.test_every_spec_id_is_mapped_in_coverage) ... ok
test_module_index_matches_module_directories (test_spec_first_e2e_docs.SpecFirstE2EDocumentationTests.test_module_index_matches_module_directories) ... ok
test_spec_first_inventory_mentions_every_module (test_spec_first_e2e_docs.SpecFirstE2EDocumentationTests.test_spec_first_inventory_mentions_every_module) ... ok
test_collects_default_sse_first_events_with_api_prefix (test_sse_smoke_probe.SseSmokeProbeTests.test_collects_default_sse_first_events_with_api_prefix) ... ok
test_first_event_latency_over_target_fails (test_sse_smoke_probe.SseSmokeProbeTests.test_first_event_latency_over_target_fails) ... ok
test_missing_or_unexpected_event_fails (test_sse_smoke_probe.SseSmokeProbeTests.test_missing_or_unexpected_event_fails) ... ok
test_rejects_html_shell_even_when_status_matches (test_sse_smoke_probe.SseSmokeProbeTests.test_rejects_html_shell_even_when_status_matches) ... ok
test_requires_auth_by_default_without_sampling (test_sse_smoke_probe.SseSmokeProbeTests.test_requires_auth_by_default_without_sampling) ... ok
test_unexpected_status_takes_precedence_over_html_body (test_sse_smoke_probe.SseSmokeProbeTests.test_unexpected_status_takes_precedence_over_html_body) ... ok
test_app_health_alerts_persist_locally_across_store_instances (test_state_store.StateStoreTests.test_app_health_alerts_persist_locally_across_store_instances) ... ok
test_app_health_alerts_save_and_load_local_snapshot (test_state_store.StateStoreTests.test_app_health_alerts_save_and_load_local_snapshot) ... ok
test_application_state_store_ignores_app_mongo_config (test_state_store.StateStoreTests.test_application_state_store_ignores_app_mongo_config) ... ok
test_background_jobs_persist_locally_across_store_instances (test_state_store.StateStoreTests.test_background_jobs_persist_locally_across_store_instances) ... ok
test_bank_flow_rule_batches_use_independent_local_snapshot_file (test_state_store.StateStoreTests.test_bank_flow_rule_batches_use_independent_local_snapshot_file) ... ok
test_bank_transaction_categories_persist_locally_across_store_instances (test_state_store.StateStoreTests.test_bank_transaction_categories_persist_locally_across_store_instances) ... ok
test_default_data_dir_honors_environment_override (test_state_store.StateStoreTests.test_default_data_dir_honors_environment_override) ... ok
test_etc_files_persist_locally_and_reject_legacy_gridfs_refs (test_state_store.StateStoreTests.test_etc_files_persist_locally_and_reject_legacy_gridfs_refs) ... ok
test_etc_states_persist_locally_across_store_instances (test_state_store.StateStoreTests.test_etc_states_persist_locally_across_store_instances) ... ok
test_historical_etc_repair_persists_locally_and_rejects_legacy_gridfs_refs (test_state_store.StateStoreTests.test_historical_etc_repair_persists_locally_and_rejects_legacy_gridfs_refs) ... ok
test_local_manual_oa_imports_are_persisted_idempotently_and_removable (test_state_store.StateStoreTests.test_local_manual_oa_imports_are_persisted_idempotently_and_removable) ... ok
test_local_snapshot_persists_and_loads_workbench_candidate_matches (test_state_store.StateStoreTests.test_local_snapshot_persists_and_loads_workbench_candidate_matches) ... ok
test_oa_attachment_invoice_cache_persists_locally_across_store_instances (test_state_store.StateStoreTests.test_oa_attachment_invoice_cache_persists_locally_across_store_instances) ... ok
test_oa_attachment_invoice_cache_save_load_and_clear_locally (test_state_store.StateStoreTests.test_oa_attachment_invoice_cache_save_load_and_clear_locally) ... ok
test_oa_pending_payment_bank_relations_persist_locally_across_store_instances (test_state_store.StateStoreTests.test_oa_pending_payment_bank_relations_persist_locally_across_store_instances) ... ok
test_oa_sync_state_persists_locally_across_store_instances (test_state_store.StateStoreTests.test_oa_sync_state_persists_locally_across_store_instances) ... ok
test_pending_invoice_commands_persist_locally (test_state_store.StateStoreTests.test_pending_invoice_commands_persist_locally) ... ok
test_save_bank_flow_rule_batch_mutation_uses_local_bank_flow_boundary_only (test_state_store.StateStoreTests.test_save_bank_flow_rule_batch_mutation_uses_local_bank_flow_boundary_only) ... ok
test_save_cost_statistics_read_models_accepts_changed_scopes_for_local_snapshot (test_state_store.StateStoreTests.test_save_cost_statistics_read_models_accepts_changed_scopes_for_local_snapshot) ... ok
test_save_cost_statistics_read_models_persists_locally_across_store_instances (test_state_store.StateStoreTests.test_save_cost_statistics_read_models_persists_locally_across_store_instances) ... ok
test_save_no_oa_bank_batch_mutation_uses_explicit_local_boundary (test_state_store.StateStoreTests.test_save_no_oa_bank_batch_mutation_uses_explicit_local_boundary) ... ok
test_save_no_oa_bank_batches_persists_and_loads_local_snapshot (test_state_store.StateStoreTests.test_save_no_oa_bank_batches_persists_and_loads_local_snapshot) ... ok
test_save_submitted_no_oa_bank_batches_persists_and_loads_local_snapshot (test_state_store.StateStoreTests.test_save_submitted_no_oa_bank_batches_persists_and_loads_local_snapshot) ... ok
test_save_tax_offset_read_models_accepts_changed_scopes_for_local_snapshot (test_state_store.StateStoreTests.test_save_tax_offset_read_models_accepts_changed_scopes_for_local_snapshot) ... ok
test_save_tax_offset_read_models_persists_locally_across_store_instances (test_state_store.StateStoreTests.test_save_tax_offset_read_models_persists_locally_across_store_instances) ... ok
test_save_turnover_ledger_extras_persists_locally_across_store_instances (test_state_store.StateStoreTests.test_save_turnover_ledger_extras_persists_locally_across_store_instances) ... ok
test_save_turnover_relations_persists_locally_across_store_instances (test_state_store.StateStoreTests.test_save_turnover_relations_persists_locally_across_store_instances) ... ok
test_save_workbench_candidate_matches_accepts_changed_months_for_local_snapshot (test_state_store.StateStoreTests.test_save_workbench_candidate_matches_accepts_changed_months_for_local_snapshot) ... ok
test_save_workbench_candidate_matches_persists_locally_across_store_instances (test_state_store.StateStoreTests.test_save_workbench_candidate_matches_persists_locally_across_store_instances) ... ok
test_save_workbench_exception_cases_persists_local_snapshot (test_state_store.StateStoreTests.test_save_workbench_exception_cases_persists_local_snapshot) ... ok
test_save_workbench_matching_dirty_scopes_persists_locally_across_store_instances (test_state_store.StateStoreTests.test_save_workbench_matching_dirty_scopes_persists_locally_across_store_instances) ... ok
test_save_workbench_overrides_accepts_changed_rows_for_local_snapshot (test_state_store.StateStoreTests.test_save_workbench_overrides_accepts_changed_rows_for_local_snapshot) ... ok
test_save_workbench_overrides_persists_local_snapshot (test_state_store.StateStoreTests.test_save_workbench_overrides_persists_local_snapshot) ... ok
test_save_workbench_pair_relations_can_incrementally_update_changed_case_only (test_state_store.StateStoreTests.test_save_workbench_pair_relations_can_incrementally_update_changed_case_only) ... ok
test_save_workbench_pair_relations_persists_and_loads_snapshot (test_state_store.StateStoreTests.test_save_workbench_pair_relations_persists_and_loads_snapshot) ... ok
test_save_workbench_pair_relations_persists_history_metadata (test_state_store.StateStoreTests.test_save_workbench_pair_relations_persists_history_metadata) ... ok
test_save_workbench_read_models_accepts_changed_scopes_for_local_snapshot (test_state_store.StateStoreTests.test_save_workbench_read_models_accepts_changed_scopes_for_local_snapshot) ... ok
test_save_workbench_read_models_persists_and_loads_snapshot (test_state_store.StateStoreTests.test_save_workbench_read_models_persists_and_loads_snapshot) ... ok
test_serialize_file_import_preview_item_tolerates_missing_new_fields_from_old_pickle (test_state_store.StateStoreTests.test_serialize_file_import_preview_item_tolerates_missing_new_fields_from_old_pickle) ... ok
test_state_store_load_ignores_app_mongo_config (test_state_store.StateStoreTests.test_state_store_load_ignores_app_mongo_config) ... ok
test_state_store_persists_and_loads_local_snapshot (test_state_store.StateStoreTests.test_state_store_persists_and_loads_local_snapshot) ... ok
test_store_import_file_round_trips_locally (test_state_store.StateStoreTests.test_store_import_file_round_trips_locally) ... ok
test_tax_imports_and_offset_plan_persist_locally (test_state_store.StateStoreTests.test_tax_imports_and_offset_plan_persist_locally) ... ok
test_state_store_basic_contract_round_trips (test_state_store_contract.StateStoreContractTests.test_state_store_basic_contract_round_trips) ... ok
test_state_store_domain_snapshot_contract_round_trips (test_state_store_contract.StateStoreContractTests.test_state_store_domain_snapshot_contract_round_trips) ... ok
test_state_store_file_contract_round_trips_owned_files (test_state_store_contract.StateStoreContractTests.test_state_store_file_contract_round_trips_owned_files) ... ok
test_custom_ignored_paths (test_state_store_diff.StateStoreDiffTests.test_custom_ignored_paths) ... ok
test_decimal_and_json_string_scalars_are_equivalent (test_state_store_diff.StateStoreDiffTests.test_decimal_and_json_string_scalars_are_equivalent) ... ok
test_default_ignored_paths_cover_runtime_metadata (test_state_store_diff.StateStoreDiffTests.test_default_ignored_paths_cover_runtime_metadata) ... ok
test_diff_mismatches_are_redacted (test_state_store_diff.StateStoreDiffTests.test_diff_mismatches_are_redacted) ... ok
test_equal_snapshots_match_and_are_json_serializable (test_state_store_diff.StateStoreDiffTests.test_equal_snapshots_match_and_are_json_serializable) ... ok
test_max_mismatches_limits_output (test_state_store_diff.StateStoreDiffTests.test_max_mismatches_limits_output) ... ok
test_mismatched_scalar_uses_stable_path (test_state_store_diff.StateStoreDiffTests.test_mismatched_scalar_uses_stable_path) ... ok
test_missing_values_use_stable_paths (test_state_store_diff.StateStoreDiffTests.test_missing_values_use_stable_paths) ... ok
test_redaction_removes_sensitive_keys_and_full_uris (test_state_store_diff.StateStoreDiffTests.test_redaction_removes_sensitive_keys_and_full_uris) ... ok
test_default_auto_local_and_mongo_backends_are_removed (test_state_store_factory_preflight.StateStoreFactoryPreflightTests.test_default_auto_local_and_mongo_backends_are_removed) ... ok
test_errors_redact_uri_password_and_token_values (test_state_store_factory_preflight.StateStoreFactoryPreflightTests.test_errors_redact_uri_password_and_token_values) ... ok
test_local_pickle_preflight_backend_helper_is_removed (test_state_store_factory_preflight.StateStoreFactoryPreflightTests.test_local_pickle_preflight_backend_helper_is_removed) ... ok
test_postgres_backend_still_builds_postgres_state_store (test_state_store_factory_preflight.StateStoreFactoryPreflightTests.test_postgres_backend_still_builds_postgres_state_store) ... ok
test_postgres_backend_warms_primary_and_optional_read_connections (test_state_store_factory_preflight.StateStoreFactoryPreflightTests.test_postgres_backend_warms_primary_and_optional_read_connections) ... ok
test_shadow_and_dual_backends_are_removed (test_state_store_factory_preflight.StateStoreFactoryPreflightTests.test_shadow_and_dual_backends_are_removed) ... ok
test_collect_baseline_combines_runtime_database_and_explain_sections (test_sync_slo_baseline.SyncSloBaselineTests.test_collect_baseline_combines_runtime_database_and_explain_sections) ... ok
test_pg_stat_statements_falls_back_to_legacy_time_columns (test_sync_slo_baseline.SyncSloBaselineTests.test_pg_stat_statements_falls_back_to_legacy_time_columns) ... ok
test_pg_stat_statements_reports_real_unloaded_extension_error (test_sync_slo_baseline.SyncSloBaselineTests.test_pg_stat_statements_reports_real_unloaded_extension_error) ... ok
test_http_error_uses_oa_message_without_exposing_password (test_target_oa_applicant_token_provider.OaLoginClientTests.test_http_error_uses_oa_message_without_exposing_password) ... ok
test_login_failure_does_not_expose_password (test_target_oa_applicant_token_provider.OaLoginClientTests.test_login_failure_does_not_expose_password) ... ok
test_login_posts_rsa_encrypted_password_and_extracts_token (test_target_oa_applicant_token_provider.OaLoginClientTests.test_login_posts_rsa_encrypted_password_and_extracts_token) ... ok
test_network_failure_invalid_json_and_missing_token_are_failures (test_target_oa_applicant_token_provider.OaLoginClientTests.test_network_failure_invalid_json_and_missing_token_are_failures) ... ok
test_missing_credential_fails_without_login_attempt (test_target_oa_applicant_token_provider.TargetOaApplicantTokenProviderTests.test_missing_credential_fails_without_login_attempt) ... ok
test_provider_uses_target_applicant_credential_and_returns_draft_client (test_target_oa_applicant_token_provider.TargetOaApplicantTokenProviderTests.test_provider_uses_target_applicant_credential_and_returns_draft_client) ... ok
test_confirm_session_persists_month_records_and_deduplicates_reimport (test_tax_certified_import_service.TaxCertifiedImportServiceTests.test_confirm_session_persists_month_records_and_deduplicates_reimport) ... ok
test_preview_files_parses_certified_invoice_template_and_filters_certified_rows (test_tax_certified_import_service.TaxCertifiedImportServiceTests.test_preview_files_parses_certified_invoice_template_and_filters_certified_rows) ... ok
test_unique_key_fallback_delegates_to_object_identity_policy (test_tax_certified_import_service.TaxCertifiedImportServiceTests.test_unique_key_fallback_delegates_to_object_identity_policy) ... ok
test_bank_import_confirm_does_not_invalidate_tax_offset_cache (test_tax_offset_api.TaxOffsetApiTests.test_bank_import_confirm_does_not_invalidate_tax_offset_cache) ... ok
test_calculate_tax_offset_uses_zero_certified_input_when_no_real_import_exists (test_tax_offset_api.TaxOffsetApiTests.test_calculate_tax_offset_uses_zero_certified_input_when_no_real_import_exists) ... {"attempts": 0, "event": "runtime_worker.event_processed", "event_type": "runtime.test", "queue_event_id": "event-1", "worker_id": "worker-1"}
{"attempts": 0, "event": "runtime_worker.event_processed", "event_type": "runtime.test", "queue_event_id": "event-1", "worker_id": "worker-1"}
{"attempts": 0, "event": "runtime_worker.event_processed", "event_type": "runtime.test", "queue_event_id": "event-2", "worker_id": "worker-1"}
{"attempts": 0, "event": "runtime_worker.event_processed", "event_type": "runtime.test", "queue_event_id": "event-3", "worker_id": "worker-1"}
{"attempts": 0, "error": "shutdown_signal_15", "event": "runtime_worker.event_released", "event_type": "runtime.test", "queue_event_id": "event-1", "retry": true, "worker_id": "worker-1"}
{"attempts": 0, "event": "runtime_worker.event_processed", "event_type": "runtime.test", "queue_event_id": "event-1", "worker_id": "worker-1"}
{"attempts": 0, "error": "workbench_relation_read_model_not_fresh: status=refreshing", "event": "runtime_worker.event_deferred", "event_type": "runtime.test", "queue_event_id": "event-1", "retry": true, "worker_id": "worker-1"}
{"attempts": 0, "error": "bank_detail_read_model_not_fresh", "event": "runtime_worker.event_deferred", "event_type": "pending_invoice.read_model.refresh", "queue_event_id": "event-1", "retry": true, "worker_id": "worker-1"}
{"attempts": 0, "error": "bank_detail_read_model_not_fresh", "event": "runtime_worker.event_deferred", "event_type": "pending_invoice.read_model.refresh", "queue_event_id": "event-1", "retry": true, "worker_id": "worker-1"}
{"attempts": 0, "error": "bank_detail_read_model_not_fresh", "event": "runtime_worker.event_deferred", "event_type": "turnover_ledger.read_model.refresh", "queue_event_id": "event-1", "retry": true, "worker_id": "worker-1"}
{"attempts": 0, "error": "bank_detail_read_model_not_fresh", "event": "runtime_worker.event_deferred", "event_type": "pending_invoice.read_model.refresh", "queue_event_id": "event-1", "retry": true, "trace_id": "trace-dep-1", "worker_id": "worker-1"}
{"attempts": 0, "error": "workbench_read_model_not_fresh: parent_generation_inconsistent parent_scope_keys=2026-03", "event": "runtime_worker.event_deferred", "event_type": "workbench.read_model.refresh", "queue_event_id": "event-1", "retry": true, "trace_id": "trace-workbench-all", "worker_id": "worker-1"}
{"attempts": 0, "error": "transient failure", "event": "runtime_worker.event_failed", "event_type": "runtime.test", "queue_event_id": "event-1", "retry": true, "worker_id": "worker-1"}
{"attempts": 0, "error": "runtime worker task exceeded 1s timeout", "event": "runtime_worker.event_failed", "event_type": "runtime.test", "queue_event_id": "event-1", "retry": true, "worker_id": "worker-1"}
{"attempts": 0, "event": "runtime_worker.event_processed", "event_type": "runtime.test", "queue_event_id": "event-1", "worker_id": "worker-1"}
{"attempts": 3, "error": "transient failure", "event": "runtime_worker.event_failed", "event_type": "runtime.test", "queue_event_id": "event-1", "retry": true, "worker_id": "worker-1"}
{"kind": "tax_offset_calculate_metric", "metric": "tax_offset.calculate.duration_ms", "month": "2026-03", "selected_output_count": 0, "selected_input_count": 0, "duration_ms": 0.028, "timestamp": "2026-07-05T20:49:59.950296"}
ok
test_certified_import_preview_confirm_and_month_list_round_trip (test_tax_offset_api.TaxOffsetApiTests.test_certified_import_preview_confirm_and_month_list_round_trip) ... {"kind": "tax_offset_month_metric", "metric": "tax_offset.month.duration_ms", "month": "2026-01", "cache_hit": false, "duration_ms": 0.52, "output_count": 0, "input_plan_count": 0, "certified_count": 2, "timestamp": "2026-07-05T20:49:59.971730"}
ok
test_certified_import_preview_returns_row_level_statuses (test_tax_offset_api.TaxOffsetApiTests.test_certified_import_preview_returns_row_level_statuses) ... ok
test_get_tax_offset_returns_month_rows_without_hardcoded_certified_items_by_default (test_tax_offset_api.TaxOffsetApiTests.test_get_tax_offset_returns_month_rows_without_hardcoded_certified_items_by_default) ... {"kind": "tax_offset_month_metric", "metric": "tax_offset.month.duration_ms", "month": "2026-03", "cache_hit": false, "duration_ms": 0.1, "output_count": 0, "input_plan_count": 0, "certified_count": 0, "timestamp": "2026-07-05T20:49:59.988717"}
ok
test_invoice_import_confirm_invalidates_tax_offset_month_cache (test_tax_offset_api.TaxOffsetApiTests.test_invoice_import_confirm_invalidates_tax_offset_month_cache) ... ok
test_tax_certified_confirm_is_idempotent_for_same_session (test_tax_offset_api.TaxOffsetApiTests.test_tax_certified_confirm_is_idempotent_for_same_session) ... ok
test_tax_certified_confirm_triggers_tax_offset_lifecycle_refresh (test_tax_offset_api.TaxOffsetApiTests.test_tax_certified_confirm_triggers_tax_offset_lifecycle_refresh) ... ok
test_tax_certified_import_preview_requires_write_permission (test_tax_offset_api.TaxOffsetApiTests.test_tax_certified_import_preview_requires_write_permission) ... ok
test_tax_offset_cache_hit_does_not_rebuild_month_payload (test_tax_offset_api.TaxOffsetApiTests.test_tax_offset_cache_hit_does_not_rebuild_month_payload) ... ok
test_tax_offset_cache_miss_writes_read_model_and_logs_hit_metrics (test_tax_offset_api.TaxOffsetApiTests.test_tax_offset_cache_miss_writes_read_model_and_logs_hit_metrics) ... ok
test_tax_offset_cache_warmup_is_optional_and_environment_gated (test_tax_offset_api.TaxOffsetApiTests.test_tax_offset_cache_warmup_is_optional_and_environment_gated) ... ok
test_tax_offset_calculate_logs_structured_metric (test_tax_offset_api.TaxOffsetApiTests.test_tax_offset_calculate_logs_structured_metric) ... ok
test_tax_offset_includes_oa_attachment_invoice_rows_by_issue_month (test_tax_offset_api.TaxOffsetApiTests.test_tax_offset_includes_oa_attachment_invoice_rows_by_issue_month) ... {"kind": "tax_offset_month_metric", "metric": "tax_offset.month.duration_ms", "month": "2026-01", "cache_hit": false, "duration_ms": 0.134, "output_count": 0, "input_plan_count": 1, "certified_count": 0, "timestamp": "2026-07-05T20:50:00.084388"}
ok
test_tax_offset_plan_save_persists_calculated_result_idempotently (test_tax_offset_api.TaxOffsetApiTests.test_tax_offset_plan_save_persists_calculated_result_idempotently) ... ok
test_tax_offset_plan_save_rejects_stale_source_versions (test_tax_offset_api.TaxOffsetApiTests.test_tax_offset_plan_save_rejects_stale_source_versions) ... ok
test_tax_offset_plan_save_requires_write_permission (test_tax_offset_api.TaxOffsetApiTests.test_tax_offset_plan_save_requires_write_permission) ... ok
test_tax_offset_read_endpoint_requires_fin_ops_access_when_auth_is_configured (test_tax_offset_api.TaxOffsetApiTests.test_tax_offset_read_endpoint_requires_fin_ops_access_when_auth_is_configured) ... ok
test_tax_offset_summary_payload_helper_uses_runtime_service (test_tax_offset_api.TaxOffsetApiTests.test_tax_offset_summary_payload_helper_uses_runtime_service) ... ok
test_tax_offset_uses_real_imported_input_invoices_as_plan_rows (test_tax_offset_api.TaxOffsetApiTests.test_tax_offset_uses_real_imported_input_invoices_as_plan_rows) ... {"kind": "tax_offset_month_metric", "metric": "tax_offset.month.duration_ms", "month": "2026-01", "cache_hit": false, "duration_ms": 0.398, "output_count": 0, "input_plan_count": 1, "certified_count": 0, "timestamp": "2026-07-05T20:50:00.138681"}
ok
test_run_job_noops_without_read_model_service (test_tax_offset_cache_warmup_executor.TaxOffsetCacheWarmupExecutorTests.test_run_job_noops_without_read_model_service) ... ok
test_run_job_persists_ready_read_model_and_reports_partial_failure (test_tax_offset_cache_warmup_executor.TaxOffsetCacheWarmupExecutorTests.test_run_job_persists_ready_read_model_and_reports_partial_failure) ... ok
test_schedule_respects_gate_and_preserves_background_job_contract (test_tax_offset_cache_warmup_executor.TaxOffsetCacheWarmupExecutorTests.test_schedule_respects_gate_and_preserves_background_job_contract) ... ok
test_execute_month_cache_clears_months_or_all (test_tax_offset_derived_lifecycle_executor.TaxOffsetDerivedLifecycleExecutorTests.test_execute_month_cache_clears_months_or_all) ... ok
test_execute_read_model_invalidates_all_and_defaults_reason (test_tax_offset_derived_lifecycle_executor.TaxOffsetDerivedLifecycleExecutorTests.test_execute_read_model_invalidates_all_and_defaults_reason) ... ok
test_execute_read_model_invalidates_explicit_scopes_with_reason (test_tax_offset_derived_lifecycle_executor.TaxOffsetDerivedLifecycleExecutorTests.test_execute_read_model_invalidates_explicit_scopes_with_reason) ... ok
test_from_snapshot_discards_mismatched_schema_versions (test_tax_offset_read_model_service.TaxOffsetReadModelServiceTests.test_from_snapshot_discards_mismatched_schema_versions) ... ok
test_invalidate_months_removes_matching_months (test_tax_offset_read_model_service.TaxOffsetReadModelServiceTests.test_invalidate_months_removes_matching_months) ... ok
test_list_read_model_metadata_contains_counts_without_payload (test_tax_offset_read_model_service.TaxOffsetReadModelServiceTests.test_list_read_model_metadata_contains_counts_without_payload) ... ok
test_scope_key_validates_month (test_tax_offset_read_model_service.TaxOffsetReadModelServiceTests.test_scope_key_validates_month) ... ok
test_upsert_and_get_return_deep_copies (test_tax_offset_read_model_service.TaxOffsetReadModelServiceTests.test_upsert_and_get_return_deep_copies) ... ok
test_calculate_uses_real_certified_records_even_when_not_selected (test_tax_offset_service.TaxOffsetServiceTests.test_calculate_uses_real_certified_records_even_when_not_selected) ... ok
test_clear_month_cache_invalidates_only_selected_month (test_tax_offset_service.TaxOffsetServiceTests.test_clear_month_cache_invalidates_only_selected_month) ... ok
test_clear_month_cache_without_months_clears_all (test_tax_offset_service.TaxOffsetServiceTests.test_clear_month_cache_without_months_clears_all) ... ok
test_match_certified_to_plan_supports_digital_invoice_then_code_number_then_fallback (test_tax_offset_service.TaxOffsetServiceTests.test_match_certified_to_plan_supports_digital_invoice_then_code_number_then_fallback) ... ok
test_month_payload_builds_real_input_plan_from_imported_input_invoices (test_tax_offset_service.TaxOffsetServiceTests.test_month_payload_builds_real_input_plan_from_imported_input_invoices) ... ok
test_month_payload_excludes_payment_receipt_and_unknown_oa_attachment_rows (test_tax_offset_service.TaxOffsetServiceTests.test_month_payload_excludes_payment_receipt_and_unknown_oa_attachment_rows) ... ok
test_month_payload_includes_oa_attachment_invoices_by_issue_month (test_tax_offset_service.TaxOffsetServiceTests.test_month_payload_includes_oa_attachment_invoices_by_issue_month) ... ok
test_month_payload_is_empty_without_real_imports_or_explicit_month_data (test_tax_offset_service.TaxOffsetServiceTests.test_month_payload_is_empty_without_real_imports_or_explicit_month_data) ... ok
test_month_payload_reuses_imported_invoice_month_cache (test_tax_offset_service.TaxOffsetServiceTests.test_month_payload_reuses_imported_invoice_month_cache) ... ok
test_month_payload_reuses_single_canonical_invoice_snapshot_build (test_tax_offset_service.TaxOffsetServiceTests.test_month_payload_reuses_single_canonical_invoice_snapshot_build) ... ok
test_month_payload_uses_real_certified_records_to_lock_matching_plan_and_split_outside_plan (test_tax_offset_service.TaxOffsetServiceTests.test_month_payload_uses_real_certified_records_to_lock_matching_plan_and_split_outside_plan) ... ok
test_port_excludes_unrelated_read_model_methods (test_tax_offset_sql_runtime.TaxOffsetReadModelRepositoryPortTests.test_port_excludes_unrelated_read_model_methods) ... ok
test_projection_builder_saves_tax_scope_through_tax_port (test_tax_offset_sql_runtime.TaxOffsetReadModelRepositoryPortTests.test_projection_builder_saves_tax_scope_through_tax_port) ... ok
test_production_postgres_tax_offset_calculate_miss_queues_refresh_without_sync_build (test_tax_offset_sql_runtime.TaxOffsetSqlRuntimeTests.test_production_postgres_tax_offset_calculate_miss_queues_refresh_without_sync_build) ... {"kind": "tax_offset_calculate_metric", "metric": "tax_offset.calculate.duration_ms", "month": "2026-05", "selected_output_count": 1, "selected_input_count": 1, "duration_ms": 0.054, "timestamp": "2026-07-05T20:50:00.141826"}
ok
test_production_postgres_tax_offset_requires_sql_read_model_without_sync_build (test_tax_offset_sql_runtime.TaxOffsetSqlRuntimeTests.test_production_postgres_tax_offset_requires_sql_read_model_without_sync_build) ... {"kind": "tax_offset_month_metric", "metric": "tax_offset.month.duration_ms", "month": "2026-05", "cache_hit": false, "duration_ms": 0.008, "output_count": 0, "input_plan_count": 0, "certified_count": 0, "timestamp": "2026-07-05T20:50:00.141915"}
ok
test_repository_prefers_tax_offset_item_table_over_snapshot_item_arrays (test_tax_offset_sql_runtime.TaxOffsetSqlRuntimeTests.test_repository_prefers_tax_offset_item_table_over_snapshot_item_arrays) ... ok
test_repository_reads_tax_offset_view_and_dirty_status_from_sql (test_tax_offset_sql_runtime.TaxOffsetSqlRuntimeTests.test_repository_reads_tax_offset_view_and_dirty_status_from_sql) ... ok
test_tax_offset_api_falls_back_to_sql_when_redis_times_out (test_tax_offset_sql_runtime.TaxOffsetSqlRuntimeTests.test_tax_offset_api_falls_back_to_sql_when_redis_times_out) ... {"kind": "runtime_cache_error", "operation": "get_json", "cache_key": "tax_offset:month:2026-05:schema:2026-05-tax-offset-month-v1:sources:3cc505c0ee5d8def", "error_type": "TimeoutError", "timestamp": "2026-07-05T20:50:00.142105"}
{"kind": "runtime_cache_error", "operation": "set_json", "cache_key": "tax_offset:month:2026-05:schema:2026-05-tax-offset-month-v1:sources:3cc505c0ee5d8def", "error_type": "TimeoutError", "timestamp": "2026-07-05T20:50:00.142142"}
{"kind": "tax_offset_month_metric", "metric": "tax_offset.month.duration_ms", "month": "2026-05", "cache_hit": false, "duration_ms": 0.074, "output_count": 1, "input_plan_count": 1, "certified_count": 0, "timestamp": "2026-07-05T20:50:00.142155"}
ok
test_tax_offset_api_miss_enqueues_refresh_and_returns_refreshing (test_tax_offset_sql_runtime.TaxOffsetSqlRuntimeTests.test_tax_offset_api_miss_enqueues_refresh_and_returns_refreshing) ... {"kind": "tax_offset_month_metric", "metric": "tax_offset.month.duration_ms", "month": "2026-05", "cache_hit": false, "duration_ms": 0.031, "output_count": 0, "input_plan_count": 0, "certified_count": 0, "timestamp": "2026-07-05T20:50:00.142268"}
ok
test_tax_offset_api_reads_redis_hot_cache_without_sql_or_sync_build (test_tax_offset_sql_runtime.TaxOffsetSqlRuntimeTests.test_tax_offset_api_reads_redis_hot_cache_without_sql_or_sync_build) ... {"kind": "tax_offset_month_metric", "metric": "tax_offset.month.duration_ms", "month": "2026-05", "cache_hit": true, "duration_ms": 0.023, "output_count": 1, "input_plan_count": 1, "certified_count": 0, "timestamp": "2026-07-05T20:50:00.142371"}
ok
test_tax_offset_api_reads_sql_and_populates_short_redis_cache (test_tax_offset_sql_runtime.TaxOffsetSqlRuntimeTests.test_tax_offset_api_reads_sql_and_populates_short_redis_cache) ... {"kind": "tax_offset_month_metric", "metric": "tax_offset.month.duration_ms", "month": "2026-05", "cache_hit": false, "duration_ms": 0.034, "output_count": 1, "input_plan_count": 1, "certified_count": 0, "timestamp": "2026-07-05T20:50:00.142477"}
ok
test_tax_offset_invalidation_ignores_redis_delete_timeout (test_tax_offset_sql_runtime.TaxOffsetSqlRuntimeTests.test_tax_offset_invalidation_ignores_redis_delete_timeout) ... {"kind": "runtime_cache_error", "operation": "delete", "cache_key": "tax_offset:month:2026-05:schema:2026-05-tax-offset-month-v1:sources:3cc505c0ee5d8def", "error_type": "TimeoutError", "timestamp": "2026-07-05T20:50:00.142558"}
{"kind": "runtime_cache_error", "operation": "delete", "cache_key": "tax_offset:summary:2026-05:schema:2026-05-tax-offset-month-v1:sources:3cc505c0ee5d8def", "error_type": "TimeoutError", "timestamp": "2026-07-05T20:50:00.142576"}
{"kind": "runtime_cache_error", "operation": "delete", "cache_key": "tax_offset:month:2026-05", "error_type": "TimeoutError", "timestamp": "2026-07-05T20:50:00.142585"}
{"kind": "runtime_cache_error", "operation": "delete", "cache_key": "tax_offset:summary:2026-05", "error_type": "TimeoutError", "timestamp": "2026-07-05T20:50:00.142591"}
ok
test_tax_offset_invalidation_marks_dirty_and_deletes_redis_even_when_no_cached_model_exists (test_tax_offset_sql_runtime.TaxOffsetSqlRuntimeTests.test_tax_offset_invalidation_marks_dirty_and_deletes_redis_even_when_no_cached_model_exists) ... ok
test_tax_offset_refresh_handler_expands_all_into_month_shards (test_tax_offset_sql_runtime.TaxOffsetSqlRuntimeTests.test_tax_offset_refresh_handler_expands_all_into_month_shards) ... ok
test_tax_offset_refresh_handler_rebuilds_scope_and_marks_dirty_scope_done (test_tax_offset_sql_runtime.TaxOffsetSqlRuntimeTests.test_tax_offset_refresh_handler_rebuilds_scope_and_marks_dirty_scope_done) ... ok
test_tax_offset_summary_api_reads_small_redis_cache_without_sql (test_tax_offset_sql_runtime.TaxOffsetSqlRuntimeTests.test_tax_offset_summary_api_reads_small_redis_cache_without_sql) ... ok
test_tax_offset_summary_api_uses_small_redis_key_and_omits_items (test_tax_offset_sql_runtime.TaxOffsetSqlRuntimeTests.test_tax_offset_summary_api_uses_small_redis_key_and_omits_items) ... ok
test_rebuild_scope_persists_read_model_and_publishes_fresh_cache (test_tax_offset_worker_rebuild_executor.TaxOffsetWorkerRebuildExecutorTests.test_rebuild_scope_persists_read_model_and_publishes_fresh_cache) ... ok
test_rebuild_scope_rejects_non_month_scope (test_tax_offset_worker_rebuild_executor.TaxOffsetWorkerRebuildExecutorTests.test_rebuild_scope_rejects_non_month_scope) ... ok
test_bank_row_tags_handler_delegates_validation_affected_months_and_flags_to_request_facade (test_turnover_ledger_api.TurnoverLedgerApiTests.test_bank_row_tags_handler_delegates_validation_affected_months_and_flags_to_request_facade) ... ok
test_bank_row_tags_handler_override_passes_affected_months_and_keeps_response_flags (test_turnover_ledger_api.TurnoverLedgerApiTests.test_bank_row_tags_handler_override_passes_affected_months_and_keeps_response_flags) ... ok
test_bank_row_tags_request_boundary_facade_wires_validation_and_affected_months_without_legacy_fallback (test_turnover_ledger_api.TurnoverLedgerApiTests.test_bank_row_tags_request_boundary_facade_wires_validation_and_affected_months_without_legacy_fallback) ... ok
test_bank_row_tags_request_boundary_fails_fast_without_write_facade (test_turnover_ledger_api.TurnoverLedgerApiTests.test_bank_row_tags_request_boundary_fails_fast_without_write_facade) ... ok
test_bank_row_tags_write_facade_without_idempotency_key_keeps_empty_idempotency_contract (test_turnover_ledger_api.TurnoverLedgerApiTests.test_bank_row_tags_write_facade_without_idempotency_key_keeps_empty_idempotency_contract) ... ok
test_closure_confirm_handler_delegates_affected_months_boundary_to_request_facade (test_turnover_ledger_api.TurnoverLedgerApiTests.test_closure_confirm_handler_delegates_affected_months_boundary_to_request_facade) ... ok
test_closure_withdraw_handler_uses_closure_boundary_without_relation_withdraw_inline (test_turnover_ledger_api.TurnoverLedgerApiTests.test_closure_withdraw_handler_uses_closure_boundary_without_relation_withdraw_inline) ... ok
test_confirm_and_closure_request_boundaries_fail_fast_without_write_facade (test_turnover_ledger_api.TurnoverLedgerApiTests.test_confirm_and_closure_request_boundaries_fail_fast_without_write_facade) ... ok
test_confirm_and_withdraw_require_mutation_permission_and_write_audit (test_turnover_ledger_api.TurnoverLedgerApiTests.test_confirm_and_withdraw_require_mutation_permission_and_write_audit) ... ok
test_confirm_duplicate_submit_rejects_after_first_success_without_second_refresh (test_turnover_ledger_api.TurnoverLedgerApiTests.test_confirm_duplicate_submit_rejects_after_first_success_without_second_refresh) ... ok
test_confirm_handler_delegates_affected_months_boundary_to_request_facade (test_turnover_ledger_api.TurnoverLedgerApiTests.test_confirm_handler_delegates_affected_months_boundary_to_request_facade) ... ok
test_confirm_relation_facade_override_skips_legacy_after_mutation_side_effects (test_turnover_ledger_api.TurnoverLedgerApiTests.test_confirm_relation_facade_override_skips_legacy_after_mutation_side_effects) ... ok
test_confirm_relation_handler_does_not_inline_legacy_fallback_side_effects (test_turnover_ledger_api.TurnoverLedgerApiTests.test_confirm_relation_handler_does_not_inline_legacy_fallback_side_effects) ... ok
test_confirm_relation_legacy_fallback_facade_is_removed (test_turnover_ledger_api.TurnoverLedgerApiTests.test_confirm_relation_legacy_fallback_facade_is_removed) ... ok
test_confirm_relation_persistence_failure_is_best_effort_success_and_still_enqueues_refresh (test_turnover_ledger_api.TurnoverLedgerApiTests.test_confirm_relation_persistence_failure_is_best_effort_success_and_still_enqueues_refresh) ... {"kind": "workbench_persistence_warning", "operation": "turnover_relations_updated", "detail": "relation store unavailable", "timestamp": "2026-07-05T20:50:00.224056"}
ok
test_confirm_relation_primary_facade_rebuilds_confirms_and_invalidates (test_turnover_ledger_api.TurnoverLedgerApiTests.test_confirm_relation_primary_facade_rebuilds_confirms_and_invalidates) ... ok
test_confirm_relation_queue_failure_happens_after_relation_confirm_and_read_model_clear (test_turnover_ledger_api.TurnoverLedgerApiTests.test_confirm_relation_queue_failure_happens_after_relation_confirm_and_read_model_clear) ... ok
test_confirm_relation_write_facade_does_not_inline_local_snapshot_or_rebuild_closures (test_turnover_ledger_api.TurnoverLedgerApiTests.test_confirm_relation_write_facade_does_not_inline_local_snapshot_or_rebuild_closures) ... ok
test_confirm_request_body_without_expected_versions_keeps_empty_write_command_versions (test_turnover_ledger_api.TurnoverLedgerApiTests.test_confirm_request_body_without_expected_versions_keeps_empty_write_command_versions) ... ok
test_confirm_request_boundary_facade_owns_affected_months_resolution_and_response_field (test_turnover_ledger_api.TurnoverLedgerApiTests.test_confirm_request_boundary_facade_owns_affected_months_resolution_and_response_field) ... ok
test_confirm_stale_bank_row_precondition_rejects_before_mutation_or_refresh (test_turnover_ledger_api.TurnoverLedgerApiTests.test_confirm_stale_bank_row_precondition_rejects_before_mutation_or_refresh) ... ok
test_confirm_write_facade_currently_has_no_stale_precondition_or_durable_idempotency_contract (test_turnover_ledger_api.TurnoverLedgerApiTests.test_confirm_write_facade_currently_has_no_stale_precondition_or_durable_idempotency_contract) ... ok
test_confirmed_external_turnover_rule_enters_ledger_with_default_selection (test_turnover_ledger_api.TurnoverLedgerApiTests.test_confirmed_external_turnover_rule_enters_ledger_with_default_selection) ... ok
test_disabled_category_save_leaves_turnover_relations_unchanged (test_turnover_ledger_api.TurnoverLedgerApiTests.test_disabled_category_save_leaves_turnover_relations_unchanged) ... ok
test_export_limit_returns_structured_error (test_turnover_ledger_api.TurnoverLedgerApiTests.test_export_limit_returns_structured_error) ... ok
test_export_preview_uses_formal_fields_without_ui_only_values (test_turnover_ledger_api.TurnoverLedgerApiTests.test_export_preview_uses_formal_fields_without_ui_only_values) ... ok
test_export_xlsx_returns_content_type_and_applies_family_filter (test_turnover_ledger_api.TurnoverLedgerApiTests.test_export_xlsx_returns_content_type_and_applies_family_filter) ... ok
test_get_turnover_ledger_enqueues_refresh_for_stale_sql_read_model_source_versions (test_turnover_ledger_api.TurnoverLedgerApiTests.test_get_turnover_ledger_enqueues_refresh_for_stale_sql_read_model_source_versions) ... ok
test_get_turnover_ledger_grouped_preserves_fresh_sql_read_model_metadata (test_turnover_ledger_api.TurnoverLedgerApiTests.test_get_turnover_ledger_grouped_preserves_fresh_sql_read_model_metadata) ... ok
test_get_turnover_ledger_grouped_preserves_stale_sql_refresh_metadata (test_turnover_ledger_api.TurnoverLedgerApiTests.test_get_turnover_ledger_grouped_preserves_stale_sql_refresh_metadata) ... ok
test_get_turnover_ledger_grouped_view_applies_family_filter (test_turnover_ledger_api.TurnoverLedgerApiTests.test_get_turnover_ledger_grouped_view_applies_family_filter) ... ok
test_get_turnover_ledger_grouped_view_returns_groups (test_turnover_ledger_api.TurnoverLedgerApiTests.test_get_turnover_ledger_grouped_view_returns_groups) ... ok
test_get_turnover_ledger_returns_summary_rows_and_filters (test_turnover_ledger_api.TurnoverLedgerApiTests.test_get_turnover_ledger_returns_summary_rows_and_filters) ... ok
test_grouped_view_converts_legacy_rows_to_summary_with_empty_flow_rows_and_lots (test_turnover_ledger_api.TurnoverLedgerApiTests.test_grouped_view_converts_legacy_rows_to_summary_with_empty_flow_rows_and_lots) ... ok
test_grouped_view_preserves_flat_read_model_group_breakdowns (test_turnover_ledger_api.TurnoverLedgerApiTests.test_grouped_view_preserves_flat_read_model_group_breakdowns) ... ok
test_grouped_view_preserves_service_flow_rows_and_allocation_lots (test_turnover_ledger_api.TurnoverLedgerApiTests.test_grouped_view_preserves_service_flow_rows_and_allocation_lots) ... ok
test_postgres_dirty_outbox_writer_normalizes_cost_statistics_scopes_in_transaction (test_turnover_ledger_api.TurnoverLedgerApiTests.test_postgres_dirty_outbox_writer_normalizes_cost_statistics_scopes_in_transaction) ... ok
test_postgres_turnover_ledger_persistence_repository_selects_postgres_only_for_execute_transactions (test_turnover_ledger_api.TurnoverLedgerApiTests.test_postgres_turnover_ledger_persistence_repository_selects_postgres_only_for_execute_transactions) ... ok
test_refresh_local_app_settings_snapshot_updates_snapshot_in_place (test_turnover_ledger_api.TurnoverLedgerApiTests.test_refresh_local_app_settings_snapshot_updates_snapshot_in_place) ... ok
test_relation_extra_best_effort_uses_dedicated_store_without_full_snapshot_fallback (test_turnover_ledger_api.TurnoverLedgerApiTests.test_relation_extra_best_effort_uses_dedicated_store_without_full_snapshot_fallback) ... ok
test_relation_extra_facade_override_skips_legacy_best_effort_side_effects (test_turnover_ledger_api.TurnoverLedgerApiTests.test_relation_extra_facade_override_skips_legacy_best_effort_side_effects) ... ok
test_relation_extra_get_returns_default_structure_and_put_persists (test_turnover_ledger_api.TurnoverLedgerApiTests.test_relation_extra_get_returns_default_structure_and_put_persists) ... ok
test_relation_extra_handler_delegates_expected_versions_idempotency_and_stale_boundary (test_turnover_ledger_api.TurnoverLedgerApiTests.test_relation_extra_handler_delegates_expected_versions_idempotency_and_stale_boundary) ... ok
test_relation_extra_handler_does_not_inline_legacy_fallback_side_effects (test_turnover_ledger_api.TurnoverLedgerApiTests.test_relation_extra_handler_does_not_inline_legacy_fallback_side_effects) ... ok
test_relation_extra_handler_override_passes_expected_versions_and_idempotency_key (test_turnover_ledger_api.TurnoverLedgerApiTests.test_relation_extra_handler_override_passes_expected_versions_and_idempotency_key) ... ok
test_relation_extra_legacy_fallback_facade_is_removed (test_turnover_ledger_api.TurnoverLedgerApiTests.test_relation_extra_legacy_fallback_facade_is_removed) ... ok
test_relation_extra_missing_dedicated_store_method_does_not_load_full_snapshot (test_turnover_ledger_api.TurnoverLedgerApiTests.test_relation_extra_missing_dedicated_store_method_does_not_load_full_snapshot) ... {"kind": "workbench_persistence_warning", "operation": "test_legacy_fallback", "detail": "state store does not expose save_turnover_ledger_extras.", "timestamp": "2026-07-05T20:50:00.445455"}
ok
test_relation_extra_persistence_failure_is_best_effort_success_and_refreshes (test_turnover_ledger_api.TurnoverLedgerApiTests.test_relation_extra_persistence_failure_is_best_effort_success_and_refreshes) ... {"kind": "workbench_persistence_warning", "operation": "turnover_ledger_extra_updated", "detail": "extra store unavailable", "timestamp": "2026-07-05T20:50:00.461019"}
ok
test_relation_extra_put_rejects_invalid_payload (test_turnover_ledger_api.TurnoverLedgerApiTests.test_relation_extra_put_rejects_invalid_payload) ... ok
test_relation_extra_put_rejects_readonly_user (test_turnover_ledger_api.TurnoverLedgerApiTests.test_relation_extra_put_rejects_readonly_user) ... ok
test_relation_extra_queue_failure_happens_after_extra_update_and_read_model_clear (test_turnover_ledger_api.TurnoverLedgerApiTests.test_relation_extra_queue_failure_happens_after_extra_update_and_read_model_clear) ... ok
test_relation_extra_request_boundary_facade_wires_current_extra_reader_and_write_facade (test_turnover_ledger_api.TurnoverLedgerApiTests.test_relation_extra_request_boundary_facade_wires_current_extra_reader_and_write_facade) ... ok
test_relation_extra_request_boundary_fails_fast_without_write_facade (test_turnover_ledger_api.TurnoverLedgerApiTests.test_relation_extra_request_boundary_fails_fast_without_write_facade) ... ok
test_relation_extra_same_payload_put_currently_updates_marker_and_reenqueues (test_turnover_ledger_api.TurnoverLedgerApiTests.test_relation_extra_same_payload_put_currently_updates_marker_and_reenqueues) ... ok
test_relation_extra_write_facade_does_not_inline_local_snapshot_closures (test_turnover_ledger_api.TurnoverLedgerApiTests.test_relation_extra_write_facade_does_not_inline_local_snapshot_closures) ... ok
test_relation_extra_write_facade_keeps_expected_versions_and_durable_idempotency_contract (test_turnover_ledger_api.TurnoverLedgerApiTests.test_relation_extra_write_facade_keeps_expected_versions_and_durable_idempotency_contract) ... ok
test_replace_local_bank_transaction_category_snapshot_rebinds_dependent_services (test_turnover_ledger_api.TurnoverLedgerApiTests.test_replace_local_bank_transaction_category_snapshot_rebinds_dependent_services) ... ok
test_replace_local_turnover_ledger_extra_snapshot_rebinds_routes_and_service (test_turnover_ledger_api.TurnoverLedgerApiTests.test_replace_local_turnover_ledger_extra_snapshot_rebinds_routes_and_service) ... ok
test_replace_local_turnover_relation_snapshot_rebinds_routes_and_service (test_turnover_ledger_api.TurnoverLedgerApiTests.test_replace_local_turnover_relation_snapshot_rebinds_routes_and_service) ... ok
test_sql_bank_detail_turnover_row_falls_back_to_bank_row_version_when_category_version_is_zero (test_turnover_ledger_api.TurnoverLedgerApiTests.test_sql_bank_detail_turnover_row_falls_back_to_bank_row_version_when_category_version_is_zero) ... ok
test_sql_bank_detail_turnover_row_falls_back_to_bank_row_version_when_category_versions_missing (test_turnover_ledger_api.TurnoverLedgerApiTests.test_sql_bank_detail_turnover_row_falls_back_to_bank_row_version_when_category_versions_missing) ... ok
test_sql_bank_detail_turnover_row_prefers_category_version_over_manual_version (test_turnover_ledger_api.TurnoverLedgerApiTests.test_sql_bank_detail_turnover_row_prefers_category_version_over_manual_version) ... ok
test_sql_bank_detail_turnover_row_uses_manual_category_version_when_category_version_is_zero (test_turnover_ledger_api.TurnoverLedgerApiTests.test_sql_bank_detail_turnover_row_uses_manual_category_version_when_category_version_is_zero) ... ok
test_sql_bank_detail_turnover_row_uses_manual_category_version_when_category_version_missing (test_turnover_ledger_api.TurnoverLedgerApiTests.test_sql_bank_detail_turnover_row_uses_manual_category_version_when_category_version_missing) ... ok
test_state_store_round_trips_turnover_relations_locally (test_turnover_ledger_api.TurnoverLedgerApiTests.test_state_store_round_trips_turnover_relations_locally) ... ok
test_tag_selection_write_facade_currently_has_no_stale_precondition_or_durable_idempotency_contract (test_turnover_ledger_api.TurnoverLedgerApiTests.test_tag_selection_write_facade_currently_has_no_stale_precondition_or_durable_idempotency_contract) ... ok
test_target_bank_row_tags_idempotency_key_conflict_rejects_different_payload (test_turnover_ledger_api.TurnoverLedgerApiTests.test_target_bank_row_tags_idempotency_key_conflict_rejects_different_payload) ... ok
test_target_bank_row_tags_idempotency_key_replays_without_duplicate_category_update_relation_rebuild_or_refresh (test_turnover_ledger_api.TurnoverLedgerApiTests.test_target_bank_row_tags_idempotency_key_replays_without_duplicate_category_update_relation_rebuild_or_refresh) ... ok
test_target_confirm_idempotency_key_conflict_rejects_different_payload (test_turnover_ledger_api.TurnoverLedgerApiTests.test_target_confirm_idempotency_key_conflict_rejects_different_payload) ... ok
test_target_confirm_idempotency_key_replays_without_duplicate_confirm_or_refresh (test_turnover_ledger_api.TurnoverLedgerApiTests.test_target_confirm_idempotency_key_replays_without_duplicate_confirm_or_refresh) ... ok
test_target_confirm_relation_queue_failure_rolls_back_relation_confirm (test_turnover_ledger_api.TurnoverLedgerApiTests.test_target_confirm_relation_queue_failure_rolls_back_relation_confirm) ... ok
test_target_confirm_relation_uow_path_does_not_clear_read_model_directly (test_turnover_ledger_api.TurnoverLedgerApiTests.test_target_confirm_relation_uow_path_does_not_clear_read_model_directly) ... ok
test_target_confirm_request_expected_versions_reach_write_command (test_turnover_ledger_api.TurnoverLedgerApiTests.test_target_confirm_request_expected_versions_reach_write_command) ... ok
test_target_postgres_bank_row_tags_batch_uses_facade_without_direct_read_model_clear (test_turnover_ledger_api.TurnoverLedgerApiTests.test_target_postgres_bank_row_tags_batch_uses_facade_without_direct_read_model_clear) ... ok
test_target_postgres_confirm_relation_uses_facade_without_direct_read_model_clear (test_turnover_ledger_api.TurnoverLedgerApiTests.test_target_postgres_confirm_relation_uses_facade_without_direct_read_model_clear) ... ok
test_target_postgres_withdraw_relation_uses_facade_without_direct_read_model_clear (test_turnover_ledger_api.TurnoverLedgerApiTests.test_target_postgres_withdraw_relation_uses_facade_without_direct_read_model_clear) ... ok
test_target_relation_extra_idempotency_key_conflict_rejects_different_payload (test_turnover_ledger_api.TurnoverLedgerApiTests.test_target_relation_extra_idempotency_key_conflict_rejects_different_payload) ... ok
test_target_relation_extra_idempotency_key_replays_without_duplicate_save_or_refresh (test_turnover_ledger_api.TurnoverLedgerApiTests.test_target_relation_extra_idempotency_key_replays_without_duplicate_save_or_refresh) ... ok
test_target_relation_extra_primary_builder_uses_explicit_stale_precondition_port (test_turnover_ledger_api.TurnoverLedgerApiTests.test_target_relation_extra_primary_builder_uses_explicit_stale_precondition_port) ... ok
test_target_relation_extra_queue_failure_rolls_back_extra_save (test_turnover_ledger_api.TurnoverLedgerApiTests.test_target_relation_extra_queue_failure_rolls_back_extra_save) ... ok
test_target_relation_extra_stale_expected_version_rejects_without_save_or_refresh (test_turnover_ledger_api.TurnoverLedgerApiTests.test_target_relation_extra_stale_expected_version_rejects_without_save_or_refresh) ... ok
test_target_relation_extra_uow_path_does_not_clear_read_model_directly (test_turnover_ledger_api.TurnoverLedgerApiTests.test_target_relation_extra_uow_path_does_not_clear_read_model_directly) ... ok
test_target_tag_selection_idempotency_key_conflict_rejects_different_payload (test_turnover_ledger_api.TurnoverLedgerApiTests.test_target_tag_selection_idempotency_key_conflict_rejects_different_payload) ... ok
test_target_tag_selection_idempotency_key_replays_without_duplicate_settings_save_or_refresh (test_turnover_ledger_api.TurnoverLedgerApiTests.test_target_tag_selection_idempotency_key_replays_without_duplicate_settings_save_or_refresh) ... ok
test_target_turnover_bank_row_tag_batch_handler_does_not_inline_legacy_fallback_side_effects (test_turnover_ledger_api.TurnoverLedgerApiTests.test_target_turnover_bank_row_tag_batch_handler_does_not_inline_legacy_fallback_side_effects) ... ok
test_target_turnover_bank_row_tag_batch_local_facade_saves_snapshots_and_rebuilds_after_apply (test_turnover_ledger_api.TurnoverLedgerApiTests.test_target_turnover_bank_row_tag_batch_local_facade_saves_snapshots_and_rebuilds_after_apply) ... ok
test_target_turnover_bank_row_tag_batch_queue_failure_rolls_back_category_save (test_turnover_ledger_api.TurnoverLedgerApiTests.test_target_turnover_bank_row_tag_batch_queue_failure_rolls_back_category_save) ... ok
test_target_turnover_bank_row_tag_batch_queue_failure_rolls_back_relation_snapshot (test_turnover_ledger_api.TurnoverLedgerApiTests.test_target_turnover_bank_row_tag_batch_queue_failure_rolls_back_relation_snapshot) ... ok
test_target_turnover_bank_row_tag_batch_uow_path_does_not_clear_read_model_directly (test_turnover_ledger_api.TurnoverLedgerApiTests.test_target_turnover_bank_row_tag_batch_uow_path_does_not_clear_read_model_directly) ... ok
test_target_turnover_ledger_tag_selection_queue_failure_rolls_back_settings_save (test_turnover_ledger_api.TurnoverLedgerApiTests.test_target_turnover_ledger_tag_selection_queue_failure_rolls_back_settings_save) ... ok
test_target_turnover_ledger_tag_selection_uow_path_does_not_clear_read_model_directly (test_turnover_ledger_api.TurnoverLedgerApiTests.test_target_turnover_ledger_tag_selection_uow_path_does_not_clear_read_model_directly) ... ok
test_target_withdraw_duplicate_submit_rejects_without_second_mutation_or_refresh (test_turnover_ledger_api.TurnoverLedgerApiTests.test_target_withdraw_duplicate_submit_rejects_without_second_mutation_or_refresh) ... ok
test_target_withdraw_idempotency_key_conflict_rejects_different_payload (test_turnover_ledger_api.TurnoverLedgerApiTests.test_target_withdraw_idempotency_key_conflict_rejects_different_payload) ... ok
test_target_withdraw_idempotency_key_replays_without_duplicate_withdraw_or_refresh (test_turnover_ledger_api.TurnoverLedgerApiTests.test_target_withdraw_idempotency_key_replays_without_duplicate_withdraw_or_refresh) ... ok
test_target_withdraw_relation_queue_failure_rolls_back_relation_withdraw (test_turnover_ledger_api.TurnoverLedgerApiTests.test_target_withdraw_relation_queue_failure_rolls_back_relation_withdraw) ... ok
test_target_withdraw_relation_uow_path_does_not_clear_read_model_directly (test_turnover_ledger_api.TurnoverLedgerApiTests.test_target_withdraw_relation_uow_path_does_not_clear_read_model_directly) ... ok
test_turnover_bank_row_tag_batch_dependency_missing_fails_fast_without_side_effects (test_turnover_ledger_api.TurnoverLedgerApiTests.test_turnover_bank_row_tag_batch_dependency_missing_fails_fast_without_side_effects) ... ok
test_turnover_bank_row_tag_batch_facade_none_fails_fast_without_legacy_side_effects (test_turnover_ledger_api.TurnoverLedgerApiTests.test_turnover_bank_row_tag_batch_facade_none_fails_fast_without_legacy_side_effects) ... ok
test_turnover_bank_row_tag_batch_postgres_facade_path_skips_legacy_after_mutation_helper (test_turnover_ledger_api.TurnoverLedgerApiTests.test_turnover_bank_row_tag_batch_postgres_facade_path_skips_legacy_after_mutation_helper) ... ok
test_turnover_bank_row_tag_batch_primary_facade_updates_and_refreshes (test_turnover_ledger_api.TurnoverLedgerApiTests.test_turnover_bank_row_tag_batch_primary_facade_updates_and_refreshes) ... ok
test_turnover_bank_row_tag_batch_queue_failure_happens_after_category_save (test_turnover_ledger_api.TurnoverLedgerApiTests.test_turnover_bank_row_tag_batch_queue_failure_happens_after_category_save) ... ok
test_turnover_bank_row_tag_batch_refreshes_all_required_scopes (test_turnover_ledger_api.TurnoverLedgerApiTests.test_turnover_bank_row_tag_batch_refreshes_all_required_scopes) ... ok
test_turnover_bank_row_tag_batch_rejects_non_turnover_rows_without_refresh_side_effects (test_turnover_ledger_api.TurnoverLedgerApiTests.test_turnover_bank_row_tag_batch_rejects_non_turnover_rows_without_refresh_side_effects) ... ok
test_turnover_bank_row_tag_batch_save_updates_category_and_reflects_to_bank_details (test_turnover_ledger_api.TurnoverLedgerApiTests.test_turnover_bank_row_tag_batch_save_updates_category_and_reflects_to_bank_details) ... ok
test_turnover_bank_row_tags_legacy_fallback_facade_is_removed (test_turnover_ledger_api.TurnoverLedgerApiTests.test_turnover_bank_row_tags_legacy_fallback_facade_is_removed) ... ok
test_turnover_bank_row_tags_write_facade_does_not_inline_local_snapshot_closures (test_turnover_ledger_api.TurnoverLedgerApiTests.test_turnover_bank_row_tags_write_facade_does_not_inline_local_snapshot_closures) ... ok
test_turnover_cash_closure_withdraw_route_uses_closure_boundary (test_turnover_ledger_api.TurnoverLedgerApiTests.test_turnover_cash_closure_withdraw_route_uses_closure_boundary) ... ok
test_turnover_closure_and_withdraw_wiring_use_workbench_relation_command_service (test_turnover_ledger_api.TurnoverLedgerApiTests.test_turnover_closure_and_withdraw_wiring_use_workbench_relation_command_service) ... ok
test_turnover_ledger_bank_row_tags_primary_write_facade_uses_builder_boundary (test_turnover_ledger_api.TurnoverLedgerApiTests.test_turnover_ledger_bank_row_tags_primary_write_facade_uses_builder_boundary) ... ok
test_turnover_ledger_confirm_builder_uses_bank_row_stale_precondition_port (test_turnover_ledger_api.TurnoverLedgerApiTests.test_turnover_ledger_confirm_builder_uses_bank_row_stale_precondition_port) ... ok
test_turnover_ledger_confirm_primary_write_facade_uses_builder_boundary (test_turnover_ledger_api.TurnoverLedgerApiTests.test_turnover_ledger_confirm_primary_write_facade_uses_builder_boundary) ... ok
test_turnover_ledger_local_runtime_helpers_delegate_to_support_boundary (test_turnover_ledger_api.TurnoverLedgerApiTests.test_turnover_ledger_local_runtime_helpers_delegate_to_support_boundary) ... ok
test_turnover_ledger_local_save_helpers_keep_best_effort_warning_contract (test_turnover_ledger_api.TurnoverLedgerApiTests.test_turnover_ledger_local_save_helpers_keep_best_effort_warning_contract) ... ok
test_turnover_ledger_local_save_helpers_require_state_store_methods (test_turnover_ledger_api.TurnoverLedgerApiTests.test_turnover_ledger_local_save_helpers_require_state_store_methods) ... ok
test_turnover_ledger_primary_write_builders_still_use_local_and_postgres_dirty_outbox_split (test_turnover_ledger_api.TurnoverLedgerApiTests.test_turnover_ledger_primary_write_builders_still_use_local_and_postgres_dirty_outbox_split) ... ok
test_turnover_ledger_primary_write_builders_still_use_noop_local_stale_precondition_ports (test_turnover_ledger_api.TurnoverLedgerApiTests.test_turnover_ledger_primary_write_builders_still_use_noop_local_stale_precondition_ports) ... ok
test_turnover_ledger_primary_write_facades_no_longer_construct_uow_in_server (test_turnover_ledger_api.TurnoverLedgerApiTests.test_turnover_ledger_primary_write_facades_no_longer_construct_uow_in_server) ... ok
test_turnover_ledger_primary_write_facades_no_longer_inline_placeholder_ports_or_default_stale_precondition (test_turnover_ledger_api.TurnoverLedgerApiTests.test_turnover_ledger_primary_write_facades_no_longer_inline_placeholder_ports_or_default_stale_precondition) ... ok
test_turnover_ledger_primary_write_facades_use_local_runtime_support_boundary (test_turnover_ledger_api.TurnoverLedgerApiTests.test_turnover_ledger_primary_write_facades_use_local_runtime_support_boundary) ... ok
test_turnover_ledger_relation_extra_primary_write_facade_uses_builder_boundary (test_turnover_ledger_api.TurnoverLedgerApiTests.test_turnover_ledger_relation_extra_primary_write_facade_uses_builder_boundary) ... ok
test_turnover_ledger_tag_selection_get_put_and_version_conflict (test_turnover_ledger_api.TurnoverLedgerApiTests.test_turnover_ledger_tag_selection_get_put_and_version_conflict) ... ok
test_turnover_ledger_tag_selection_handler_does_not_inline_legacy_fallback_side_effects (test_turnover_ledger_api.TurnoverLedgerApiTests.test_turnover_ledger_tag_selection_handler_does_not_inline_legacy_fallback_side_effects) ... ok
test_turnover_ledger_tag_selection_legacy_fallback_facade_is_removed (test_turnover_ledger_api.TurnoverLedgerApiTests.test_turnover_ledger_tag_selection_legacy_fallback_facade_is_removed) ... ok
test_turnover_ledger_tag_selection_primary_facade_updates_and_refreshes (test_turnover_ledger_api.TurnoverLedgerApiTests.test_turnover_ledger_tag_selection_primary_facade_updates_and_refreshes) ... ok
test_turnover_ledger_tag_selection_primary_write_facade_uses_builder_boundary (test_turnover_ledger_api.TurnoverLedgerApiTests.test_turnover_ledger_tag_selection_primary_write_facade_uses_builder_boundary) ... ok
test_turnover_ledger_tag_selection_queue_failure_rolls_back_settings_save (test_turnover_ledger_api.TurnoverLedgerApiTests.test_turnover_ledger_tag_selection_queue_failure_rolls_back_settings_save) ... ok
test_turnover_ledger_tag_selection_request_boundary_facade_wires_write_facade (test_turnover_ledger_api.TurnoverLedgerApiTests.test_turnover_ledger_tag_selection_request_boundary_facade_wires_write_facade) ... ok
test_turnover_ledger_tag_selection_request_boundary_fails_fast_without_write_facade (test_turnover_ledger_api.TurnoverLedgerApiTests.test_turnover_ledger_tag_selection_request_boundary_fails_fast_without_write_facade) ... ok
test_turnover_ledger_tag_selection_write_facade_does_not_inline_local_snapshot_closures (test_turnover_ledger_api.TurnoverLedgerApiTests.test_turnover_ledger_tag_selection_write_facade_does_not_inline_local_snapshot_closures) ... ok
test_turnover_ledger_withdraw_builder_uses_relation_stale_precondition_port (test_turnover_ledger_api.TurnoverLedgerApiTests.test_turnover_ledger_withdraw_builder_uses_relation_stale_precondition_port) ... ok
test_turnover_ledger_withdraw_primary_write_facade_uses_builder_boundary (test_turnover_ledger_api.TurnoverLedgerApiTests.test_turnover_ledger_withdraw_primary_write_facade_uses_builder_boundary) ... ok
test_turnover_relation_mutation_legacy_invalidation_path_is_removed (test_turnover_ledger_api.TurnoverLedgerApiTests.test_turnover_relation_mutation_legacy_invalidation_path_is_removed) ... ok
test_withdraw_duplicate_submit_rejects_after_first_withdraw_without_second_refresh (test_turnover_ledger_api.TurnoverLedgerApiTests.test_withdraw_duplicate_submit_rejects_after_first_withdraw_without_second_refresh) ... ok
test_withdraw_handler_delegates_precheck_expected_versions_and_affected_months_to_request_facade (test_turnover_ledger_api.TurnoverLedgerApiTests.test_withdraw_handler_delegates_precheck_expected_versions_and_affected_months_to_request_facade) ... ok
test_withdraw_rejects_system_generated_relation (test_turnover_ledger_api.TurnoverLedgerApiTests.test_withdraw_rejects_system_generated_relation) ... ok
test_withdraw_relation_facade_override_skips_legacy_after_mutation_side_effects (test_turnover_ledger_api.TurnoverLedgerApiTests.test_withdraw_relation_facade_override_skips_legacy_after_mutation_side_effects) ... ok
test_withdraw_relation_handler_does_not_inline_legacy_fallback_side_effects (test_turnover_ledger_api.TurnoverLedgerApiTests.test_withdraw_relation_handler_does_not_inline_legacy_fallback_side_effects) ... ok
test_withdraw_relation_primary_facade_withdraws_and_invalidates (test_turnover_ledger_api.TurnoverLedgerApiTests.test_withdraw_relation_primary_facade_withdraws_and_invalidates) ... ok
test_withdraw_relation_queue_failure_happens_after_relation_withdraw_and_read_model_clear (test_turnover_ledger_api.TurnoverLedgerApiTests.test_withdraw_relation_queue_failure_happens_after_relation_withdraw_and_read_model_clear) ... ok
test_withdraw_relation_write_facade_does_not_inline_local_snapshot_closures (test_turnover_ledger_api.TurnoverLedgerApiTests.test_withdraw_relation_write_facade_does_not_inline_local_snapshot_closures) ... ok
test_withdraw_request_boundary_facade_wires_relation_detail_and_affected_months_resolver (test_turnover_ledger_api.TurnoverLedgerApiTests.test_withdraw_request_boundary_facade_wires_relation_detail_and_affected_months_resolver) ... ok
test_withdraw_request_boundary_fails_fast_without_write_facade (test_turnover_ledger_api.TurnoverLedgerApiTests.test_withdraw_request_boundary_fails_fast_without_write_facade) ... ok
test_withdraw_stale_precondition_rejects_changed_relation_before_mutation_or_refresh (test_turnover_ledger_api.TurnoverLedgerApiTests.test_withdraw_stale_precondition_rejects_changed_relation_before_mutation_or_refresh) ... ok
test_withdraw_write_facade_keeps_expected_versions_but_has_no_durable_idempotency_contract (test_turnover_ledger_api.TurnoverLedgerApiTests.test_withdraw_write_facade_keeps_expected_versions_but_has_no_durable_idempotency_contract) ... ok
test_export_builds_xlsx_and_filename_for_family_scope (test_turnover_ledger_export_service.TurnoverLedgerExportServiceTests.test_export_builds_xlsx_and_filename_for_family_scope) ... ok
test_export_rejects_flattened_flow_rows_above_sync_row_limit (test_turnover_ledger_export_service.TurnoverLedgerExportServiceTests.test_export_rejects_flattened_flow_rows_above_sync_row_limit) ... ok
test_export_rejects_group_count_above_sync_row_limit (test_turnover_ledger_export_service.TurnoverLedgerExportServiceTests.test_export_rejects_group_count_above_sync_row_limit) ... ok
test_preview_applies_limit_after_summary_and_flow_flattening_and_reports_totals (test_turnover_ledger_export_service.TurnoverLedgerExportServiceTests.test_preview_applies_limit_after_summary_and_flow_flattening_and_reports_totals) ... ok
test_preview_does_not_fallback_to_lot_rows_as_flow_rows (test_turnover_ledger_export_service.TurnoverLedgerExportServiceTests.test_preview_does_not_fallback_to_lot_rows_as_flow_rows) ... ok
test_preview_empty_grouped_payload_keeps_current_empty_shape (test_turnover_ledger_export_service.TurnoverLedgerExportServiceTests.test_preview_empty_grouped_payload_keeps_current_empty_shape) ... ok
test_preview_flattens_grouped_payload_to_summary_and_real_flow_rows (test_turnover_ledger_export_service.TurnoverLedgerExportServiceTests.test_preview_flattens_grouped_payload_to_summary_and_real_flow_rows) ... ok
test_empty_relation_id_and_overlong_text_are_rejected (test_turnover_ledger_extra_service.TurnoverLedgerExtraServiceTests.test_empty_relation_id_and_overlong_text_are_rejected) ... ok
test_empty_snapshot_restores_empty_service (test_turnover_ledger_extra_service.TurnoverLedgerExtraServiceTests.test_empty_snapshot_restores_empty_service) ... ok
test_invalid_date_is_rejected (test_turnover_ledger_extra_service.TurnoverLedgerExtraServiceTests.test_invalid_date_is_rejected) ... ok
test_invalid_interest_rate_type_is_rejected (test_turnover_ledger_extra_service.TurnoverLedgerExtraServiceTests.test_invalid_interest_rate_type_is_rejected) ... ok
test_negative_amount_or_rate_is_rejected (test_turnover_ledger_extra_service.TurnoverLedgerExtraServiceTests.test_negative_amount_or_rate_is_rejected) ... ok
test_none_interest_rate_normalizes_to_zero (test_turnover_ledger_extra_service.TurnoverLedgerExtraServiceTests.test_none_interest_rate_normalizes_to_zero) ... ok
test_normalize_update_matches_upsert_shape_without_mutating_snapshot (test_turnover_ledger_extra_service.TurnoverLedgerExtraServiceTests.test_normalize_update_matches_upsert_shape_without_mutating_snapshot) ... ok
test_remove_deletes_existing_extra (test_turnover_ledger_extra_service.TurnoverLedgerExtraServiceTests.test_remove_deletes_existing_extra) ... ok
test_upsert_new_relation_extra_normalizes_fields (test_turnover_ledger_extra_service.TurnoverLedgerExtraServiceTests.test_upsert_new_relation_extra_normalizes_fields) ... ok
test_upsert_updates_existing_extra_and_preserves_missing_fields (test_turnover_ledger_extra_service.TurnoverLedgerExtraServiceTests.test_upsert_updates_existing_extra_and_preserves_missing_fields) ... ok
test_fresh_sql_read_model_is_returned_without_legacy_rebuild (test_turnover_ledger_query_service.TurnoverLedgerQueryServiceTests.test_fresh_sql_read_model_is_returned_without_legacy_rebuild) ... ok
test_missing_optional_sql_read_model_uses_legacy_builder_and_injects_source_versions (test_turnover_ledger_query_service.TurnoverLedgerQueryServiceTests.test_missing_optional_sql_read_model_uses_legacy_builder_and_injects_source_versions) ... ok
test_missing_required_sql_read_model_returns_empty_refreshing_payload_and_enqueues_miss (test_turnover_ledger_query_service.TurnoverLedgerQueryServiceTests.test_missing_required_sql_read_model_returns_empty_refreshing_payload_and_enqueues_miss) ... ok
test_read_model_summary_uses_explicit_group_amount_fields (test_turnover_ledger_query_service.TurnoverLedgerQueryServiceTests.test_read_model_summary_uses_explicit_group_amount_fields) ... ok
test_stale_sql_read_model_is_not_returned_as_fresh_and_enqueues_refresh (test_turnover_ledger_query_service.TurnoverLedgerQueryServiceTests.test_stale_sql_read_model_is_not_returned_as_fresh_and_enqueues_refresh) ... ok
test_port_excludes_unrelated_read_model_methods (test_turnover_ledger_query_service.TurnoverLedgerReadModelRepositoryPortTests.test_port_excludes_unrelated_read_model_methods) ... ok
test_facade_non_fresh_error_does_not_save_turnover_read_model (test_turnover_ledger_read_model_refresh.TurnoverLedgerReadModelRefreshServiceTests.test_facade_non_fresh_error_does_not_save_turnover_read_model) ... ok
test_projection_does_not_save_when_workbench_relation_context_is_not_fresh (test_turnover_ledger_read_model_refresh.TurnoverLedgerReadModelRefreshServiceTests.test_projection_does_not_save_when_workbench_relation_context_is_not_fresh) ... ok
test_projection_enriches_rows_with_fresh_workbench_relation_context (test_turnover_ledger_read_model_refresh.TurnoverLedgerReadModelRefreshServiceTests.test_projection_enriches_rows_with_fresh_workbench_relation_context) ... ok
test_projection_marks_workbench_bank_pair_as_cash_closure_when_group_zeroes_out (test_turnover_ledger_read_model_refresh.TurnoverLedgerReadModelRefreshServiceTests.test_projection_marks_workbench_bank_pair_as_cash_closure_when_group_zeroes_out) ... ok
test_projection_preserves_group_breakdowns_tags_and_bank_labels (test_turnover_ledger_read_model_refresh.TurnoverLedgerReadModelRefreshServiceTests.test_projection_preserves_group_breakdowns_tags_and_bank_labels) ... ok
test_projection_skips_unchanged_scope_after_fresh_relation_version_check (test_turnover_ledger_read_model_refresh.TurnoverLedgerReadModelRefreshServiceTests.test_projection_skips_unchanged_scope_after_fresh_relation_version_check) ... ok
test_projection_source_versions_are_captured_before_relation_rebuild_side_effects (test_turnover_ledger_read_model_refresh.TurnoverLedgerReadModelRefreshServiceTests.test_projection_source_versions_are_captured_before_relation_rebuild_side_effects) ... ok
test_projection_source_versions_include_bank_detail_source_versions (test_turnover_ledger_read_model_refresh.TurnoverLedgerReadModelRefreshServiceTests.test_projection_source_versions_include_bank_detail_source_versions) ... ok
test_worker_handler_rebuilds_scope_and_completes_dirty_scope (test_turnover_ledger_read_model_refresh.TurnoverLedgerReadModelRefreshServiceTests.test_worker_handler_rebuilds_scope_and_completes_dirty_scope) ... ok
test_worker_handler_rejects_wrong_event_type (test_turnover_ledger_read_model_refresh.TurnoverLedgerReadModelRefreshServiceTests.test_worker_handler_rejects_wrong_event_type) ... ok
test_enqueue_defaults_empty_or_invalid_scope_to_all (test_turnover_ledger_read_model_refresh_producer.TurnoverLedgerReadModelRefreshProducerTests.test_enqueue_defaults_empty_or_invalid_scope_to_all) ... ok
test_enqueue_normalizes_to_month_or_all_and_uses_gateway_boundary (test_turnover_ledger_read_model_refresh_producer.TurnoverLedgerReadModelRefreshProducerTests.test_enqueue_normalizes_to_month_or_all_and_uses_gateway_boundary) ... ok
test_enqueue_returns_false_when_gateway_unavailable (test_turnover_ledger_read_model_refresh_producer.TurnoverLedgerReadModelRefreshProducerTests.test_enqueue_returns_false_when_gateway_unavailable) ... ok
test_refresh_producer_does_not_expose_direct_clear_io (test_turnover_ledger_read_model_refresh_producer.TurnoverLedgerReadModelRefreshProducerTests.test_refresh_producer_does_not_expose_direct_clear_io) ... ok
test_family_and_status_filters_are_applied_before_pagination (test_turnover_ledger_service.TurnoverLedgerServiceTests.test_family_and_status_filters_are_applied_before_pagination) ... ok
test_grouped_ledger_allocates_partial_repayment_and_interest_by_lot (test_turnover_ledger_service.TurnoverLedgerServiceTests.test_grouped_ledger_allocates_partial_repayment_and_interest_by_lot) ... ok
test_grouped_ledger_calculates_annual_interest_and_borrow_in_directions (test_turnover_ledger_service.TurnoverLedgerServiceTests.test_grouped_ledger_calculates_annual_interest_and_borrow_in_directions) ... ok
test_grouped_ledger_calculates_monthly_interest_and_borrow_out_directions (test_turnover_ledger_service.TurnoverLedgerServiceTests.test_grouped_ledger_calculates_monthly_interest_and_borrow_out_directions) ... ok
test_grouped_ledger_consumes_bank_detail_external_turnover_three_level_tag (test_turnover_ledger_service.TurnoverLedgerServiceTests.test_grouped_ledger_consumes_bank_detail_external_turnover_three_level_tag) ... ok
test_grouped_ledger_filters_bank_detail_rows_by_selected_external_tags_and_third_label (test_turnover_ledger_service.TurnoverLedgerServiceTests.test_grouped_ledger_filters_bank_detail_rows_by_selected_external_tags_and_third_label) ... ok
test_grouped_ledger_groups_same_counterparty_family_and_summarizes_pending_amounts (test_turnover_ledger_service.TurnoverLedgerServiceTests.test_grouped_ledger_groups_same_counterparty_family_and_summarizes_pending_amounts) ... ok
test_grouped_ledger_includes_external_turnover_rows_without_sub_tag_as_uncategorized (test_turnover_ledger_service.TurnoverLedgerServiceTests.test_grouped_ledger_includes_external_turnover_rows_without_sub_tag_as_uncategorized) ... ok
test_grouped_ledger_keeps_legacy_list_ledger_compatible (test_turnover_ledger_service.TurnoverLedgerServiceTests.test_grouped_ledger_keeps_legacy_list_ledger_compatible) ... ok
test_grouped_ledger_keeps_unselected_same_counterparty_flows_after_manual_closure (test_turnover_ledger_service.TurnoverLedgerServiceTests.test_grouped_ledger_keeps_unselected_same_counterparty_flows_after_manual_closure) ... ok
test_grouped_ledger_places_flow_amounts_by_turnover_action_type_and_exposes_breakdowns (test_turnover_ledger_service.TurnoverLedgerServiceTests.test_grouped_ledger_places_flow_amounts_by_turnover_action_type_and_exposes_breakdowns) ... ok
test_grouped_ledger_reads_repository_backed_all_month_bank_rows (test_turnover_ledger_service.TurnoverLedgerServiceTests.test_grouped_ledger_reads_repository_backed_all_month_bank_rows) ... ok
test_grouped_ledger_returns_stable_defaults_when_rate_is_missing (test_turnover_ledger_service.TurnoverLedgerServiceTests.test_grouped_ledger_returns_stable_defaults_when_rate_is_missing) ... ok
test_grouped_ledger_returns_summary_and_fifo_lots_for_jia_xiaohua_closed_batch (test_turnover_ledger_service.TurnoverLedgerServiceTests.test_grouped_ledger_returns_summary_and_fifo_lots_for_jia_xiaohua_closed_batch) ... ok
test_grouped_ledger_summary_uses_actual_flow_outflow_when_repayment_exceeds_principal (test_turnover_ledger_service.TurnoverLedgerServiceTests.test_grouped_ledger_summary_uses_actual_flow_outflow_when_repayment_exceeds_principal) ... ok
test_grouped_ledger_uses_bank_row_version_when_category_versions_are_zero (test_turnover_ledger_service.TurnoverLedgerServiceTests.test_grouped_ledger_uses_bank_row_version_when_category_versions_are_zero) ... ok
test_grouped_ledger_uses_collection_direction_for_pure_borrow_out_group (test_turnover_ledger_service.TurnoverLedgerServiceTests.test_grouped_ledger_uses_collection_direction_for_pure_borrow_out_group) ... ok
test_grouped_ledger_uses_manual_version_when_category_version_is_zero (test_turnover_ledger_service.TurnoverLedgerServiceTests.test_grouped_ledger_uses_manual_version_when_category_version_is_zero) ... ok
test_grouped_ledger_uses_repayment_direction_for_pure_borrow_in_group (test_turnover_ledger_service.TurnoverLedgerServiceTests.test_grouped_ledger_uses_repayment_direction_for_pure_borrow_in_group) ... ok
test_ledger_uses_effective_category_provider_and_only_turnover_taxonomy (test_turnover_ledger_service.TurnoverLedgerServiceTests.test_ledger_uses_effective_category_provider_and_only_turnover_taxonomy) ... ok
test_payload_summarizes_only_tagged_turnover_rows (test_turnover_ledger_service.TurnoverLedgerServiceTests.test_payload_summarizes_only_tagged_turnover_rows) ... ok
test_source_versions_change_when_relation_extras_tags_categories_or_rules_change (test_turnover_ledger_source_versions.TurnoverLedgerSourceVersionsTests.test_source_versions_change_when_relation_extras_tags_categories_or_rules_change) ... ok
test_source_versions_include_all_turnover_and_cross_module_inputs (test_turnover_ledger_source_versions.TurnoverLedgerSourceVersionsTests.test_source_versions_include_all_turnover_and_cross_module_inputs) ... ok
test_adapter_raised_exception_rolls_back_turnover_uow (test_turnover_ledger_uow_contract.TurnoverLedgerUoWContractTests.test_adapter_raised_exception_rolls_back_turnover_uow) ... ok
test_bank_row_stale_precondition_uses_base_version_when_category_versions_are_zero (test_turnover_ledger_uow_contract.TurnoverLedgerUoWContractTests.test_bank_row_stale_precondition_uses_base_version_when_category_versions_are_zero) ... ok
test_bank_row_stale_precondition_uses_manual_version_when_category_version_is_zero (test_turnover_ledger_uow_contract.TurnoverLedgerUoWContractTests.test_bank_row_stale_precondition_uses_manual_version_when_category_version_is_zero) ... ok
test_bank_row_tags_batch_uses_explicit_bankdetail_port_and_rolls_back_on_outbox_failure (test_turnover_ledger_uow_contract.TurnoverLedgerUoWContractTests.test_bank_row_tags_batch_uses_explicit_bankdetail_port_and_rolls_back_on_outbox_failure) ... ok
test_bank_row_tags_facade_enqueues_bankdetail_workbench_and_turnover_refreshes (test_turnover_ledger_uow_contract.TurnoverLedgerUoWContractTests.test_bank_row_tags_facade_enqueues_bankdetail_workbench_and_turnover_refreshes) ... ok
test_bank_row_tags_facade_rolls_back_when_dirty_outbox_fails (test_turnover_ledger_uow_contract.TurnoverLedgerUoWContractTests.test_bank_row_tags_facade_rolls_back_when_dirty_outbox_fails) ... ok
test_bank_row_tags_facade_uses_bankdetail_port_and_returns_service_payload (test_turnover_ledger_uow_contract.TurnoverLedgerUoWContractTests.test_bank_row_tags_facade_uses_bankdetail_port_and_returns_service_payload) ... ok
test_closure_request_boundary_returns_workbench_visibility_freshness_targets (test_turnover_ledger_uow_contract.TurnoverLedgerUoWContractTests.test_closure_request_boundary_returns_workbench_visibility_freshness_targets) ... ok
test_confirm_relation_commits_relation_audit_dirty_scope_and_outbox_in_one_transaction (test_turnover_ledger_uow_contract.TurnoverLedgerUoWContractTests.test_confirm_relation_commits_relation_audit_dirty_scope_and_outbox_in_one_transaction) ... ok
test_confirm_relation_outbox_failure_rolls_back_relation_fact_and_audit (test_turnover_ledger_uow_contract.TurnoverLedgerUoWContractTests.test_confirm_relation_outbox_failure_rolls_back_relation_fact_and_audit) ... ok
test_postgres_bankdetail_port_adapter_applies_updates_with_supplied_transaction (test_turnover_ledger_uow_contract.TurnoverLedgerUoWContractTests.test_postgres_bankdetail_port_adapter_applies_updates_with_supplied_transaction) ... ok
test_postgres_bankdetail_port_adapter_rejects_application_god_object (test_turnover_ledger_uow_contract.TurnoverLedgerUoWContractTests.test_postgres_bankdetail_port_adapter_rejects_application_god_object) ... ok
test_postgres_relation_repository_adapter_confirms_with_supplied_transaction (test_turnover_ledger_uow_contract.TurnoverLedgerUoWContractTests.test_postgres_relation_repository_adapter_confirms_with_supplied_transaction) ... ok
test_postgres_relation_repository_adapter_rejects_application_god_object (test_turnover_ledger_uow_contract.TurnoverLedgerUoWContractTests.test_postgres_relation_repository_adapter_rejects_application_god_object) ... ok
test_postgres_relation_repository_adapter_withdraws_with_supplied_transaction (test_turnover_ledger_uow_contract.TurnoverLedgerUoWContractTests.test_postgres_relation_repository_adapter_withdraws_with_supplied_transaction) ... ok
test_postgres_settings_repository_saves_app_settings_with_supplied_transaction (test_turnover_ledger_uow_contract.TurnoverLedgerUoWContractTests.test_postgres_settings_repository_saves_app_settings_with_supplied_transaction) ... ok
test_relation_extra_idempotency_conflict_rejects_before_handler_or_dirty_outbox (test_turnover_ledger_uow_contract.TurnoverLedgerUoWContractTests.test_relation_extra_idempotency_conflict_rejects_before_handler_or_dirty_outbox) ... ok
test_relation_extra_idempotency_replays_committed_without_handler_or_dirty_outbox (test_turnover_ledger_uow_contract.TurnoverLedgerUoWContractTests.test_relation_extra_idempotency_replays_committed_without_handler_or_dirty_outbox) ... ok
test_relation_extra_idempotency_reserved_in_progress_rejects_before_handler (test_turnover_ledger_uow_contract.TurnoverLedgerUoWContractTests.test_relation_extra_idempotency_reserved_in_progress_rejects_before_handler) ... ok
test_relation_extra_idempotency_reserves_before_handler_and_commits_response (test_turnover_ledger_uow_contract.TurnoverLedgerUoWContractTests.test_relation_extra_idempotency_reserves_before_handler_and_commits_response) ... ok
test_relation_extra_normalizer_adapter_feeds_facade_normalized_save (test_turnover_ledger_uow_contract.TurnoverLedgerUoWContractTests.test_relation_extra_normalizer_adapter_feeds_facade_normalized_save) ... ok
test_relation_extra_normalizer_adapter_rejects_application_god_object (test_turnover_ledger_uow_contract.TurnoverLedgerUoWContractTests.test_relation_extra_normalizer_adapter_rejects_application_god_object) ... ok
test_relation_extra_normalizer_adapter_reuses_service_rules_without_state_mutation (test_turnover_ledger_uow_contract.TurnoverLedgerUoWContractTests.test_relation_extra_normalizer_adapter_reuses_service_rules_without_state_mutation) ... ok
test_relation_extra_outbox_failure_does_not_return_best_effort_success (test_turnover_ledger_uow_contract.TurnoverLedgerUoWContractTests.test_relation_extra_outbox_failure_does_not_return_best_effort_success) ... ok
test_relation_extra_repository_adapter_rejects_application_god_object (test_turnover_ledger_uow_contract.TurnoverLedgerUoWContractTests.test_relation_extra_repository_adapter_rejects_application_god_object) ... ok
test_relation_extra_repository_adapter_saves_single_extra_with_supplied_transaction (test_turnover_ledger_uow_contract.TurnoverLedgerUoWContractTests.test_relation_extra_repository_adapter_saves_single_extra_with_supplied_transaction) ... ok
test_relation_extra_write_facade_command_result_are_not_http_coupled (test_turnover_ledger_uow_contract.TurnoverLedgerUoWContractTests.test_relation_extra_write_facade_command_result_are_not_http_coupled) ... ok
test_relation_extra_write_facade_commits_extra_and_dirty_outbox_in_one_uow (test_turnover_ledger_uow_contract.TurnoverLedgerUoWContractTests.test_relation_extra_write_facade_commits_extra_and_dirty_outbox_in_one_uow) ... ok
test_relation_extra_write_facade_constructor_rejects_application_god_object (test_turnover_ledger_uow_contract.TurnoverLedgerUoWContractTests.test_relation_extra_write_facade_constructor_rejects_application_god_object) ... ok
test_relation_extra_write_facade_normalization_error_prevents_save_and_outbox (test_turnover_ledger_uow_contract.TurnoverLedgerUoWContractTests.test_relation_extra_write_facade_normalization_error_prevents_save_and_outbox) ... ok
test_relation_extra_write_facade_rolls_back_extra_when_dirty_outbox_fails (test_turnover_ledger_uow_contract.TurnoverLedgerUoWContractTests.test_relation_extra_write_facade_rolls_back_extra_when_dirty_outbox_fails) ... ok
test_relation_extra_write_facade_row_provider_receives_normalized_extra (test_turnover_ledger_uow_contract.TurnoverLedgerUoWContractTests.test_relation_extra_write_facade_row_provider_receives_normalized_extra) ... ok
test_relation_extra_write_facade_saves_normalized_extra_not_raw_payload (test_turnover_ledger_uow_contract.TurnoverLedgerUoWContractTests.test_relation_extra_write_facade_saves_normalized_extra_not_raw_payload) ... ok
test_relation_extra_write_facade_uses_row_provider_without_http_coupling (test_turnover_ledger_uow_contract.TurnoverLedgerUoWContractTests.test_relation_extra_write_facade_uses_row_provider_without_http_coupling) ... ok
test_tag_selection_outbox_failure_rolls_back_settings_save_and_audit (test_turnover_ledger_uow_contract.TurnoverLedgerUoWContractTests.test_tag_selection_outbox_failure_rolls_back_settings_save_and_audit) ... ok
test_tag_selection_pure_normalizer_returns_next_selection_without_mutating_settings_snapshot (test_turnover_ledger_uow_contract.TurnoverLedgerUoWContractTests.test_tag_selection_pure_normalizer_returns_next_selection_without_mutating_settings_snapshot) ... ok
test_tag_selection_settings_adapter_rejects_application_god_object (test_turnover_ledger_uow_contract.TurnoverLedgerUoWContractTests.test_tag_selection_settings_adapter_rejects_application_god_object) ... ok
test_tag_selection_settings_adapter_saves_snapshot_and_audit_with_supplied_transaction (test_turnover_ledger_uow_contract.TurnoverLedgerUoWContractTests.test_tag_selection_settings_adapter_saves_snapshot_and_audit_with_supplied_transaction) ... ok
test_tag_selection_settings_port_uses_uow_transaction_before_dirty_outbox (test_turnover_ledger_uow_contract.TurnoverLedgerUoWContractTests.test_tag_selection_settings_port_uses_uow_transaction_before_dirty_outbox) ... ok
test_tag_selection_write_facade_commits_settings_and_dirty_outbox_in_one_uow (test_turnover_ledger_uow_contract.TurnoverLedgerUoWContractTests.test_tag_selection_write_facade_commits_settings_and_dirty_outbox_in_one_uow) ... ok
test_tag_selection_write_facade_normalization_error_prevents_uow_side_effects (test_turnover_ledger_uow_contract.TurnoverLedgerUoWContractTests.test_tag_selection_write_facade_normalization_error_prevents_uow_side_effects) ... ok
test_tag_selection_write_facade_rolls_back_settings_when_dirty_outbox_fails (test_turnover_ledger_uow_contract.TurnoverLedgerUoWContractTests.test_tag_selection_write_facade_rolls_back_settings_when_dirty_outbox_fails) ... ok
test_target_bank_row_tags_facade_passes_idempotency_before_bankdetail_port (test_turnover_ledger_uow_contract.TurnoverLedgerUoWContractTests.test_target_bank_row_tags_facade_passes_idempotency_before_bankdetail_port) ... ok
test_target_bankdetail_write_port_rejects_application_god_object (test_turnover_ledger_uow_contract.TurnoverLedgerUoWContractTests.test_target_bankdetail_write_port_rejects_application_god_object) ... ok
test_target_bankdetail_write_port_updates_category_rebuilds_relations_and_persists (test_turnover_ledger_uow_contract.TurnoverLedgerUoWContractTests.test_target_bankdetail_write_port_updates_category_rebuilds_relations_and_persists) ... ok
test_target_confirm_relation_facade_enqueues_turnover_refresh (test_turnover_ledger_uow_contract.TurnoverLedgerUoWContractTests.test_target_confirm_relation_facade_enqueues_turnover_refresh) ... ok
test_target_confirm_relation_facade_passes_expected_versions_before_repository (test_turnover_ledger_uow_contract.TurnoverLedgerUoWContractTests.test_target_confirm_relation_facade_passes_expected_versions_before_repository) ... ok
test_target_confirm_relation_facade_passes_idempotency_before_repository (test_turnover_ledger_uow_contract.TurnoverLedgerUoWContractTests.test_target_confirm_relation_facade_passes_idempotency_before_repository) ... ok
test_target_confirm_relation_facade_rolls_back_when_dirty_outbox_fails (test_turnover_ledger_uow_contract.TurnoverLedgerUoWContractTests.test_target_confirm_relation_facade_rolls_back_when_dirty_outbox_fails) ... ok
test_target_confirm_relation_facade_uses_relation_port_and_returns_service_payload (test_turnover_ledger_uow_contract.TurnoverLedgerUoWContractTests.test_target_confirm_relation_facade_uses_relation_port_and_returns_service_payload) ... ok
test_target_relation_extra_facade_passes_expected_versions_before_repository (test_turnover_ledger_uow_contract.TurnoverLedgerUoWContractTests.test_target_relation_extra_facade_passes_expected_versions_before_repository) ... ok
test_target_relation_extra_facade_passes_idempotency_before_repository (test_turnover_ledger_uow_contract.TurnoverLedgerUoWContractTests.test_target_relation_extra_facade_passes_idempotency_before_repository) ... ok
test_target_relation_extra_primary_builder_injects_transactional_stale_precondition_port (test_turnover_ledger_uow_contract.TurnoverLedgerUoWContractTests.test_target_relation_extra_primary_builder_injects_transactional_stale_precondition_port) ... ok
test_target_relation_write_port_confirms_and_withdraws_with_supplied_transaction (test_turnover_ledger_uow_contract.TurnoverLedgerUoWContractTests.test_target_relation_write_port_confirms_and_withdraws_with_supplied_transaction) ... ok
test_target_relation_write_port_rejects_application_god_object (test_turnover_ledger_uow_contract.TurnoverLedgerUoWContractTests.test_target_relation_write_port_rejects_application_god_object) ... ok
test_target_tag_selection_facade_passes_idempotency_before_settings_port (test_turnover_ledger_uow_contract.TurnoverLedgerUoWContractTests.test_target_tag_selection_facade_passes_idempotency_before_settings_port) ... ok
test_target_withdraw_relation_facade_cancels_bank_only_workbench_relation (test_turnover_ledger_uow_contract.TurnoverLedgerUoWContractTests.test_target_withdraw_relation_facade_cancels_bank_only_workbench_relation) ... ok
test_target_withdraw_relation_facade_enqueues_turnover_and_workbench_refreshes (test_turnover_ledger_uow_contract.TurnoverLedgerUoWContractTests.test_target_withdraw_relation_facade_enqueues_turnover_and_workbench_refreshes) ... ok
test_target_withdraw_relation_facade_passes_expected_versions_before_repository (test_turnover_ledger_uow_contract.TurnoverLedgerUoWContractTests.test_target_withdraw_relation_facade_passes_expected_versions_before_repository) ... ok
test_target_withdraw_relation_facade_passes_idempotency_before_repository (test_turnover_ledger_uow_contract.TurnoverLedgerUoWContractTests.test_target_withdraw_relation_facade_passes_idempotency_before_repository) ... ok
test_target_withdraw_relation_facade_rejects_after_workbench_relation_is_upgraded (test_turnover_ledger_uow_contract.TurnoverLedgerUoWContractTests.test_target_withdraw_relation_facade_rejects_after_workbench_relation_is_upgraded) ... ok
test_target_withdraw_relation_facade_rolls_back_when_dirty_outbox_fails (test_turnover_ledger_uow_contract.TurnoverLedgerUoWContractTests.test_target_withdraw_relation_facade_rolls_back_when_dirty_outbox_fails) ... ok
test_target_withdraw_relation_facade_uses_relation_port_and_returns_service_payload (test_turnover_ledger_uow_contract.TurnoverLedgerUoWContractTests.test_target_withdraw_relation_facade_uses_relation_port_and_returns_service_payload) ... ok
test_target_zero_difference_closure_facade_writes_turnover_and_workbench_pair_relation (test_turnover_ledger_uow_contract.TurnoverLedgerUoWContractTests.test_target_zero_difference_closure_facade_writes_turnover_and_workbench_pair_relation) ... ok
test_turnover_dirty_outbox_writer_rejects_non_transactional_queue (test_turnover_ledger_uow_contract.TurnoverLedgerUoWContractTests.test_turnover_dirty_outbox_writer_rejects_non_transactional_queue) ... ok
test_turnover_dirty_outbox_writer_uses_transaction_bound_queue_for_each_scope (test_turnover_ledger_uow_contract.TurnoverLedgerUoWContractTests.test_turnover_dirty_outbox_writer_uses_transaction_bound_queue_for_each_scope) ... ok
test_turnover_manual_closure_merges_existing_oa_bank_relations (test_turnover_ledger_uow_contract.TurnoverLedgerUoWContractTests.test_turnover_manual_closure_merges_existing_oa_bank_relations) ... ok
test_turnover_manual_closure_rejects_rows_already_in_turnover_closure (test_turnover_ledger_uow_contract.TurnoverLedgerUoWContractTests.test_turnover_manual_closure_rejects_rows_already_in_turnover_closure) ... ok
test_turnover_workbench_pair_port_delegates_cash_closure_withdraw_to_relation_command_service (test_turnover_ledger_uow_contract.TurnoverLedgerUoWContractTests.test_turnover_workbench_pair_port_delegates_cash_closure_withdraw_to_relation_command_service) ... ok
test_turnover_workbench_pair_port_delegates_manual_closure_to_relation_command_service (test_turnover_ledger_uow_contract.TurnoverLedgerUoWContractTests.test_turnover_workbench_pair_port_delegates_manual_closure_to_relation_command_service) ... ok
test_turnover_workbench_pair_port_delegates_manual_closure_withdraw_to_relation_command_service (test_turnover_ledger_uow_contract.TurnoverLedgerUoWContractTests.test_turnover_workbench_pair_port_delegates_manual_closure_withdraw_to_relation_command_service) ... ok
test_turnover_workbench_pair_port_requires_relation_command_service_for_cash_closure_withdraw (test_turnover_ledger_uow_contract.TurnoverLedgerUoWContractTests.test_turnover_workbench_pair_port_requires_relation_command_service_for_cash_closure_withdraw) ... ok
test_turnover_workbench_pair_port_requires_relation_command_service_for_manual_closure (test_turnover_ledger_uow_contract.TurnoverLedgerUoWContractTests.test_turnover_workbench_pair_port_requires_relation_command_service_for_manual_closure) ... ok
test_turnover_workbench_pair_port_requires_relation_command_service_for_manual_closure_withdraw (test_turnover_ledger_uow_contract.TurnoverLedgerUoWContractTests.test_turnover_workbench_pair_port_requires_relation_command_service_for_manual_closure_withdraw) ... ok
test_turnover_workbench_pair_port_withdraw_restores_merged_oa_bank_relations (test_turnover_ledger_uow_contract.TurnoverLedgerUoWContractTests.test_turnover_workbench_pair_port_withdraw_restores_merged_oa_bank_relations) ... ok
test_uow_constructor_requires_granular_ports_not_application_god_object (test_turnover_ledger_uow_contract.TurnoverLedgerUoWContractTests.test_uow_constructor_requires_granular_ports_not_application_god_object) ... ok
test_withdraw_relation_rejects_stale_or_duplicate_submit_before_handler_runs (test_turnover_ledger_uow_contract.TurnoverLedgerUoWContractTests.test_withdraw_relation_rejects_stale_or_duplicate_submit_before_handler_runs) ... ok
test_borrow_in_partial_repayment_is_suggested_and_not_synced (test_turnover_relation_service.TurnoverRelationServiceTests.test_borrow_in_partial_repayment_is_suggested_and_not_synced) ... ok
test_borrow_in_single_principal_multiple_repayments_unique_closed_is_deterministic (test_turnover_relation_service.TurnoverRelationServiceTests.test_borrow_in_single_principal_multiple_repayments_unique_closed_is_deterministic) ... ok
test_borrow_in_unique_exact_closed_generates_deterministic_relation (test_turnover_relation_service.TurnoverRelationServiceTests.test_borrow_in_unique_exact_closed_generates_deterministic_relation) ... ok
test_borrow_out_multiple_principals_single_collection_unique_closed_is_deterministic (test_turnover_relation_service.TurnoverRelationServiceTests.test_borrow_out_multiple_principals_single_collection_unique_closed_is_deterministic) ... ok
test_borrow_out_unique_exact_closed_generates_deterministic_relation (test_turnover_relation_service.TurnoverRelationServiceTests.test_borrow_out_unique_exact_closed_generates_deterministic_relation) ... ok
test_business_different_category_codes_do_not_mix_into_deterministic_relation (test_turnover_relation_service.TurnoverRelationServiceTests.test_business_different_category_codes_do_not_mix_into_deterministic_relation) ... ok
test_business_unique_exact_closed_generates_deterministic_relation (test_turnover_relation_service.TurnoverRelationServiceTests.test_business_unique_exact_closed_generates_deterministic_relation) ... ok
test_category_family_mapping_covers_personal_company_bank_and_business (test_turnover_relation_service.TurnoverRelationServiceTests.test_category_family_mapping_covers_personal_company_bank_and_business) ... ok
test_confirm_relation_creates_confirmed_synced_relation_and_audit_entry (test_turnover_relation_service.TurnoverRelationServiceTests.test_confirm_relation_creates_confirmed_synced_relation_and_audit_entry) ... ok
test_confirm_relation_rejects_duplicate_confirmed_relation (test_turnover_relation_service.TurnoverRelationServiceTests.test_confirm_relation_rejects_duplicate_confirmed_relation) ... ok
test_confirm_relation_rejects_invalid_direction (test_turnover_relation_service.TurnoverRelationServiceTests.test_confirm_relation_rejects_invalid_direction) ... ok
test_confirm_relation_rejects_mixed_business_category_codes (test_turnover_relation_service.TurnoverRelationServiceTests.test_confirm_relation_rejects_mixed_business_category_codes) ... ok
test_confirm_relation_rejects_single_sided_relation (test_turnover_relation_service.TurnoverRelationServiceTests.test_confirm_relation_rejects_single_sided_relation) ... ok
test_confirm_relation_replaces_deterministic_candidate (test_turnover_relation_service.TurnoverRelationServiceTests.test_confirm_relation_replaces_deterministic_candidate) ... ok
test_confirm_relation_replaces_same_row_system_suggestion (test_turnover_relation_service.TurnoverRelationServiceTests.test_confirm_relation_replaces_same_row_system_suggestion) ... ok
test_confirm_zero_difference_closure_accepts_multiple_bank_rows_zero_delta (test_turnover_relation_service.TurnoverRelationServiceTests.test_confirm_zero_difference_closure_accepts_multiple_bank_rows_zero_delta) ... ok
test_confirm_zero_difference_closure_accepts_source_bank_row_ids (test_turnover_relation_service.TurnoverRelationServiceTests.test_confirm_zero_difference_closure_accepts_source_bank_row_ids) ... ok
test_confirm_zero_difference_closure_creates_manual_closure_audit_entry (test_turnover_relation_service.TurnoverRelationServiceTests.test_confirm_zero_difference_closure_creates_manual_closure_audit_entry) ... ok
test_confirm_zero_difference_closure_rejects_cross_counterparty_rows (test_turnover_relation_service.TurnoverRelationServiceTests.test_confirm_zero_difference_closure_rejects_cross_counterparty_rows) ... ok
test_confirm_zero_difference_closure_rejects_duplicate_row_ids (test_turnover_relation_service.TurnoverRelationServiceTests.test_confirm_zero_difference_closure_rejects_duplicate_row_ids) ... ok
test_confirm_zero_difference_closure_rejects_non_zero_difference (test_turnover_relation_service.TurnoverRelationServiceTests.test_confirm_zero_difference_closure_rejects_non_zero_difference) ... ok
test_confirm_zero_difference_closure_rejects_partial_existing_closure_overlap (test_turnover_relation_service.TurnoverRelationServiceTests.test_confirm_zero_difference_closure_rejects_partial_existing_closure_overlap) ... ok
test_confirm_zero_difference_closure_rejects_same_direction_pair (test_turnover_relation_service.TurnoverRelationServiceTests.test_confirm_zero_difference_closure_rejects_same_direction_pair) ... ok
test_confirm_zero_difference_closure_reuses_exact_existing_closure_rows (test_turnover_relation_service.TurnoverRelationServiceTests.test_confirm_zero_difference_closure_reuses_exact_existing_closure_rows) ... ok
test_confirm_zero_difference_closure_upgrades_existing_confirmed_relation_for_same_rows (test_turnover_relation_service.TurnoverRelationServiceTests.test_confirm_zero_difference_closure_upgrades_existing_confirmed_relation_for_same_rows) ... ok
test_internal_transfer_legacy_tag_does_not_enter_relation (test_turnover_relation_service.TurnoverRelationServiceTests.test_internal_transfer_legacy_tag_does_not_enter_relation) ... ok
test_invalid_direction_generates_conflict_relation_not_synced (test_turnover_relation_service.TurnoverRelationServiceTests.test_invalid_direction_generates_conflict_relation_not_synced) ... ok
test_invalidate_confirmed_relation_marks_conflict_and_not_synced (test_turnover_relation_service.TurnoverRelationServiceTests.test_invalidate_confirmed_relation_marks_conflict_and_not_synced) ... ok
test_invalidate_for_transaction_ids_marks_related_relation_stale_and_not_synced (test_turnover_relation_service.TurnoverRelationServiceTests.test_invalidate_for_transaction_ids_marks_related_relation_stale_and_not_synced) ... ok
test_manual_closure_keeps_remaining_same_counterparty_rows_in_auto_relation (test_turnover_relation_service.TurnoverRelationServiceTests.test_manual_closure_keeps_remaining_same_counterparty_rows_in_auto_relation) ... ok
test_rebuild_suppresses_system_relation_overlapping_active_manual_relation (test_turnover_relation_service.TurnoverRelationServiceTests.test_rebuild_suppresses_system_relation_overlapping_active_manual_relation) ... ok
test_relation_id_is_stable_across_status_and_source (test_turnover_relation_service.TurnoverRelationServiceTests.test_relation_id_is_stable_across_status_and_source) ... ok
test_same_counterparty_multiple_solutions_are_suggested_and_not_synced (test_turnover_relation_service.TurnoverRelationServiceTests.test_same_counterparty_multiple_solutions_are_suggested_and_not_synced) ... ok
test_snapshot_degrades_active_relation_without_both_sides (test_turnover_relation_service.TurnoverRelationServiceTests.test_snapshot_degrades_active_relation_without_both_sides) ... ok
test_snapshot_degrades_overlapping_active_syncable_relations (test_turnover_relation_service.TurnoverRelationServiceTests.test_snapshot_degrades_overlapping_active_syncable_relations) ... ok
test_snapshot_normalizes_sync_to_workbench_by_status_and_preserves_explicit_false (test_turnover_relation_service.TurnoverRelationServiceTests.test_snapshot_normalizes_sync_to_workbench_by_status_and_preserves_explicit_false) ... ok
test_snapshot_round_trips_relations_and_audit_log (test_turnover_relation_service.TurnoverRelationServiceTests.test_snapshot_round_trips_relations_and_audit_log) ... ok
test_withdraw_relation_marks_relation_withdrawn_and_audits (test_turnover_relation_service.TurnoverRelationServiceTests.test_withdraw_relation_marks_relation_withdrawn_and_audits) ... ok
test_deterministic_turnover_relation_does_not_sync_to_workbench_without_manual_closure (test_turnover_workbench_integration.TurnoverWorkbenchIntegrationTests.test_deterministic_turnover_relation_does_not_sync_to_workbench_without_manual_closure) ... ok
test_legacy_confirm_and_withdraw_relation_do_not_sync_to_workbench_grouping (test_turnover_workbench_integration.TurnoverWorkbenchIntegrationTests.test_legacy_confirm_and_withdraw_relation_do_not_sync_to_workbench_grouping) ... ok
test_manual_closure_accepts_source_bank_row_ids_from_grouped_read_model (test_turnover_workbench_integration.TurnoverWorkbenchIntegrationTests.test_manual_closure_accepts_source_bank_row_ids_from_grouped_read_model) ... ok
test_manual_closure_accepts_three_bank_rows_and_keeps_workbench_case_open_until_invoice_exists (test_turnover_workbench_integration.TurnoverWorkbenchIntegrationTests.test_manual_closure_accepts_three_bank_rows_and_keeps_workbench_case_open_until_invoice_exists) ... ok
test_manual_closure_api_accepts_sql_rows_with_zero_category_version (test_turnover_workbench_integration.TurnoverWorkbenchIntegrationTests.test_manual_closure_api_accepts_sql_rows_with_zero_category_version) ... ok
test_manual_closure_merges_existing_oa_bank_relations_and_withdraw_restores_them (test_turnover_workbench_integration.TurnoverWorkbenchIntegrationTests.test_manual_closure_merges_existing_oa_bank_relations_and_withdraw_restores_them) ... ok
test_manual_closure_rejects_non_zero_difference (test_turnover_workbench_integration.TurnoverWorkbenchIntegrationTests.test_manual_closure_rejects_non_zero_difference) ... ok
test_manual_closure_repairs_orphaned_turnover_closure_without_workbench_case (test_turnover_workbench_integration.TurnoverWorkbenchIntegrationTests.test_manual_closure_repairs_orphaned_turnover_closure_without_workbench_case) ... ok
test_manual_closure_requires_mutation_permission (test_turnover_workbench_integration.TurnoverWorkbenchIntegrationTests.test_manual_closure_requires_mutation_permission) ... ok
test_manual_closure_uses_canonical_relation_when_workbench_relation_read_model_is_stale (test_turnover_workbench_integration.TurnoverWorkbenchIntegrationTests.test_manual_closure_uses_canonical_relation_when_workbench_relation_read_model_is_stale) ... ok
test_manual_zero_difference_closure_creates_open_bank_only_workbench_relation_until_invoice_exists (test_turnover_workbench_integration.TurnoverWorkbenchIntegrationTests.test_manual_zero_difference_closure_creates_open_bank_only_workbench_relation_until_invoice_exists) ... ok
test_sql_bank_detail_turnover_rows_keep_legacy_source_ids_for_manual_closure (test_turnover_workbench_integration.TurnoverWorkbenchIntegrationTests.test_sql_bank_detail_turnover_rows_keep_legacy_source_ids_for_manual_closure) ... ok
test_sql_turnover_rows_tolerate_early_startup_before_app_settings_service_is_bound (test_turnover_workbench_integration.TurnoverWorkbenchIntegrationTests.test_sql_turnover_rows_tolerate_early_startup_before_app_settings_service_is_bound) ... ok
test_suggested_partial_turnover_relation_does_not_sync_to_workbench_same_row (test_turnover_workbench_integration.TurnoverWorkbenchIntegrationTests.test_suggested_partial_turnover_relation_does_not_sync_to_workbench_same_row) ... ok
test_turnover_withdraw_bank_only_closure_cancels_workbench_relation (test_turnover_workbench_integration.TurnoverWorkbenchIntegrationTests.test_turnover_withdraw_bank_only_closure_cancels_workbench_relation) ... ok
test_turnover_withdraw_rejects_after_workbench_relation_is_upgraded_to_three_panes (test_turnover_workbench_integration.TurnoverWorkbenchIntegrationTests.test_turnover_withdraw_rejects_after_workbench_relation_is_upgraded_to_three_panes) ... ok
test_etc_batch_oa_bank_mismatch_without_invoice_requires_note (test_workbench_amount_check_service.WorkbenchAmountCheckServiceTests.test_etc_batch_oa_bank_mismatch_without_invoice_requires_note) ... ok
test_explicit_reconciliation_amount_wins_over_legacy_detail_mismatch_fields (test_workbench_amount_check_service.WorkbenchAmountCheckServiceTests.test_explicit_reconciliation_amount_wins_over_legacy_detail_mismatch_fields) ... ok
test_flags_all_totals_when_three_amounts_all_differ (test_workbench_amount_check_service.WorkbenchAmountCheckServiceTests.test_flags_all_totals_when_three_amounts_all_differ) ... ok
test_flags_both_comparable_totals_when_invoice_missing (test_workbench_amount_check_service.WorkbenchAmountCheckServiceTests.test_flags_both_comparable_totals_when_invoice_missing) ... ok
test_flags_only_isolated_invoice_total_when_oa_and_bank_match (test_workbench_amount_check_service.WorkbenchAmountCheckServiceTests.test_flags_only_isolated_invoice_total_when_oa_and_bank_match) ... ok
test_flags_only_isolated_oa_total_when_bank_and_invoice_match (test_workbench_amount_check_service.WorkbenchAmountCheckServiceTests.test_flags_only_isolated_oa_total_when_bank_and_invoice_match) ... ok
test_legacy_oa_detail_sum_is_used_when_header_amount_has_recorded_mismatch (test_workbench_amount_check_service.WorkbenchAmountCheckServiceTests.test_legacy_oa_detail_sum_is_used_when_header_amount_has_recorded_mismatch) ... ok
test_matched_when_all_three_totals_match (test_workbench_amount_check_service.WorkbenchAmountCheckServiceTests.test_matched_when_all_three_totals_match) ... ok
test_missing_total_remains_null_when_persistable (test_workbench_amount_check_service.WorkbenchAmountCheckServiceTests.test_missing_total_remains_null_when_persistable) ... ok
test_oa_reconciliation_amount_overrides_header_amount_for_preview_check (test_workbench_amount_check_service.WorkbenchAmountCheckServiceTests.test_oa_reconciliation_amount_overrides_header_amount_for_preview_check) ... ok
test_payment_relation_uses_payment_bank_total_when_bank_rows_include_receipts (test_workbench_amount_check_service.WorkbenchAmountCheckServiceTests.test_payment_relation_uses_payment_bank_total_when_bank_rows_include_receipts) ... ok
test_unknown_invoice_type_is_not_defaulted_to_payment_direction (test_workbench_amount_check_service.WorkbenchAmountCheckServiceTests.test_unknown_invoice_type_is_not_defaulted_to_payment_direction) ... ok
test_legacy_workbench_endpoints_are_removed (test_workbench_api.WorkbenchApiTests.test_legacy_workbench_endpoints_are_removed) ... ok
test_relation_groups_dedupes_duplicate_relation_row_ids (test_workbench_api.WorkbenchApiTests.test_relation_groups_dedupes_duplicate_relation_row_ids) ... ok
test_build_applies_legacy_grouped_payload_pipeline_in_order (test_workbench_api_payload_assembler.WorkbenchApiPayloadAssemblerTests.test_build_applies_legacy_grouped_payload_pipeline_in_order) ... ok
test_non_dict_read_model_payload_uses_empty_payload (test_workbench_api_payload_assembler.WorkbenchApiPayloadAssemblerTests.test_non_dict_read_model_payload_uses_empty_payload) ... ok
test_cancel_link_replay_and_run_commands_use_explicit_actor_and_tenant_context (test_workbench_auth_context_idempotency.WorkbenchAuthContextIdempotencyTests.test_cancel_link_replay_and_run_commands_use_explicit_actor_and_tenant_context) ... ok
test_confirm_and_cancel_link_delegate_relation_writes_to_command_service_without_uow (test_workbench_auth_context_idempotency.WorkbenchAuthContextIdempotencyTests.test_confirm_and_cancel_link_delegate_relation_writes_to_command_service_without_uow) ... ok
test_confirm_and_cancel_link_fail_fast_without_relation_command_service (test_workbench_auth_context_idempotency.WorkbenchAuthContextIdempotencyTests.test_confirm_and_cancel_link_fail_fast_without_relation_command_service) ... ok
test_confirm_and_cancel_link_map_in_progress_idempotency_to_stable_conflict_payload (test_workbench_auth_context_idempotency.WorkbenchAuthContextIdempotencyTests.test_confirm_and_cancel_link_map_in_progress_idempotency_to_stable_conflict_payload) ... ok
test_confirm_link_command_uses_explicit_actor_and_tenant_context (test_workbench_auth_context_idempotency.WorkbenchAuthContextIdempotencyTests.test_confirm_link_command_uses_explicit_actor_and_tenant_context) ... ok
test_confirm_link_response_returns_operation_freshness_targets_for_affected_scopes (test_workbench_auth_context_idempotency.WorkbenchAuthContextIdempotencyTests.test_confirm_link_response_returns_operation_freshness_targets_for_affected_scopes) ... ok
test_confirm_link_targets_resolved_row_months_when_row_ids_do_not_encode_month (test_workbench_auth_context_idempotency.WorkbenchAuthContextIdempotencyTests.test_confirm_link_targets_resolved_row_months_when_row_ids_do_not_encode_month) ... ok
test_confirm_link_three_pane_operation_projection_uses_paired_groups (test_workbench_auth_context_idempotency.WorkbenchAuthContextIdempotencyTests.test_confirm_link_three_pane_operation_projection_uses_paired_groups) ... ok
test_confirm_link_two_pane_operation_projection_uses_open_groups (test_workbench_auth_context_idempotency.WorkbenchAuthContextIdempotencyTests.test_confirm_link_two_pane_operation_projection_uses_open_groups) ... ok
test_confirm_link_uow_preserves_relation_command_freshness_error (test_workbench_auth_context_idempotency.WorkbenchAuthContextIdempotencyTests.test_confirm_link_uow_preserves_relation_command_freshness_error) ... ok
test_personal_advance_repayment_delegates_relation_write_to_command_service (test_workbench_auth_context_idempotency.WorkbenchAuthContextIdempotencyTests.test_personal_advance_repayment_delegates_relation_write_to_command_service) ... ok
test_personal_advance_repayment_fails_fast_without_relation_command_service (test_workbench_auth_context_idempotency.WorkbenchAuthContextIdempotencyTests.test_personal_advance_repayment_fails_fast_without_relation_command_service) ... ok
test_withdraw_link_canonicalizes_legacy_oa_source_ids_and_drops_same_row_restore (test_workbench_auth_context_idempotency.WorkbenchAuthContextIdempotencyTests.test_withdraw_link_canonicalizes_legacy_oa_source_ids_and_drops_same_row_restore) ... ok
test_withdraw_link_preview_and_submit_delegate_to_relation_command_service (test_workbench_auth_context_idempotency.WorkbenchAuthContextIdempotencyTests.test_withdraw_link_preview_and_submit_delegate_to_relation_command_service) ... ok
test_withdraw_link_preview_splits_reconciliation_decision_when_no_active_relation (test_workbench_auth_context_idempotency.WorkbenchAuthContextIdempotencyTests.test_withdraw_link_preview_splits_reconciliation_decision_when_no_active_relation) ... ok
test_withdraw_link_replay_and_run_commands_use_explicit_actor_and_tenant_context (test_workbench_auth_context_idempotency.WorkbenchAuthContextIdempotencyTests.test_withdraw_link_replay_and_run_commands_use_explicit_actor_and_tenant_context) ... ok
test_withdraw_link_response_returns_operation_freshness_targets_for_affected_scopes (test_workbench_auth_context_idempotency.WorkbenchAuthContextIdempotencyTests.test_withdraw_link_response_returns_operation_freshness_targets_for_affected_scopes) ... ok
test_withdraw_link_splits_pure_candidate_group_without_relation_history (test_workbench_auth_context_idempotency.WorkbenchAuthContextIdempotencyTests.test_withdraw_link_splits_pure_candidate_group_without_relation_history) ... ok
test_withdraw_link_submit_suppresses_reconciliation_decision_candidate (test_workbench_auth_context_idempotency.WorkbenchAuthContextIdempotencyTests.test_withdraw_link_submit_suppresses_reconciliation_decision_candidate) ... ok
test_withdraw_link_targets_preview_row_months_when_relation_scope_is_all (test_workbench_auth_context_idempotency.WorkbenchAuthContextIdempotencyTests.test_withdraw_link_targets_preview_row_months_when_relation_scope_is_all) ... ok
test_withdraw_link_uow_path_does_not_read_legacy_pair_snapshot (test_workbench_auth_context_idempotency.WorkbenchAuthContextIdempotencyTests.test_withdraw_link_uow_path_does_not_read_legacy_pair_snapshot) ... ok
test_withdraw_preview_after_groups_unrestored_bank_invoice_rows_individually (test_workbench_auth_context_idempotency.WorkbenchAuthContextIdempotencyTests.test_withdraw_preview_after_groups_unrestored_bank_invoice_rows_individually) ... ok
test_withdraw_preview_filters_same_canonical_alias_after_relation (test_workbench_auth_context_idempotency.WorkbenchAuthContextIdempotencyTests.test_withdraw_preview_filters_same_canonical_alias_after_relation) ... ok
test_workbench_handlers_pass_request_local_oa_session_actor_to_live_write_path (test_workbench_auth_context_idempotency.WorkbenchAuthContextIdempotencyTests.test_workbench_handlers_pass_request_local_oa_session_actor_to_live_write_path) ... ok
test_can_use_cached_payload_applies_mongo_schema_parser_hash_and_summary_gates (test_workbench_cache_read_payload_helper.WorkbenchCacheReadPayloadHelperTests.test_can_use_cached_payload_applies_mongo_schema_parser_hash_and_summary_gates) ... ok
test_can_use_cached_payload_rejects_not_ready_and_offset_rebuild (test_workbench_cache_read_payload_helper.WorkbenchCacheReadPayloadHelperTests.test_can_use_cached_payload_rejects_not_ready_and_offset_rebuild) ... ok
test_can_use_cached_payload_rejects_stale_candidate_hash (test_workbench_cache_read_payload_helper.WorkbenchCacheReadPayloadHelperTests.test_can_use_cached_payload_rejects_stale_candidate_hash) ... ok
test_non_mongo_allows_missing_oa_status (test_workbench_cache_read_payload_helper.WorkbenchCacheReadPayloadHelperTests.test_non_mongo_allows_missing_oa_status) ... ok
test_persist_and_fallback_use_oa_status_gate (test_workbench_cache_read_payload_helper.WorkbenchCacheReadPayloadHelperTests.test_persist_and_fallback_use_oa_status_gate) ... ok
test_bank_flow_rule_batch_collapses_only_when_more_than_three_bank_rows (test_workbench_candidate_grouping.WorkbenchCandidateGroupingTests.test_bank_flow_rule_batch_collapses_only_when_more_than_three_bank_rows) ... ok
test_bank_flow_rule_batch_requires_invoice_before_paired (test_workbench_candidate_grouping.WorkbenchCandidateGroupingTests.test_bank_flow_rule_batch_requires_invoice_before_paired) ... ok
test_bank_flow_rule_batch_requires_oa_and_invoice_before_paired (test_workbench_candidate_grouping.WorkbenchCandidateGroupingTests.test_bank_flow_rule_batch_requires_oa_and_invoice_before_paired) ... ok
test_bank_flow_rule_batch_requires_only_oa_before_paired (test_workbench_candidate_grouping.WorkbenchCandidateGroupingTests.test_bank_flow_rule_batch_requires_only_oa_before_paired) ... ok
test_bank_transaction_missing_policy_defaults_to_full_three_pane_requirement (test_workbench_candidate_grouping.WorkbenchCandidateGroupingTests.test_bank_transaction_missing_policy_defaults_to_full_three_pane_requirement) ... ok
test_candidate_case_oa_attachment_invoices_promote_with_matching_bank (test_workbench_candidate_grouping.WorkbenchCandidateGroupingTests.test_candidate_case_oa_attachment_invoices_promote_with_matching_bank) ... ok
test_candidate_group_merge_requires_unique_complementary_match (test_workbench_candidate_grouping.WorkbenchCandidateGroupingTests.test_candidate_group_merge_requires_unique_complementary_match) ... ok
test_closed_case_relation_projection_groups_as_processed_exception (test_workbench_candidate_grouping.WorkbenchCandidateGroupingTests.test_closed_case_relation_projection_groups_as_processed_exception) ... ok
test_conflicting_three_way_candidate_combinations_do_not_appear_as_paired (test_workbench_candidate_grouping.WorkbenchCandidateGroupingTests.test_conflicting_three_way_candidate_combinations_do_not_appear_as_paired) ... ok
test_demotes_existing_two_type_case_id_rows_back_to_open_section (test_workbench_candidate_grouping.WorkbenchCandidateGroupingTests.test_demotes_existing_two_type_case_id_rows_back_to_open_section) ... ok
test_demotes_single_sided_internal_transfer_row_back_to_open_section (test_workbench_candidate_grouping.WorkbenchCandidateGroupingTests.test_demotes_single_sided_internal_transfer_row_back_to_open_section) ... ok
test_demotes_single_type_paired_invoice_group_back_to_open (test_workbench_candidate_grouping.WorkbenchCandidateGroupingTests.test_demotes_single_type_paired_invoice_group_back_to_open) ... ok
test_does_not_attach_non_candidate_oa_attachment_invoice_to_candidate_source_group (test_workbench_candidate_grouping.WorkbenchCandidateGroupingTests.test_does_not_attach_non_candidate_oa_attachment_invoice_to_candidate_source_group) ... ok
test_does_not_group_open_rows_by_fuzzy_amount_bucket (test_workbench_candidate_grouping.WorkbenchCandidateGroupingTests.test_does_not_group_open_rows_by_fuzzy_amount_bucket) ... ok
test_etc_batch_oa_bank_group_auto_closes_without_invoice (test_workbench_candidate_grouping.WorkbenchCandidateGroupingTests.test_etc_batch_oa_bank_group_auto_closes_without_invoice) ... ok
test_group_row_serialization_does_not_mutate_input_row_top_level (test_workbench_candidate_grouping.WorkbenchCandidateGroupingTests.test_group_row_serialization_does_not_mutate_input_row_top_level) ... ok
test_groups_aggregated_oa_with_empty_counterparty_when_invoice_subset_is_unique (test_workbench_candidate_grouping.WorkbenchCandidateGroupingTests.test_groups_aggregated_oa_with_empty_counterparty_when_invoice_subset_is_unique) ... ok
test_groups_aggregated_oa_with_manual_imported_invoice_sum (test_workbench_candidate_grouping.WorkbenchCandidateGroupingTests.test_groups_aggregated_oa_with_manual_imported_invoice_sum) ... ok
test_ignored_oa_attachment_invoice_does_not_enter_source_group (test_workbench_candidate_grouping.WorkbenchCandidateGroupingTests.test_ignored_oa_attachment_invoice_does_not_enter_source_group) ... ok
test_internal_transfer_no_oa_summary_uses_business_amount_not_bank_row_sum (test_workbench_candidate_grouping.WorkbenchCandidateGroupingTests.test_internal_transfer_no_oa_summary_uses_business_amount_not_bank_row_sum) ... ok
test_keeps_ambiguous_many_to_one_as_open_candidate_group (test_workbench_candidate_grouping.WorkbenchCandidateGroupingTests.test_keeps_ambiguous_many_to_one_as_open_candidate_group) ... ok
test_keeps_confirmed_active_bank_invoice_relation_without_oa_in_open_section (test_workbench_candidate_grouping.WorkbenchCandidateGroupingTests.test_keeps_confirmed_active_bank_invoice_relation_without_oa_in_open_section) ... ok
test_keeps_confirmed_active_oa_bank_relation_without_invoice_in_open_section (test_workbench_candidate_grouping.WorkbenchCandidateGroupingTests.test_keeps_confirmed_active_oa_bank_relation_without_invoice_in_open_section) ... ok
test_keeps_confirmed_active_oa_invoice_relation_without_bank_in_open_section (test_workbench_candidate_grouping.WorkbenchCandidateGroupingTests.test_keeps_confirmed_active_oa_invoice_relation_without_bank_in_open_section) ... ok
test_keeps_confirmed_active_three_pane_relation_in_paired_section (test_workbench_candidate_grouping.WorkbenchCandidateGroupingTests.test_keeps_confirmed_active_three_pane_relation_in_paired_section) ... ok
test_keeps_exact_open_case_bank_invoice_group_in_open_until_oa_exists (test_workbench_candidate_grouping.WorkbenchCandidateGroupingTests.test_keeps_exact_open_case_bank_invoice_group_in_open_until_oa_exists) ... ok
test_keeps_exact_open_case_oa_bank_group_in_open_until_invoice_exists (test_workbench_candidate_grouping.WorkbenchCandidateGroupingTests.test_keeps_exact_open_case_oa_bank_group_in_open_until_invoice_exists) ... ok
test_keeps_immutable_oa_attachment_binding_open_without_bank_transaction (test_workbench_candidate_grouping.WorkbenchCandidateGroupingTests.test_keeps_immutable_oa_attachment_binding_open_without_bank_transaction) ... ok
test_keeps_internal_transfer_pair_together_in_paired_section_only_when_both_bank_rows_exist (test_workbench_candidate_grouping.WorkbenchCandidateGroupingTests.test_keeps_internal_transfer_pair_together_in_paired_section_only_when_both_bank_rows_exist) ... ok
test_keeps_no_oa_bank_batch_relation_rows_in_paired_case_group (test_workbench_candidate_grouping.WorkbenchCandidateGroupingTests.test_keeps_no_oa_bank_batch_relation_rows_in_paired_case_group) ... ok
test_keeps_oa_and_multiple_invoices_open_when_bank_transaction_is_missing (test_workbench_candidate_grouping.WorkbenchCandidateGroupingTests.test_keeps_oa_and_multiple_invoices_open_when_bank_transaction_is_missing) ... ok
test_keeps_oa_bank_candidate_group_when_bank_counterparty_is_payee_prefix (test_workbench_candidate_grouping.WorkbenchCandidateGroupingTests.test_keeps_oa_bank_candidate_group_when_bank_counterparty_is_payee_prefix) ... ok
test_keeps_same_counterparty_bank_invoice_candidate_case_group_together (test_workbench_candidate_grouping.WorkbenchCandidateGroupingTests.test_keeps_same_counterparty_bank_invoice_candidate_case_group_together) ... ok
test_keeps_same_counterparty_oa_multi_invoice_sum_candidate_case_group_together (test_workbench_candidate_grouping.WorkbenchCandidateGroupingTests.test_keeps_same_counterparty_oa_multi_invoice_sum_candidate_case_group_together) ... ok
test_keeps_single_bank_salary_auto_match_in_paired_section (test_workbench_candidate_grouping.WorkbenchCandidateGroupingTests.test_keeps_single_bank_salary_auto_match_in_paired_section) ... ok
test_legacy_override_exception_still_displays_in_open_section (test_workbench_candidate_grouping.WorkbenchCandidateGroupingTests.test_legacy_override_exception_still_displays_in_open_section) ... ok
test_manual_confirmed_pair_relation_takes_precedence_over_automatic_candidate_shape (test_workbench_candidate_grouping.WorkbenchCandidateGroupingTests.test_manual_confirmed_pair_relation_takes_precedence_over_automatic_candidate_shape) ... ok
test_mixed_no_oa_and_manual_relation_group_does_not_collapse (test_workbench_candidate_grouping.WorkbenchCandidateGroupingTests.test_mixed_no_oa_and_manual_relation_group_does_not_collapse) ... ok
test_no_oa_bank_batch_group_collapses_to_summary_and_preserves_bank_rows (test_workbench_candidate_grouping.WorkbenchCandidateGroupingTests.test_no_oa_bank_batch_group_collapses_to_summary_and_preserves_bank_rows) ... ok
test_no_oa_bank_batch_requires_checked_row_types_before_paired (test_workbench_candidate_grouping.WorkbenchCandidateGroupingTests.test_no_oa_bank_batch_requires_checked_row_types_before_paired) ... ok
test_no_oa_bank_rows_from_different_batches_do_not_collapse_together (test_workbench_candidate_grouping.WorkbenchCandidateGroupingTests.test_no_oa_bank_rows_from_different_batches_do_not_collapse_together) ... ok
test_oa_attachment_invoice_joins_parent_oa_group_after_candidate_grouping (test_workbench_candidate_grouping.WorkbenchCandidateGroupingTests.test_oa_attachment_invoice_joins_parent_oa_group_after_candidate_grouping) ... ok
test_oa_attachment_invoice_stays_standalone_when_source_oa_is_missing (test_workbench_candidate_grouping.WorkbenchCandidateGroupingTests.test_oa_attachment_invoice_stays_standalone_when_source_oa_is_missing) ... ok
test_oa_attachment_invoice_uses_total_with_tax_for_amount_matching (test_workbench_candidate_grouping.WorkbenchCandidateGroupingTests.test_oa_attachment_invoice_uses_total_with_tax_for_amount_matching) ... ok
test_oa_attachment_invoice_with_manual_case_id_is_not_taken_by_source_group (test_workbench_candidate_grouping.WorkbenchCandidateGroupingTests.test_oa_attachment_invoice_with_manual_case_id_is_not_taken_by_source_group) ... ok
test_oa_attachment_source_group_excludes_payment_and_unknown_evidence_from_invoice_rows (test_workbench_candidate_grouping.WorkbenchCandidateGroupingTests.test_oa_attachment_source_group_excludes_payment_and_unknown_evidence_from_invoice_rows) ... ok
test_oa_attachment_source_group_matches_expense_item_to_parent_oa (test_workbench_candidate_grouping.WorkbenchCandidateGroupingTests.test_oa_attachment_source_group_matches_expense_item_to_parent_oa) ... ok
test_oa_attachment_source_groups_248_oa_with_three_attachment_invoices_open (test_workbench_candidate_grouping.WorkbenchCandidateGroupingTests.test_oa_attachment_source_groups_248_oa_with_three_attachment_invoices_open) ... ok
test_oa_attachment_source_groups_292_oa_with_single_attachment_invoice_open (test_workbench_candidate_grouping.WorkbenchCandidateGroupingTests.test_oa_attachment_source_groups_292_oa_with_single_attachment_invoice_open) ... ok
test_oa_exempt_relation_uses_projection_metadata_for_display_tags (test_workbench_candidate_grouping.WorkbenchCandidateGroupingTests.test_oa_exempt_relation_uses_projection_metadata_for_display_tags) ... ok
test_open_exception_case_stays_open_and_candidate_does_not_promote_it (test_workbench_candidate_grouping.WorkbenchCandidateGroupingTests.test_open_exception_case_stays_open_and_candidate_does_not_promote_it) ... ok
test_preserves_automatic_match_label_for_candidate_paired_groups (test_workbench_candidate_grouping.WorkbenchCandidateGroupingTests.test_preserves_automatic_match_label_for_candidate_paired_groups) ... ok
test_promotes_case_less_oa_into_exact_three_way_paired_group (test_workbench_candidate_grouping.WorkbenchCandidateGroupingTests.test_promotes_case_less_oa_into_exact_three_way_paired_group) ... ok
test_promotes_oa_bank_with_multiple_attachment_invoices_when_amounts_close_loop (test_workbench_candidate_grouping.WorkbenchCandidateGroupingTests.test_promotes_oa_bank_with_multiple_attachment_invoices_when_amounts_close_loop) ... ok
test_promotes_unique_three_way_chain_to_paired_group (test_workbench_candidate_grouping.WorkbenchCandidateGroupingTests.test_promotes_unique_three_way_chain_to_paired_group) ... ok
test_separates_same_counterparty_rows_when_amount_buckets_differ (test_workbench_candidate_grouping.WorkbenchCandidateGroupingTests.test_separates_same_counterparty_rows_when_amount_buckets_differ) ... ok
test_single_row_no_oa_bank_batch_stays_as_regular_bank_row (test_workbench_candidate_grouping.WorkbenchCandidateGroupingTests.test_single_row_no_oa_bank_batch_stays_as_regular_bank_row) ... ok
test_skips_aggregated_oa_when_multiple_invoice_subsets_match_amount (test_workbench_candidate_grouping.WorkbenchCandidateGroupingTests.test_skips_aggregated_oa_when_multiple_invoice_subsets_match_amount) ... ok
test_skips_conflicting_aggregated_oa_matches_that_share_invoice_rows (test_workbench_candidate_grouping.WorkbenchCandidateGroupingTests.test_skips_conflicting_aggregated_oa_matches_that_share_invoice_rows) ... ok
test_splits_cross_counterparty_bank_invoice_candidate_case_group (test_workbench_candidate_grouping.WorkbenchCandidateGroupingTests.test_splits_cross_counterparty_bank_invoice_candidate_case_group) ... ok
test_splits_unmatched_rows_out_of_candidate_case_without_losing_exact_pair (test_workbench_candidate_grouping.WorkbenchCandidateGroupingTests.test_splits_unmatched_rows_out_of_candidate_case_without_losing_exact_pair) ... ok
test_candidate_key_is_stable_when_row_id_order_changes (test_workbench_candidate_match_service.WorkbenchCandidateMatchServiceTests.test_candidate_key_is_stable_when_row_id_order_changes) ... ok
test_clear_removes_all_candidates (test_workbench_candidate_match_service.WorkbenchCandidateMatchServiceTests.test_clear_removes_all_candidates) ... ok
test_consumed_and_suppressed_candidates_are_persisted_and_restored (test_workbench_candidate_match_service.WorkbenchCandidateMatchServiceTests.test_consumed_and_suppressed_candidates_are_persisted_and_restored) ... ok
test_consumed_and_suppressed_statuses_normalize_from_snapshot (test_workbench_candidate_match_service.WorkbenchCandidateMatchServiceTests.test_consumed_and_suppressed_statuses_normalize_from_snapshot) ... ok
test_delete_month_and_clear_remove_scope_run_freshness (test_workbench_candidate_match_service.WorkbenchCandidateMatchServiceTests.test_delete_month_and_clear_remove_scope_run_freshness) ... ok
test_delete_month_removes_only_that_month (test_workbench_candidate_match_service.WorkbenchCandidateMatchServiceTests.test_delete_month_removes_only_that_month) ... ok
test_from_snapshot_discards_old_scope_run_schema_versions (test_workbench_candidate_match_service.WorkbenchCandidateMatchServiceTests.test_from_snapshot_discards_old_scope_run_schema_versions) ... ok
test_from_snapshot_upgrades_candidates_from_old_schema_versions (test_workbench_candidate_match_service.WorkbenchCandidateMatchServiceTests.test_from_snapshot_upgrades_candidates_from_old_schema_versions) ... ok
test_list_candidates_by_month_returns_only_matching_month (test_workbench_candidate_match_service.WorkbenchCandidateMatchServiceTests.test_list_candidates_by_month_returns_only_matching_month) ... ok
test_scope_freshness_allows_persisted_source_versions_to_have_newer_metadata_fields (test_workbench_candidate_match_service.WorkbenchCandidateMatchServiceTests.test_scope_freshness_allows_persisted_source_versions_to_have_newer_metadata_fields) ... ok
test_scope_freshness_requires_current_schema_and_matching_source_versions (test_workbench_candidate_match_service.WorkbenchCandidateMatchServiceTests.test_scope_freshness_requires_current_schema_and_matching_source_versions) ... ok
test_snapshot_from_snapshot_round_trip_deepcopies_candidates (test_workbench_candidate_match_service.WorkbenchCandidateMatchServiceTests.test_snapshot_from_snapshot_round_trip_deepcopies_candidates) ... ok
test_upsert_candidate_is_idempotent_for_same_stable_key (test_workbench_candidate_match_service.WorkbenchCandidateMatchServiceTests.test_upsert_candidate_is_idempotent_for_same_stable_key) ... ok
test_build_creates_canonical_invoice_row_with_tags_source_fields_and_summary (test_workbench_canonical_oa_attachment_invoice_row_builder.WorkbenchCanonicalOaAttachmentInvoiceRowBuilderTests.test_build_creates_canonical_invoice_row_with_tags_source_fields_and_summary) ... ok
test_build_uses_input_invoice_label_and_oa_id_fallback (test_workbench_canonical_oa_attachment_invoice_row_builder.WorkbenchCanonicalOaAttachmentInvoiceRowBuilderTests.test_build_uses_input_invoice_label_and_oa_id_fallback) ... ok
test_repair_appends_canonical_invoice_to_source_oa_section_and_refreshes_summary (test_workbench_canonical_oa_attachment_raw_payload_repairer.WorkbenchCanonicalOaAttachmentRawPayloadRepairerTests.test_repair_appends_canonical_invoice_to_source_oa_section_and_refreshes_summary) ... ok
test_repair_matches_oa_attachment_invoice_by_oa_source_alias (test_workbench_canonical_oa_attachment_raw_payload_repairer.WorkbenchCanonicalOaAttachmentRawPayloadRepairerTests.test_repair_matches_oa_attachment_invoice_by_oa_source_alias) ... ok
test_repair_noops_when_payload_has_no_oa_rows (test_workbench_canonical_oa_attachment_raw_payload_repairer.WorkbenchCanonicalOaAttachmentRawPayloadRepairerTests.test_repair_noops_when_payload_has_no_oa_rows) ... ok
test_repair_replaces_existing_invoice_without_appending_duplicate (test_workbench_canonical_oa_attachment_raw_payload_repairer.WorkbenchCanonicalOaAttachmentRawPayloadRepairerTests.test_repair_replaces_existing_invoice_without_appending_duplicate) ... ok
test_collect_evidence_combines_required_read_only_sections (test_workbench_compute_evidence.WorkbenchComputeEvidenceTests.test_collect_evidence_combines_required_read_only_sections) ... ok
test_collect_evidence_reports_missing_sections_without_passing_admission (test_workbench_compute_evidence.WorkbenchComputeEvidenceTests.test_collect_evidence_reports_missing_sections_without_passing_admission) ... ok
test_main_returns_structured_configuration_missing_report (test_workbench_compute_evidence.WorkbenchComputeEvidenceTests.test_main_returns_structured_configuration_missing_report) ... ok
test_db_dirty_queue_claim_failure_does_not_run_legacy_dirty_scopes (test_workbench_dirty_queue_wiring.WorkbenchDirtyQueueWiringTests.test_db_dirty_queue_claim_failure_does_not_run_legacy_dirty_scopes) ... ok
test_db_dirty_queue_empty_claim_does_not_drain_legacy_dirty_scopes (test_workbench_dirty_queue_wiring.WorkbenchDirtyQueueWiringTests.test_db_dirty_queue_empty_claim_does_not_drain_legacy_dirty_scopes) ... ok
test_db_dirty_queue_mark_failure_does_not_fall_back_to_legacy_dirty_scopes (test_workbench_dirty_queue_wiring.WorkbenchDirtyQueueWiringTests.test_db_dirty_queue_mark_failure_does_not_fall_back_to_legacy_dirty_scopes) ... ok
test_db_dirty_queue_write_path_marks_scope_instead_of_inline_matching (test_workbench_dirty_queue_wiring.WorkbenchDirtyQueueWiringTests.test_db_dirty_queue_write_path_marks_scope_instead_of_inline_matching) ... ok
test_deploy_env_includes_dedicated_workbench_matching_worker (test_workbench_dirty_queue_wiring.WorkbenchDirtyQueueWiringTests.test_deploy_env_includes_dedicated_workbench_matching_worker) ... ok
test_dirty_scope_worker_claims_db_queue_and_completes_with_lease_identity (test_workbench_dirty_queue_wiring.WorkbenchDirtyQueueWiringTests.test_dirty_scope_worker_claims_db_queue_and_completes_with_lease_identity) ... ok
test_dirty_scope_worker_fails_db_queue_scope_when_matching_raises (test_workbench_dirty_queue_wiring.WorkbenchDirtyQueueWiringTests.test_dirty_scope_worker_fails_db_queue_scope_when_matching_raises) ... ok
test_exception_apply_api_marks_db_dirty_queue (test_workbench_dirty_queue_wiring.WorkbenchDirtyQueueWiringTests.test_exception_apply_api_marks_db_dirty_queue) ... ok
test_http_server_does_not_start_workbench_dirty_worker_by_default (test_workbench_dirty_queue_wiring.WorkbenchDirtyQueueWiringTests.test_http_server_does_not_start_workbench_dirty_worker_by_default) ... ok
test_import_and_oa_lifecycle_events_mark_expanded_db_dirty_scopes (test_workbench_dirty_queue_wiring.WorkbenchDirtyQueueWiringTests.test_import_and_oa_lifecycle_events_mark_expanded_db_dirty_scopes) ... ok
test_import_state_persistence_uses_lifecycle_domain_scope_overrides (test_workbench_dirty_queue_wiring.WorkbenchDirtyQueueWiringTests.test_import_state_persistence_uses_lifecycle_domain_scope_overrides) ... ok
test_lifecycle_read_model_refreshes_keep_action_name_metadata (test_workbench_dirty_queue_wiring.WorkbenchDirtyQueueWiringTests.test_lifecycle_read_model_refreshes_keep_action_name_metadata) ... ok
test_manual_and_exception_lifecycle_events_mark_expanded_db_dirty_scopes (test_workbench_dirty_queue_wiring.WorkbenchDirtyQueueWiringTests.test_manual_and_exception_lifecycle_events_mark_expanded_db_dirty_scopes) ... ok
test_matching_row_provider_does_not_supplement_historical_pair_relation_rows (test_workbench_dirty_queue_wiring.WorkbenchDirtyQueueWiringTests.test_matching_row_provider_does_not_supplement_historical_pair_relation_rows) ... ok
test_oa_invoice_offset_settings_change_marks_all_available_months_dirty (test_workbench_dirty_queue_wiring.WorkbenchDirtyQueueWiringTests.test_oa_invoice_offset_settings_change_marks_all_available_months_dirty) ... ok
test_pair_relation_lifecycle_metadata_limits_downstream_refreshes (test_workbench_dirty_queue_wiring.WorkbenchDirtyQueueWiringTests.test_pair_relation_lifecycle_metadata_limits_downstream_refreshes) ... ok
test_startup_stale_scan_can_be_enabled_during_application_startup (test_workbench_dirty_queue_wiring.WorkbenchDirtyQueueWiringTests.test_startup_stale_scan_can_be_enabled_during_application_startup) ... ok
test_startup_stale_scan_is_disabled_during_application_startup_by_default (test_workbench_dirty_queue_wiring.WorkbenchDirtyQueueWiringTests.test_startup_stale_scan_is_disabled_during_application_startup_by_default) ... ok
test_startup_stale_scan_marks_available_months_dirty_when_db_queue_exists (test_workbench_dirty_queue_wiring.WorkbenchDirtyQueueWiringTests.test_startup_stale_scan_marks_available_months_dirty_when_db_queue_exists) ... ok
test_startup_stale_scan_skips_fresh_matching_months (test_workbench_dirty_queue_wiring.WorkbenchDirtyQueueWiringTests.test_startup_stale_scan_skips_fresh_matching_months) ... ok
test_worker_cli_exposes_workbench_matching_dirty_queue_options (test_workbench_dirty_queue_wiring.WorkbenchDirtyQueueWiringTests.test_worker_cli_exposes_workbench_matching_dirty_queue_options) ... ok
test_worker_wiring_uses_decoupled_dirty_scope_runner (test_workbench_dirty_queue_wiring.WorkbenchDirtyQueueWiringTests.test_worker_wiring_uses_decoupled_dirty_scope_runner) ... ok
test_feature_flag_remains_default_off_and_opt_in_only (test_workbench_durable_idempotency_rollout.WorkbenchDurableIdempotencyRolloutTests.test_feature_flag_remains_default_off_and_opt_in_only) ... ok
test_readiness_document_keeps_remaining_target_contracts_as_blockers (test_workbench_durable_idempotency_rollout.WorkbenchDurableIdempotencyRolloutTests.test_readiness_document_keeps_remaining_target_contracts_as_blockers) ... ok
test_rollout_readiness_document_exists_and_records_gate_matrix (test_workbench_durable_idempotency_rollout.WorkbenchDurableIdempotencyRolloutTests.test_rollout_readiness_document_exists_and_records_gate_matrix) ... ok
test_apply_auto_oa_exempt_writes_structured_relation_fields (test_workbench_exception_application_service.WorkbenchExceptionApplicationServiceTests.test_apply_auto_oa_exempt_writes_structured_relation_fields) ... ok
test_apply_closed_exception_consumes_overlapping_reconciliation_decisions (test_workbench_exception_application_service.WorkbenchExceptionApplicationServiceTests.test_apply_closed_exception_consumes_overlapping_reconciliation_decisions) ... ok
test_apply_closed_exception_delegates_pair_relation_to_command_service (test_workbench_exception_application_service.WorkbenchExceptionApplicationServiceTests.test_apply_closed_exception_delegates_pair_relation_to_command_service) ... ok
test_apply_manual_oa_exempt_writes_confirmer_timestamp_and_note (test_workbench_exception_application_service.WorkbenchExceptionApplicationServiceTests.test_apply_manual_oa_exempt_writes_confirmer_timestamp_and_note) ... ok
test_apply_open_exception_suppresses_overlapping_reconciliation_decisions (test_workbench_exception_application_service.WorkbenchExceptionApplicationServiceTests.test_apply_open_exception_suppresses_overlapping_reconciliation_decisions) ... ok
test_apply_rejects_active_relation_conflict (test_workbench_exception_application_service.WorkbenchExceptionApplicationServiceTests.test_apply_rejects_active_relation_conflict) ... ok
test_apply_three_party_closed_creates_closed_case_and_pair_relation (test_workbench_exception_application_service.WorkbenchExceptionApplicationServiceTests.test_apply_three_party_closed_creates_closed_case_and_pair_relation) ... ok
test_apply_wait_input_invoice_creates_open_v2_case_without_pair_relation (test_workbench_exception_application_service.WorkbenchExceptionApplicationServiceTests.test_apply_wait_input_invoice_creates_open_v2_case_without_pair_relation) ... ok
test_idempotent_apply_consumes_late_reconciliation_decisions (test_workbench_exception_application_service.WorkbenchExceptionApplicationServiceTests.test_idempotent_apply_consumes_late_reconciliation_decisions) ... ok
test_preview_income_side_with_oa_returns_data_anomaly (test_workbench_exception_application_service.WorkbenchExceptionApplicationServiceTests.test_preview_income_side_with_oa_returns_data_anomaly) ... ok
test_preview_oa_and_expense_bank_missing_invoice_has_no_side_effects (test_workbench_exception_application_service.WorkbenchExceptionApplicationServiceTests.test_preview_oa_and_expense_bank_missing_invoice_has_no_side_effects) ... ok
test_repeated_apply_is_idempotent_for_case_and_relation (test_workbench_exception_application_service.WorkbenchExceptionApplicationServiceTests.test_repeated_apply_is_idempotent_for_case_and_relation) ... ok
test_cancel_exception_cases_marks_cases_cancelled_and_clears_row_index (test_workbench_exception_case_service.WorkbenchExceptionCaseServiceTests.test_cancel_exception_cases_marks_cases_cancelled_and_clears_row_index) ... ok
test_create_case_from_action_writes_v2_fields_and_indexes_open_rows (test_workbench_exception_case_service.WorkbenchExceptionCaseServiceTests.test_create_case_from_action_writes_v2_fields_and_indexes_open_rows) ... ok
test_create_oa_bank_exception_case_indexes_rows (test_workbench_exception_case_service.WorkbenchExceptionCaseServiceTests.test_create_oa_bank_exception_case_indexes_rows) ... ok
test_create_settlement_case_records_audit_without_active_row_index (test_workbench_exception_case_service.WorkbenchExceptionCaseServiceTests.test_create_settlement_case_records_audit_without_active_row_index) ... ok
test_create_single_invoice_exception_case (test_workbench_exception_case_service.WorkbenchExceptionCaseServiceTests.test_create_single_invoice_exception_case) ... ok
test_ignore_and_unignore_invoice_case_status_and_row_index (test_workbench_exception_case_service.WorkbenchExceptionCaseServiceTests.test_ignore_and_unignore_invoice_case_status_and_row_index) ... ok
test_legacy_confirmed_snapshot_restores_as_active_v2_compatible_case (test_workbench_exception_case_service.WorkbenchExceptionCaseServiceTests.test_legacy_confirmed_snapshot_restores_as_active_v2_compatible_case) ... ok
test_snapshot_round_trip_preserves_cases_counter_and_index (test_workbench_exception_case_service.WorkbenchExceptionCaseServiceTests.test_snapshot_round_trip_preserves_cases_counter_and_index) ... ok
test_bank_input_invoice_equal_without_oa_offers_structured_manual_oa_exemption (test_workbench_exception_classifier.WorkbenchExceptionClassifierTests.test_bank_input_invoice_equal_without_oa_offers_structured_manual_oa_exemption) ... ok
test_expense_all_equal_confirms_closed (test_workbench_exception_classifier.WorkbenchExceptionClassifierTests.test_expense_all_equal_confirms_closed) ... ok
test_income_bank_more_than_output_invoice_requests_refund_or_more_invoice (test_workbench_exception_classifier.WorkbenchExceptionClassifierTests.test_income_bank_more_than_output_invoice_requests_refund_or_more_invoice) ... ok
test_income_bank_output_invoice_equal_confirms_income_closed (test_workbench_exception_classifier.WorkbenchExceptionClassifierTests.test_income_bank_output_invoice_equal_confirms_income_closed) ... ok
test_income_selection_with_oa_is_data_anomaly (test_workbench_exception_classifier.WorkbenchExceptionClassifierTests.test_income_selection_with_oa_is_data_anomaly) ... ok
test_oa_bank_equal_greater_than_input_invoice_continues_invoice_chasing (test_workbench_exception_classifier.WorkbenchExceptionClassifierTests.test_oa_bank_equal_greater_than_input_invoice_continues_invoice_chasing) ... ok
test_oa_bank_equal_less_than_input_invoice_requests_owner_confirmation (test_workbench_exception_classifier.WorkbenchExceptionClassifierTests.test_oa_bank_equal_less_than_input_invoice_requests_owner_confirmation) ... ok
test_oa_bank_equal_without_input_invoice_waits_for_invoice (test_workbench_exception_classifier.WorkbenchExceptionClassifierTests.test_oa_bank_equal_without_input_invoice_waits_for_invoice) ... ok
test_only_bank_fee_bank_row_returns_structured_auto_oa_exemption (test_workbench_exception_classifier.WorkbenchExceptionClassifierTests.test_only_bank_fee_bank_row_returns_structured_auto_oa_exemption) ... ok
test_output_invoice_more_than_income_bank_waits_collection (test_workbench_exception_classifier.WorkbenchExceptionClassifierTests.test_output_invoice_more_than_income_bank_waits_collection) ... ok
test_unknown_bank_direction_requires_manual_review (test_workbench_exception_classifier.WorkbenchExceptionClassifierTests.test_unknown_bank_direction_requires_manual_review) ... ok
test_closed_relation_projection_contains_processed_summary_and_oa_exempt_tags (test_workbench_exception_projection.WorkbenchExceptionProjectionServiceTests.test_closed_relation_projection_contains_processed_summary_and_oa_exempt_tags) ... ok
test_open_case_projection_contains_row_override_and_group_metadata (test_workbench_exception_projection.WorkbenchExceptionProjectionServiceTests.test_open_case_projection_contains_row_override_and_group_metadata) ... ok
test_apply_exception_projection_and_clear_restores_base_row_display (test_workbench_exception_projection.WorkbenchOverrideProjectionTests.test_apply_exception_projection_and_clear_restores_base_row_display) ... ok
test_apply_relation_projection_and_clear_by_relation_case (test_workbench_exception_projection.WorkbenchOverrideProjectionTests.test_apply_relation_projection_and_clear_by_relation_case) ... ok
test_legacy_override_survives_projection_clear (test_workbench_exception_projection.WorkbenchOverrideProjectionTests.test_legacy_override_survives_projection_clear) ... ok
test_restore_override_snapshots_best_effort_saves_exception_snapshot (test_workbench_exception_rollback_restore_service.WorkbenchExceptionRollbackRestoreServiceTests.test_restore_override_snapshots_best_effort_saves_exception_snapshot) ... ok
test_restore_pair_snapshots_replaces_exception_and_pair_only (test_workbench_exception_rollback_restore_service.WorkbenchExceptionRollbackRestoreServiceTests.test_restore_pair_snapshots_replaces_exception_and_pair_only) ... ok
test_restore_write_snapshots_replaces_all_services_and_reconfigures (test_workbench_exception_rollback_restore_service.WorkbenchExceptionRollbackRestoreServiceTests.test_restore_write_snapshots_replaces_all_services_and_reconfigures) ... ok
test_bank_invoice_anchor_and_oa_invoice_evidence_upgrade_to_three_way (test_workbench_free_matching_engine.WorkbenchFreeMatchingEngineTests.test_bank_invoice_anchor_and_oa_invoice_evidence_upgrade_to_three_way) ... ok
test_bank_invoice_anchor_does_not_promote_amount_only_oa (test_workbench_free_matching_engine.WorkbenchFreeMatchingEngineTests.test_bank_invoice_anchor_does_not_promote_amount_only_oa) ... ok
test_competing_adjacent_month_invoice_keeps_affected_rows_open (test_workbench_free_matching_engine.WorkbenchFreeMatchingEngineTests.test_competing_adjacent_month_invoice_keeps_affected_rows_open) ... ok
test_conflict_open_invoice_decisions_are_owned_by_invoice_month_not_dirty_scope (test_workbench_free_matching_engine.WorkbenchFreeMatchingEngineTests.test_conflict_open_invoice_decisions_are_owned_by_invoice_month_not_dirty_scope) ... ok
test_counterparty_whitespace_uses_fallback_field_for_three_way_match (test_workbench_free_matching_engine.WorkbenchFreeMatchingEngineTests.test_counterparty_whitespace_uses_fallback_field_for_three_way_match) ... ok
test_english_output_invoice_does_not_create_false_expense_three_way_conflict (test_workbench_free_matching_engine.WorkbenchFreeMatchingEngineTests.test_english_output_invoice_does_not_create_false_expense_three_way_conflict) ... ok
test_english_output_invoice_matches_income_bank_by_buyer (test_workbench_free_matching_engine.WorkbenchFreeMatchingEngineTests.test_english_output_invoice_matches_income_bank_by_buyer) ... ok
test_exact_oa_bank_invoice_one_to_one_in_five_month_window_is_paired (test_workbench_free_matching_engine.WorkbenchFreeMatchingEngineTests.test_exact_oa_bank_invoice_one_to_one_in_five_month_window_is_paired) ... ok
test_generate_decisions_does_not_mutate_input_rows (test_workbench_free_matching_engine.WorkbenchFreeMatchingEngineTests.test_generate_decisions_does_not_mutate_input_rows) ... ok
test_generate_decisions_only_returns_decisions_owned_by_dirty_scope (test_workbench_free_matching_engine.WorkbenchFreeMatchingEngineTests.test_generate_decisions_only_returns_decisions_owned_by_dirty_scope) ... ok
test_income_bank_and_output_invoice_exact_counterparty_amount_is_paired (test_workbench_free_matching_engine.WorkbenchFreeMatchingEngineTests.test_income_bank_and_output_invoice_exact_counterparty_amount_is_paired) ... ok
test_income_bank_invoice_requires_bank_counterparty_not_summary_only (test_workbench_free_matching_engine.WorkbenchFreeMatchingEngineTests.test_income_bank_invoice_requires_bank_counterparty_not_summary_only) ... ok
test_income_bank_invoice_sum_multiple_combinations_remain_open (test_workbench_free_matching_engine.WorkbenchFreeMatchingEngineTests.test_income_bank_invoice_sum_multiple_combinations_remain_open) ... ok
test_income_bank_invoice_tax_no_subject_evidence_scores_above_name_only (test_workbench_free_matching_engine.WorkbenchFreeMatchingEngineTests.test_income_bank_invoice_tax_no_subject_evidence_scores_above_name_only) ... ok
test_income_bank_matches_multiple_output_invoices_by_exact_sum (test_workbench_free_matching_engine.WorkbenchFreeMatchingEngineTests.test_income_bank_matches_multiple_output_invoices_by_exact_sum) ... ok
test_income_bank_same_score_candidates_remain_open_with_structured_blocker (test_workbench_free_matching_engine.WorkbenchFreeMatchingEngineTests.test_income_bank_same_score_candidates_remain_open_with_structured_blocker) ... ok
test_income_bank_selects_unique_invoice_by_invoice_number_in_remark (test_workbench_free_matching_engine.WorkbenchFreeMatchingEngineTests.test_income_bank_selects_unique_invoice_by_invoice_number_in_remark) ... ok
test_income_bank_summary_buyer_name_supports_scoring_after_subject_match (test_workbench_free_matching_engine.WorkbenchFreeMatchingEngineTests.test_income_bank_summary_buyer_name_supports_scoring_after_subject_match) ... ok
test_multi_oa_multi_bank_multi_invoice_exact_sum_is_paired_when_evidence_connected (test_workbench_free_matching_engine.WorkbenchFreeMatchingEngineTests.test_multi_oa_multi_bank_multi_invoice_exact_sum_is_paired_when_evidence_connected) ... ok
test_multiple_oa_bank_pairs_do_not_pick_one_when_single_invoice_sum_is_ambiguous (test_workbench_free_matching_engine.WorkbenchFreeMatchingEngineTests.test_multiple_oa_bank_pairs_do_not_pick_one_when_single_invoice_sum_is_ambiguous) ... ok
test_multiple_oa_bank_pairs_sum_to_single_invoice_is_paired (test_workbench_free_matching_engine.WorkbenchFreeMatchingEngineTests.test_multiple_oa_bank_pairs_sum_to_single_invoice_is_paired) ... ok
test_multiple_oa_sum_to_single_bank_and_single_invoice_is_paired (test_workbench_free_matching_engine.WorkbenchFreeMatchingEngineTests.test_multiple_oa_sum_to_single_bank_and_single_invoice_is_paired) ... ok
test_multiple_payment_single_invoice_search_is_bounded_for_many_vendor_pairs (test_workbench_free_matching_engine.WorkbenchFreeMatchingEngineTests.test_multiple_payment_single_invoice_search_is_bounded_for_many_vendor_pairs) ... ok
test_oa_attachment_invoice_item_ids_close_three_way_candidate (test_workbench_free_matching_engine.WorkbenchFreeMatchingEngineTests.test_oa_attachment_invoice_item_ids_close_three_way_candidate) ... ok
test_oa_attachment_invoice_parent_can_come_from_derived_id_or_row_id (test_workbench_free_matching_engine.WorkbenchFreeMatchingEngineTests.test_oa_attachment_invoice_parent_can_come_from_derived_id_or_row_id) ... ok
test_oa_attachment_invoices_pair_with_bank_and_warn_when_invoice_sum_differs (test_workbench_free_matching_engine.WorkbenchFreeMatchingEngineTests.test_oa_attachment_invoices_pair_with_bank_and_warn_when_invoice_sum_differs) ... ok
test_oa_bank_and_oa_invoice_evidence_upgrade_to_single_three_way_decision (test_workbench_free_matching_engine.WorkbenchFreeMatchingEngineTests.test_oa_bank_and_oa_invoice_evidence_upgrade_to_single_three_way_decision) ... ok
test_oa_bank_multiple_invoices_unique_exact_sum_is_paired (test_workbench_free_matching_engine.WorkbenchFreeMatchingEngineTests.test_oa_bank_multiple_invoices_unique_exact_sum_is_paired) ... ok
test_oa_counterparty_name_can_bridge_plain_oa_bank_invoice_match (test_workbench_free_matching_engine.WorkbenchFreeMatchingEngineTests.test_oa_counterparty_name_can_bridge_plain_oa_bank_invoice_match) ... ok
test_real_oa_row_shape_can_use_detail_application_date_as_month (test_workbench_free_matching_engine.WorkbenchFreeMatchingEngineTests.test_real_oa_row_shape_can_use_detail_application_date_as_month) ... ok
test_real_workbench_row_shapes_infer_expenditure_direction_and_amounts (test_workbench_free_matching_engine.WorkbenchFreeMatchingEngineTests.test_real_workbench_row_shapes_infer_expenditure_direction_and_amounts) ... ok
test_repeated_same_amount_without_scheduled_payment_date_remains_conflict (test_workbench_free_matching_engine.WorkbenchFreeMatchingEngineTests.test_repeated_same_amount_without_scheduled_payment_date_remains_conflict) ... ok
test_scheduled_payment_date_resolves_repeated_same_amount_oa_bank_candidates (test_workbench_free_matching_engine.WorkbenchFreeMatchingEngineTests.test_scheduled_payment_date_resolves_repeated_same_amount_oa_bank_candidates) ... ok
test_single_exact_invoice_takes_priority_over_multi_invoice_sum_for_same_payment (test_workbench_free_matching_engine.WorkbenchFreeMatchingEngineTests.test_single_exact_invoice_takes_priority_over_multi_invoice_sum_for_same_payment) ... ok
test_single_oa_bank_exact_amount_takes_priority_over_bank_sum (test_workbench_free_matching_engine.WorkbenchFreeMatchingEngineTests.test_single_oa_bank_exact_amount_takes_priority_over_bank_sum) ... ok
test_single_oa_multiple_bank_sum_rejects_generic_technology_token_only (test_workbench_free_matching_engine.WorkbenchFreeMatchingEngineTests.test_single_oa_multiple_bank_sum_rejects_generic_technology_token_only) ... ok
test_single_oa_multiple_bank_sum_rejects_project_name_only_vendor_token (test_workbench_free_matching_engine.WorkbenchFreeMatchingEngineTests.test_single_oa_multiple_bank_sum_rejects_project_name_only_vendor_token) ... ok
test_single_oa_multiple_bank_transactions_ambiguous_sum_does_not_auto_pair (test_workbench_free_matching_engine.WorkbenchFreeMatchingEngineTests.test_single_oa_multiple_bank_transactions_ambiguous_sum_does_not_auto_pair) ... ok
test_single_oa_multiple_bank_transactions_exact_sum_is_paired (test_workbench_free_matching_engine.WorkbenchFreeMatchingEngineTests.test_single_oa_multiple_bank_transactions_exact_sum_is_paired) ... ok
test_single_oa_multiple_bank_transactions_require_each_bank_evidence (test_workbench_free_matching_engine.WorkbenchFreeMatchingEngineTests.test_single_oa_multiple_bank_transactions_require_each_bank_evidence) ... ok
test_single_oa_multiple_bank_transactions_shared_by_multiple_oas_does_not_auto_pair (test_workbench_free_matching_engine.WorkbenchFreeMatchingEngineTests.test_single_oa_multiple_bank_transactions_shared_by_multiple_oas_does_not_auto_pair) ... ok
test_single_oa_single_bank_multi_invoice_exact_sum_is_paired_without_direct_oa_bank_text (test_workbench_free_matching_engine.WorkbenchFreeMatchingEngineTests.test_single_oa_single_bank_multi_invoice_exact_sum_is_paired_without_direct_oa_bank_text) ... ok
test_three_pane_exact_sum_does_not_promote_amount_only_oa_group (test_workbench_free_matching_engine.WorkbenchFreeMatchingEngineTests.test_three_pane_exact_sum_does_not_promote_amount_only_oa_group) ... ok
test_three_way_conflict_does_not_drop_unrelated_unique_pairing (test_workbench_free_matching_engine.WorkbenchFreeMatchingEngineTests.test_three_way_conflict_does_not_drop_unrelated_unique_pairing) ... ok
test_two_way_fallback_can_return_disjoint_oa_bank_and_oa_invoice_pairs (test_workbench_free_matching_engine.WorkbenchFreeMatchingEngineTests.test_two_way_fallback_can_return_disjoint_oa_bank_and_oa_invoice_pairs) ... ok
test_two_way_fallback_runs_only_after_three_way_cannot_uniquely_form (test_workbench_free_matching_engine.WorkbenchFreeMatchingEngineTests.test_two_way_fallback_runs_only_after_three_way_cannot_uniquely_form) ... ok
test_unknown_invoice_type_is_not_defaulted_to_expenditure (test_workbench_free_matching_engine.WorkbenchFreeMatchingEngineTests.test_unknown_invoice_type_is_not_defaulted_to_expenditure) ... ok
test_group_filters_ignored_rows_and_passes_turnover_relations (test_workbench_group_row_payload_helper.WorkbenchGroupRowPayloadHelperTests.test_group_filters_ignored_rows_and_passes_turnover_relations) ... ok
test_group_tolerates_missing_sections (test_workbench_group_row_payload_helper.WorkbenchGroupRowPayloadHelperTests.test_group_tolerates_missing_sections) ... ok
test_idempotency_record_contract_exposes_required_fields_and_identity (test_workbench_idempotency_contract.WorkbenchDurableIdempotencyContractTests.test_idempotency_record_contract_exposes_required_fields_and_identity) ... ok
test_in_memory_idempotency_repository_does_not_take_over_expired_different_fingerprint_record (test_workbench_idempotency_contract.WorkbenchDurableIdempotencyContractTests.test_in_memory_idempotency_repository_does_not_take_over_expired_different_fingerprint_record) ... ok
test_in_memory_idempotency_repository_mark_failed_sanitizes_failed_payload (test_workbench_idempotency_contract.WorkbenchDurableIdempotencyContractTests.test_in_memory_idempotency_repository_mark_failed_sanitizes_failed_payload) ... ok
test_in_memory_idempotency_repository_reports_existing_reserved_without_overwrite (test_workbench_idempotency_contract.WorkbenchDurableIdempotencyContractTests.test_in_memory_idempotency_repository_reports_existing_reserved_without_overwrite) ... ok
test_in_memory_idempotency_repository_reserves_commits_and_detects_fingerprint_conflict (test_workbench_idempotency_contract.WorkbenchDurableIdempotencyContractTests.test_in_memory_idempotency_repository_reserves_commits_and_detects_fingerprint_conflict) ... ok
test_in_memory_idempotency_repository_takes_over_expired_same_fingerprint_reserved_record (test_workbench_idempotency_contract.WorkbenchDurableIdempotencyContractTests.test_in_memory_idempotency_repository_takes_over_expired_same_fingerprint_reserved_record) ... ok
test_request_fingerprint_is_stable_for_json_order_and_excludes_trace_context (test_workbench_idempotency_contract.WorkbenchDurableIdempotencyContractTests.test_request_fingerprint_is_stable_for_json_order_and_excludes_trace_context) ... ok
test_reserved_expiration_helper_is_deterministic_for_fixed_now (test_workbench_idempotency_contract.WorkbenchDurableIdempotencyContractTests.test_reserved_expiration_helper_is_deterministic_for_fixed_now) ... ok
test_same_key_different_fingerprint_maps_to_409_conflict_payload (test_workbench_idempotency_contract.WorkbenchDurableIdempotencyContractTests.test_same_key_different_fingerprint_maps_to_409_conflict_payload) ... ok
test_same_key_same_fingerprint_failed_maps_to_409_non_retryable_payload (test_workbench_idempotency_contract.WorkbenchDurableIdempotencyContractTests.test_same_key_same_fingerprint_failed_maps_to_409_non_retryable_payload) ... ok
test_same_key_same_fingerprint_in_progress_maps_to_409_retryable_payload (test_workbench_idempotency_contract.WorkbenchDurableIdempotencyContractTests.test_same_key_same_fingerprint_in_progress_maps_to_409_retryable_payload) ... ok
test_uow_rejects_existing_reserved_same_fingerprint_without_handler_or_outbox (test_workbench_idempotency_contract.WorkbenchDurableIdempotencyContractTests.test_uow_rejects_existing_reserved_same_fingerprint_without_handler_or_outbox) ... ok
test_uow_rejects_failed_different_fingerprint_as_conflict_without_handler_or_outbox (test_workbench_idempotency_contract.WorkbenchDurableIdempotencyContractTests.test_uow_rejects_failed_different_fingerprint_as_conflict_without_handler_or_outbox) ... ok
test_uow_rejects_failed_same_fingerprint_without_handler_or_outbox (test_workbench_idempotency_contract.WorkbenchDurableIdempotencyContractTests.test_uow_rejects_failed_same_fingerprint_without_handler_or_outbox) ... ok
test_uow_rejects_same_key_with_different_fingerprint_without_handler_or_outbox (test_workbench_idempotency_contract.WorkbenchDurableIdempotencyContractTests.test_uow_rejects_same_key_with_different_fingerprint_without_handler_or_outbox) ... ok
test_uow_replays_committed_same_fingerprint_without_handler_or_outbox (test_workbench_idempotency_contract.WorkbenchDurableIdempotencyContractTests.test_uow_replays_committed_same_fingerprint_without_handler_or_outbox) ... ok
test_uow_reserves_and_commits_idempotency_record_inside_same_transaction_after_outbox (test_workbench_idempotency_contract.WorkbenchDurableIdempotencyContractTests.test_uow_reserves_and_commits_idempotency_record_inside_same_transaction_after_outbox) ... ok
test_confirm_link_accepts_optional_idempotency_key_without_response_shape_change (test_workbench_idempotency_contract.WorkbenchIdempotencyApiCompatibilityTests.test_confirm_link_accepts_optional_idempotency_key_without_response_shape_change) ... ok
test_missing_sql_view_enqueues_refreshing_contract (test_workbench_legacy_api_sql_read_provider.WorkbenchLegacyApiSqlReadProviderTests.test_missing_sql_view_enqueues_refreshing_contract) ... ok
test_oa_sync_refresh_reason_enqueues_projection_sync (test_workbench_legacy_api_sql_read_provider.WorkbenchLegacyApiSqlReadProviderTests.test_oa_sync_refresh_reason_enqueues_projection_sync) ... ok
test_returns_none_when_repository_has_no_view_port (test_workbench_legacy_api_sql_read_provider.WorkbenchLegacyApiSqlReadProviderTests.test_returns_none_when_repository_has_no_view_port) ... ok
test_sql_view_maps_payload_metadata_and_query_arguments (test_workbench_legacy_api_sql_read_provider.WorkbenchLegacyApiSqlReadProviderTests.test_sql_view_maps_payload_metadata_and_query_arguments) ... ok
test_stale_source_versions_enqueue_refresh (test_workbench_legacy_api_sql_read_provider.WorkbenchLegacyApiSqlReadProviderTests.test_stale_source_versions_enqueue_refresh) ... ok
test_dedupe_rows_by_id_preferring_last_preserves_order_and_passthrough (test_workbench_live_oa_merge_helper.WorkbenchLiveOaMergeHelperTests.test_dedupe_rows_by_id_preferring_last_preserves_order_and_passthrough) ... ok
test_merge_rows_replaces_oa_rows_and_keeps_only_oa_attachment_invoices (test_workbench_live_oa_merge_helper.WorkbenchLiveOaMergeHelperTests.test_merge_rows_replaces_oa_rows_and_keeps_only_oa_attachment_invoices) ... ok
test_merge_rows_uses_ready_status_default (test_workbench_live_oa_merge_helper.WorkbenchLiveOaMergeHelperTests.test_merge_rows_uses_ready_status_default) ... ok
test_build_merges_live_and_oa_payload_then_serializes (test_workbench_live_payload_builder.WorkbenchLivePayloadBuilderTests.test_build_merges_live_and_oa_payload_then_serializes) ... ok
test_non_dict_serialized_payload_returns_empty_payload (test_workbench_live_payload_builder.WorkbenchLivePayloadBuilderTests.test_non_dict_serialized_payload_returns_empty_payload) ... ok
test_mark_dirty_dedupes_months_and_reasons (test_workbench_matching_dirty_scope_service.WorkbenchMatchingDirtyScopeServiceTests.test_mark_dirty_dedupes_months_and_reasons) ... ok
test_requeue_dirty_scopes_increments_attempt_count (test_workbench_matching_dirty_scope_service.WorkbenchMatchingDirtyScopeServiceTests.test_requeue_dirty_scopes_increments_attempt_count) ... ok
test_snapshot_round_trip (test_workbench_matching_dirty_scope_service.WorkbenchMatchingDirtyScopeServiceTests.test_snapshot_round_trip) ... ok
test_take_dirty_scopes_removes_scopes_in_order (test_workbench_matching_dirty_scope_service.WorkbenchMatchingDirtyScopeServiceTests.test_take_dirty_scopes_removes_scopes_in_order) ... ok
test_run_forever_stops_at_max_iterations_without_sleeping_after_final_iteration (test_workbench_matching_dirty_scope_worker.WorkbenchMatchingDirtyScopeWorkerTests.test_run_forever_stops_at_max_iterations_without_sleeping_after_final_iteration) ... ok
test_run_once_fails_scope_and_records_failed_heartbeat_on_exception (test_workbench_matching_dirty_scope_worker.WorkbenchMatchingDirtyScopeWorkerTests.test_run_once_fails_scope_and_records_failed_heartbeat_on_exception) ... ok
test_run_once_marks_stale_completed_scopes_before_claiming_due_scopes (test_workbench_matching_dirty_scope_worker.WorkbenchMatchingDirtyScopeWorkerTests.test_run_once_marks_stale_completed_scopes_before_claiming_due_scopes) ... ok
test_run_once_records_idle_heartbeat_when_no_due_scopes (test_workbench_matching_dirty_scope_worker.WorkbenchMatchingDirtyScopeWorkerTests.test_run_once_records_idle_heartbeat_when_no_due_scopes) ... ok
test_run_once_records_processing_then_completes_scope_and_returns_idle (test_workbench_matching_dirty_scope_worker.WorkbenchMatchingDirtyScopeWorkerTests.test_run_once_records_processing_then_completes_scope_and_returns_idle) ... ok
test_active_exception_case_rows_keep_candidate_evidence_but_suppress_auto_close (test_workbench_matching_orchestrator.WorkbenchMatchingOrchestratorTests.test_active_exception_case_rows_keep_candidate_evidence_but_suppress_auto_close) ... ok
test_active_pair_relation_rows_are_excluded_regardless_of_relation_mode (test_workbench_matching_orchestrator.WorkbenchMatchingOrchestratorTests.test_active_pair_relation_rows_are_excluded_regardless_of_relation_mode) ... ok
test_decision_store_mode_collects_window_rows_and_does_not_write_legacy_candidates (test_workbench_matching_orchestrator.WorkbenchMatchingOrchestratorTests.test_decision_store_mode_collects_window_rows_and_does_not_write_legacy_candidates) ... ok
test_decision_store_mode_persists_oa_bank_exact_sum_decision (test_workbench_matching_orchestrator.WorkbenchMatchingOrchestratorTests.test_decision_store_mode_persists_oa_bank_exact_sum_decision) ... ok
test_decision_store_mode_uses_source_oa_month_for_attachment_invoice_ownership (test_workbench_matching_orchestrator.WorkbenchMatchingOrchestratorTests.test_decision_store_mode_uses_source_oa_month_for_attachment_invoice_ownership) ... ok
test_failure_logs_failed_and_re_raises (test_workbench_matching_orchestrator.WorkbenchMatchingOrchestratorTests.test_failure_logs_failed_and_re_raises) ... ok
test_legacy_mode_excludes_active_relation_rows_in_matching_window (test_workbench_matching_orchestrator.WorkbenchMatchingOrchestratorTests.test_legacy_mode_excludes_active_relation_rows_in_matching_window) ... ok
test_legacy_mode_persists_free_engine_bank_invoice_candidate (test_workbench_matching_orchestrator.WorkbenchMatchingOrchestratorTests.test_legacy_mode_persists_free_engine_bank_invoice_candidate) ... ok
test_legacy_mode_persists_oa_bank_exact_sum_candidate (test_workbench_matching_orchestrator.WorkbenchMatchingOrchestratorTests.test_legacy_mode_persists_oa_bank_exact_sum_candidate) ... ok
test_manual_confirmed_relation_row_ids_are_excluded_from_automatic_candidates (test_workbench_matching_orchestrator.WorkbenchMatchingOrchestratorTests.test_manual_confirmed_relation_row_ids_are_excluded_from_automatic_candidates) ... ok
test_read_model_for_affected_scope_is_invalidated (test_workbench_matching_orchestrator.WorkbenchMatchingOrchestratorTests.test_read_model_for_affected_scope_is_invalidated) ... ok
test_recalculate_one_month_removes_old_candidates_and_upserts_new_candidates (test_workbench_matching_orchestrator.WorkbenchMatchingOrchestratorTests.test_recalculate_one_month_removes_old_candidates_and_upserts_new_candidates) ... ok
test_run_is_idempotent_for_same_scope_and_rows (test_workbench_matching_orchestrator.WorkbenchMatchingOrchestratorTests.test_run_is_idempotent_for_same_scope_and_rows) ... ok
test_source_versions_include_matching_special_and_exception_rules_versions (test_workbench_matching_orchestrator.WorkbenchMatchingOrchestratorTests.test_source_versions_include_matching_special_and_exception_rules_versions) ... ok
test_summary_accumulates_rule_skips_and_reports_month_progress (test_workbench_matching_orchestrator.WorkbenchMatchingOrchestratorTests.test_summary_accumulates_rule_skips_and_reports_month_progress) ... ok
test_summary_counts_auto_closed_and_conflict_candidates (test_workbench_matching_orchestrator.WorkbenchMatchingOrchestratorTests.test_summary_counts_auto_closed_and_conflict_candidates) ... ok
test_bank_invoice_exact_amount_does_not_create_amount_only_review_candidate (test_workbench_matching_rules.WorkbenchMatchingRulesTests.test_bank_invoice_exact_amount_does_not_create_amount_only_review_candidate) ... ok
test_bank_invoice_exact_amount_rejects_real_mismatched_counterparty_regression (test_workbench_matching_rules.WorkbenchMatchingRulesTests.test_bank_invoice_exact_amount_rejects_real_mismatched_counterparty_regression) ... ok
test_bank_invoice_exact_amount_uses_free_matching_engine_code_for_same_counterparty (test_workbench_matching_rules.WorkbenchMatchingRulesTests.test_bank_invoice_exact_amount_uses_free_matching_engine_code_for_same_counterparty) ... ok
test_daily_reimbursement_applicant_matching_bank_counterparty_generates_incomplete_candidate (test_workbench_matching_rules.WorkbenchMatchingRulesTests.test_daily_reimbursement_applicant_matching_bank_counterparty_generates_incomplete_candidate) ... ok
test_every_candidate_can_be_upserted (test_workbench_matching_rules.WorkbenchMatchingRulesTests.test_every_candidate_can_be_upserted) ... ok
test_generic_oa_multi_invoice_rules_exclude_oa_attachment_invoice_subsets (test_workbench_matching_rules.WorkbenchMatchingRulesTests.test_generic_oa_multi_invoice_rules_exclude_oa_attachment_invoice_subsets) ... ok
test_internal_transfer_pair_no_longer_creates_workbench_special_candidate (test_workbench_matching_rules.WorkbenchMatchingRulesTests.test_internal_transfer_pair_no_longer_creates_workbench_special_candidate) ... ok
test_invoice_matching_amount_prefers_total_with_tax_for_imported_invoices (test_workbench_matching_rules.WorkbenchMatchingRulesTests.test_invoice_matching_amount_prefers_total_with_tax_for_imported_invoices) ... ok
test_legacy_candidates_auto_close_income_bank_output_invoice_sum (test_workbench_matching_rules.WorkbenchMatchingRulesTests.test_legacy_candidates_auto_close_income_bank_output_invoice_sum) ... ok
test_legacy_candidates_use_english_output_invoice_buyer_as_counterparty (test_workbench_matching_rules.WorkbenchMatchingRulesTests.test_legacy_candidates_use_english_output_invoice_buyer_as_counterparty) ... ok
test_legacy_candidates_use_free_engine_for_income_bank_output_invoice (test_workbench_matching_rules.WorkbenchMatchingRulesTests.test_legacy_candidates_use_free_engine_for_income_bank_output_invoice) ... ok
test_matching_engine_compatibility_rules_are_generated (test_workbench_matching_rules.WorkbenchMatchingRulesTests.test_matching_engine_compatibility_rules_are_generated) ... ok
test_oa_attachment_invoice_item_source_links_to_parent_oa (test_workbench_matching_rules.WorkbenchMatchingRulesTests.test_oa_attachment_invoice_item_source_links_to_parent_oa) ... ok
test_oa_attachment_invoices_auto_close_tian_style_when_bank_evidence_is_credible (test_workbench_matching_rules.WorkbenchMatchingRulesTests.test_oa_attachment_invoices_auto_close_tian_style_when_bank_evidence_is_credible) ... ok
test_oa_attachment_invoices_do_not_auto_close_with_unrelated_same_amount_bank (test_workbench_matching_rules.WorkbenchMatchingRulesTests.test_oa_attachment_invoices_do_not_auto_close_with_unrelated_same_amount_bank) ... ok
test_oa_attachment_invoices_with_amount_delta_auto_close_when_credible_bank_closes_oa_amount (test_workbench_matching_rules.WorkbenchMatchingRulesTests.test_oa_attachment_invoices_with_amount_delta_auto_close_when_credible_bank_closes_oa_amount) ... ok
test_oa_attachment_invoices_without_bank_generate_incomplete_candidate (test_workbench_matching_rules.WorkbenchMatchingRulesTests.test_oa_attachment_invoices_without_bank_generate_incomplete_candidate) ... ok
test_oa_bank_exact_amount_does_not_randomly_choose_when_one_bank_has_tied_oas (test_workbench_matching_rules.WorkbenchMatchingRulesTests.test_oa_bank_exact_amount_does_not_randomly_choose_when_one_bank_has_tied_oas) ... ok
test_oa_bank_exact_amount_does_not_randomly_choose_when_one_oa_has_tied_banks (test_workbench_matching_rules.WorkbenchMatchingRulesTests.test_oa_bank_exact_amount_does_not_randomly_choose_when_one_oa_has_tied_banks) ... ok
test_oa_bank_exact_amount_rejects_amount_only_generic_batch_reimbursement (test_workbench_matching_rules.WorkbenchMatchingRulesTests.test_oa_bank_exact_amount_rejects_amount_only_generic_batch_reimbursement) ... ok
test_oa_bank_exact_amount_takes_priority_over_bank_sum (test_workbench_matching_rules.WorkbenchMatchingRulesTests.test_oa_bank_exact_amount_takes_priority_over_bank_sum) ... ok
test_oa_bank_exact_amount_uses_scheduled_payment_date_to_resolve_repeated_amount (test_workbench_matching_rules.WorkbenchMatchingRulesTests.test_oa_bank_exact_amount_uses_scheduled_payment_date_to_resolve_repeated_amount) ... ok
test_oa_bank_exact_amount_without_invoice_is_incomplete (test_workbench_matching_rules.WorkbenchMatchingRulesTests.test_oa_bank_exact_amount_without_invoice_is_incomplete) ... ok
test_oa_bank_exact_sum_does_not_claim_same_bank_group_for_multiple_oas (test_workbench_matching_rules.WorkbenchMatchingRulesTests.test_oa_bank_exact_sum_does_not_claim_same_bank_group_for_multiple_oas) ... ok
test_oa_bank_exact_sum_rejects_generic_technology_token_only (test_workbench_matching_rules.WorkbenchMatchingRulesTests.test_oa_bank_exact_sum_rejects_generic_technology_token_only) ... ok
test_oa_bank_exact_sum_rejects_project_name_only_vendor_token (test_workbench_matching_rules.WorkbenchMatchingRulesTests.test_oa_bank_exact_sum_rejects_project_name_only_vendor_token) ... ok
test_oa_bank_exact_sum_requires_every_bank_to_have_oa_bank_evidence (test_workbench_matching_rules.WorkbenchMatchingRulesTests.test_oa_bank_exact_sum_requires_every_bank_to_have_oa_bank_evidence) ... ok
test_oa_bank_exact_sum_requires_unique_combination (test_workbench_matching_rules.WorkbenchMatchingRulesTests.test_oa_bank_exact_sum_requires_unique_combination) ... ok
test_oa_bank_multi_invoice_ambiguous_sum_does_not_auto_close (test_workbench_matching_rules.WorkbenchMatchingRulesTests.test_oa_bank_multi_invoice_ambiguous_sum_does_not_auto_close) ... ok
test_oa_bank_multi_invoice_exact_sum_auto_closes_when_loop_matches (test_workbench_matching_rules.WorkbenchMatchingRulesTests.test_oa_bank_multi_invoice_exact_sum_auto_closes_when_loop_matches) ... ok
test_oa_child_item_matches_invoice_and_keeps_whole_oa_row (test_workbench_matching_rules.WorkbenchMatchingRulesTests.test_oa_child_item_matches_invoice_and_keeps_whole_oa_row) ... ok
test_oa_invoice_offset_auto_match_uses_configured_applicant_and_attachment_link (test_workbench_matching_rules.WorkbenchMatchingRulesTests.test_oa_invoice_offset_auto_match_uses_configured_applicant_and_attachment_link) ... ok
test_oa_multi_invoice_exact_sum_allows_empty_oa_counterparty_when_subset_is_unique (test_workbench_matching_rules.WorkbenchMatchingRulesTests.test_oa_multi_invoice_exact_sum_allows_empty_oa_counterparty_when_subset_is_unique) ... ok
test_oa_multi_invoice_exact_sum_is_bounded_for_many_compatible_rows (test_workbench_matching_rules.WorkbenchMatchingRulesTests.test_oa_multi_invoice_exact_sum_is_bounded_for_many_compatible_rows) ... ok
test_oa_multi_invoice_exact_sum_is_generic_and_incomplete_without_bank (test_workbench_matching_rules.WorkbenchMatchingRulesTests.test_oa_multi_invoice_exact_sum_is_generic_and_incomplete_without_bank) ... ok
test_oa_one_to_many_bank_exact_sum_generates_incomplete_candidate (test_workbench_matching_rules.WorkbenchMatchingRulesTests.test_oa_one_to_many_bank_exact_sum_generates_incomplete_candidate) ... ok
test_payment_application_matching_counterparty_generates_candidate (test_workbench_matching_rules.WorkbenchMatchingRulesTests.test_payment_application_matching_counterparty_generates_candidate) ... ok
test_payment_receipt_attachment_rows_do_not_enter_invoice_matching_rules (test_workbench_matching_rules.WorkbenchMatchingRulesTests.test_payment_receipt_attachment_rows_do_not_enter_invoice_matching_rules) ... ok
test_salary_personal_text_no_longer_creates_workbench_special_candidate (test_workbench_matching_rules.WorkbenchMatchingRulesTests.test_salary_personal_text_no_longer_creates_workbench_special_candidate) ... ok
test_salary_text_does_not_join_auto_closed_conflicts_after_special_rule_removal (test_workbench_matching_rules.WorkbenchMatchingRulesTests.test_salary_text_does_not_join_auto_closed_conflicts_after_special_rule_removal) ... ok
test_sum_match_candidate_cap_records_skipped_summary_without_candidates (test_workbench_matching_rules.WorkbenchMatchingRulesTests.test_sum_match_candidate_cap_records_skipped_summary_without_candidates) ... ok
test_attachment_row_ids_by_oa_id_matches_derived_parent_matcher_and_invoice_id_fallback (test_workbench_oa_attachment_context_row_index.WorkbenchOaAttachmentContextRowIndexTests.test_attachment_row_ids_by_oa_id_matches_derived_parent_matcher_and_invoice_id_fallback) ... ok
test_attachment_row_ids_by_oa_id_matches_oa_source_aliases (test_workbench_oa_attachment_context_row_index.WorkbenchOaAttachmentContextRowIndexTests.test_attachment_row_ids_by_oa_id_matches_oa_source_aliases) ... ok
test_invoice_row_is_attachment_context_requires_invoice_type_and_source_kind (test_workbench_oa_attachment_context_row_index.WorkbenchOaAttachmentContextRowIndexTests.test_invoice_row_is_attachment_context_requires_invoice_type_and_source_kind) ... ok
test_oa_id_from_attachment_invoice_id_prefers_longest_matching_oa_id (test_workbench_oa_attachment_context_row_index.WorkbenchOaAttachmentContextRowIndexTests.test_oa_id_from_attachment_invoice_id_prefers_longest_matching_oa_id) ... ok
test_raw_payload_row_ids_returns_normalized_ids_from_all_panes (test_workbench_oa_attachment_context_row_index.WorkbenchOaAttachmentContextRowIndexTests.test_raw_payload_row_ids_returns_normalized_ids_from_all_panes) ... ok
test_raw_payload_rows_by_id_indexes_rows_from_paired_and_open_sections (test_workbench_oa_attachment_context_row_index.WorkbenchOaAttachmentContextRowIndexTests.test_raw_payload_rows_by_id_indexes_rows_from_paired_and_open_sections) ... ok
test_repair_adds_attachment_to_relation_without_bank_but_skips_dedicated_withdraw_mode (test_workbench_oa_attachment_repair_context_executor.WorkbenchOaAttachmentRepairContextExecutorTests.test_repair_adds_attachment_to_relation_without_bank_but_skips_dedicated_withdraw_mode) ... ok
test_repair_adds_missing_attachment_rows_and_preserves_replace_existing_context (test_workbench_oa_attachment_repair_context_executor.WorkbenchOaAttachmentRepairContextExecutorTests.test_repair_adds_missing_attachment_rows_and_preserves_replace_existing_context) ... ok
test_repair_adds_missing_parent_oa_when_relation_has_bank_and_attachment_invoice (test_workbench_oa_attachment_repair_context_executor.WorkbenchOaAttachmentRepairContextExecutorTests.test_repair_adds_missing_parent_oa_when_relation_has_bank_and_attachment_invoice) ... ok
test_repair_creates_missing_oa_attachment_binding_without_existing_relation (test_workbench_oa_attachment_repair_context_executor.WorkbenchOaAttachmentRepairContextExecutorTests.test_repair_creates_missing_oa_attachment_binding_without_existing_relation) ... ok
test_repair_returns_false_without_payload_rows_or_attachment_context (test_workbench_oa_attachment_repair_context_executor.WorkbenchOaAttachmentRepairContextExecutorTests.test_repair_returns_false_without_payload_rows_or_attachment_context) ... ok
test_oa_row_source_ids_include_mongo_document_alias (test_workbench_oa_attachment_source_link_resolver.WorkbenchOaAttachmentSourceLinkResolverTests.test_oa_row_source_ids_include_mongo_document_alias) ... ok
test_source_link_for_invoice_normalizes_oa_attachment_link_and_fills_derived_id (test_workbench_oa_attachment_source_link_resolver.WorkbenchOaAttachmentSourceLinkResolverTests.test_source_link_for_invoice_normalizes_oa_attachment_link_and_fills_derived_id) ... ok
test_source_link_for_invoice_returns_none_without_matching_source_link (test_workbench_oa_attachment_source_link_resolver.WorkbenchOaAttachmentSourceLinkResolverTests.test_source_link_for_invoice_returns_none_without_matching_source_link) ... ok
test_source_oa_id_for_attachment_link_matches_canonical_workbench_oa_id (test_workbench_oa_attachment_source_link_resolver.WorkbenchOaAttachmentSourceLinkResolverTests.test_source_oa_id_for_attachment_link_matches_canonical_workbench_oa_id) ... ok
test_source_oa_id_for_attachment_link_matches_known_oa_ids (test_workbench_oa_attachment_source_link_resolver.WorkbenchOaAttachmentSourceLinkResolverTests.test_source_oa_id_for_attachment_link_matches_known_oa_ids) ... ok
test_build_returns_desired_relation_for_configured_applicant_attachment_rows (test_workbench_oa_invoice_offset_desired_relation_builder.WorkbenchOaInvoiceOffsetDesiredRelationBuilderTests.test_build_returns_desired_relation_for_configured_applicant_attachment_rows) ... ok
test_build_returns_empty_without_applicant_configuration (test_workbench_oa_invoice_offset_desired_relation_builder.WorkbenchOaInvoiceOffsetDesiredRelationBuilderTests.test_build_returns_empty_without_applicant_configuration) ... ok
test_build_skips_unconfigured_applicant_missing_attachment_and_manual_conflict (test_workbench_oa_invoice_offset_desired_relation_builder.WorkbenchOaInvoiceOffsetDesiredRelationBuilderTests.test_build_skips_unconfigured_applicant_missing_attachment_and_manual_conflict) ... ok
test_build_uses_all_scope_when_related_rows_cross_months (test_workbench_oa_invoice_offset_desired_relation_builder.WorkbenchOaInvoiceOffsetDesiredRelationBuilderTests.test_build_uses_all_scope_when_related_rows_cross_months) ... ok
test_attachment_invoice_rows_for_oa_only_returns_attachment_matches (test_workbench_oa_invoice_offset_rebuild_helper.WorkbenchOaInvoiceOffsetRebuildHelperTests.test_attachment_invoice_rows_for_oa_only_returns_attachment_matches) ... ok
test_cached_payload_does_not_need_rebuild_without_config_or_matching_attachment (test_workbench_oa_invoice_offset_rebuild_helper.WorkbenchOaInvoiceOffsetRebuildHelperTests.test_cached_payload_does_not_need_rebuild_without_config_or_matching_attachment) ... ok
test_open_group_with_configured_applicant_and_attachment_needs_rebuild (test_workbench_oa_invoice_offset_rebuild_helper.WorkbenchOaInvoiceOffsetRebuildHelperTests.test_open_group_with_configured_applicant_and_attachment_needs_rebuild) ... ok
test_paired_group_needs_rebuild_when_offset_metadata_is_missing (test_workbench_oa_invoice_offset_rebuild_helper.WorkbenchOaInvoiceOffsetRebuildHelperTests.test_paired_group_needs_rebuild_when_offset_metadata_is_missing) ... ok
test_paired_group_with_complete_offset_metadata_does_not_need_rebuild (test_workbench_oa_invoice_offset_rebuild_helper.WorkbenchOaInvoiceOffsetRebuildHelperTests.test_paired_group_with_complete_offset_metadata_does_not_need_rebuild) ... ok
test_sync_cancels_stale_active_relation_only_when_current_payload_intersects (test_workbench_oa_invoice_offset_sync_executor.WorkbenchOaInvoiceOffsetSyncExecutorTests.test_sync_cancels_stale_active_relation_only_when_current_payload_intersects) ... ok
test_sync_confirms_missing_desired_relation_and_emits_scope (test_workbench_oa_invoice_offset_sync_executor.WorkbenchOaInvoiceOffsetSyncExecutorTests.test_sync_confirms_missing_desired_relation_and_emits_scope) ... ok
test_sync_does_not_cancel_relation_outside_current_payload (test_workbench_oa_invoice_offset_sync_executor.WorkbenchOaInvoiceOffsetSyncExecutorTests.test_sync_does_not_cancel_relation_outside_current_payload) ... ok
test_sync_skips_when_active_relation_already_matches (test_workbench_oa_invoice_offset_sync_executor.WorkbenchOaInvoiceOffsetSyncExecutorTests.test_sync_skips_when_active_relation_already_matches) ... ok
test_month_scope_serializes_promotes_and_appends_canonical_rows (test_workbench_oa_payload_builder.WorkbenchOaPayloadBuilderTests.test_month_scope_serializes_promotes_and_appends_canonical_rows) ... ok
test_non_dict_serialized_payload_uses_empty_payload_before_append (test_workbench_oa_payload_builder.WorkbenchOaPayloadBuilderTests.test_non_dict_serialized_payload_uses_empty_payload_before_append) ... ok
test_retained_all_branch_skips_normal_get_and_promotion (test_workbench_oa_payload_builder.WorkbenchOaPayloadBuilderTests.test_retained_all_branch_skips_normal_get_and_promotion) ... ok
test_first_month_from_oa_row_uses_first_parseable_candidate (test_workbench_oa_raw_payload_signal_month_helper.WorkbenchOaRawPayloadSignalMonthHelperTests.test_first_month_from_oa_row_uses_first_parseable_candidate) ... ok
test_has_oa_attachment_invoice_signal_detects_tags_and_fields (test_workbench_oa_raw_payload_signal_month_helper.WorkbenchOaRawPayloadSignalMonthHelperTests.test_has_oa_attachment_invoice_signal_detects_tags_and_fields) ... ok
test_months_from_raw_payload_collects_months_from_oa_rows (test_workbench_oa_raw_payload_signal_month_helper.WorkbenchOaRawPayloadSignalMonthHelperTests.test_months_from_raw_payload_collects_months_from_oa_rows) ... ok
test_parse_accepts_iso_date_prefix_and_rejects_invalid_values (test_workbench_oa_retention_date_parser.WorkbenchOaRetentionDateParserTests.test_parse_accepts_iso_date_prefix_and_rejects_invalid_values) ... ok
test_row_date_candidates_reads_oa_and_bank_fields (test_workbench_oa_retention_date_parser.WorkbenchOaRetentionDateParserTests.test_row_date_candidates_reads_oa_and_bank_fields) ... ok
test_row_predicates_use_parseable_candidates (test_workbench_oa_retention_date_parser.WorkbenchOaRetentionDateParserTests.test_row_predicates_use_parseable_candidates) ... ok
test_oa_rows_keep_row_id_identity_without_weak_business_field_merge (test_workbench_object_identity_arbitration.WorkbenchObjectIdentityArbitrationTests.test_oa_rows_keep_row_id_identity_without_weak_business_field_merge) ... ok
test_stable_bank_identity_is_audited_but_not_collapsed_when_all_rows_are_open (test_workbench_object_identity_arbitration.WorkbenchObjectIdentityArbitrationTests.test_stable_bank_identity_is_audited_but_not_collapsed_when_all_rows_are_open) ... ok
test_stable_bank_identity_suppresses_open_alias_when_one_alias_is_paired (test_workbench_object_identity_arbitration.WorkbenchObjectIdentityArbitrationTests.test_stable_bank_identity_suppresses_open_alias_when_one_alias_is_paired) ... ok
test_strong_invoice_identity_suppresses_open_alias_when_any_alias_is_paired (test_workbench_object_identity_arbitration.WorkbenchObjectIdentityArbitrationTests.test_strong_invoice_identity_suppresses_open_alias_when_any_alias_is_paired) ... ok
test_weak_invoice_tax_identity_does_not_suppress_open_rows (test_workbench_object_identity_arbitration.WorkbenchObjectIdentityArbitrationTests.test_weak_invoice_tax_identity_does_not_suppress_open_rows) ... ok
test_known_relation_modes_return_expected_labels (test_workbench_pair_relation_display_policy.WorkbenchPairRelationDisplayPolicyTests.test_known_relation_modes_return_expected_labels) ... ok
test_no_oa_relation_display_delegates_to_policy_port (test_workbench_pair_relation_display_policy.WorkbenchPairRelationDisplayPolicyTests.test_no_oa_relation_display_delegates_to_policy_port) ... ok
test_oa_invoice_offset_label_depends_on_row_type (test_workbench_pair_relation_display_policy.WorkbenchPairRelationDisplayPolicyTests.test_oa_invoice_offset_label_depends_on_row_type) ... ok
test_unknown_relation_mode_defaults_to_fully_linked (test_workbench_pair_relation_display_policy.WorkbenchPairRelationDisplayPolicyTests.test_unknown_relation_mode_defaults_to_fully_linked) ... ok
test_repair_plan_adds_current_attachment_rows_when_relation_has_only_parent_oa (test_workbench_pair_relation_integrity_repair.WorkbenchPairRelationIntegrityRepairTests.test_repair_plan_adds_current_attachment_rows_when_relation_has_only_parent_oa) ... ok
test_repair_plan_adds_item_attachment_rows_to_parent_oa_relation (test_workbench_pair_relation_integrity_repair.WorkbenchPairRelationIntegrityRepairTests.test_repair_plan_adds_item_attachment_rows_to_parent_oa_relation) ... ok
test_repair_plan_cancels_auto_offset_relation_when_oa_source_disappeared (test_workbench_pair_relation_integrity_repair.WorkbenchPairRelationIntegrityRepairTests.test_repair_plan_cancels_auto_offset_relation_when_oa_source_disappeared) ... ok
test_repair_plan_removes_duplicate_row_ids_from_active_relation (test_workbench_pair_relation_integrity_repair.WorkbenchPairRelationIntegrityRepairTests.test_repair_plan_removes_duplicate_row_ids_from_active_relation) ... ok
test_repair_plan_replaces_stale_attachment_rows_with_current_sql_read_model_rows (test_workbench_pair_relation_integrity_repair.WorkbenchPairRelationIntegrityRepairTests.test_repair_plan_replaces_stale_attachment_rows_with_current_sql_read_model_rows) ... ok
test_persist_clears_cache_and_saves_changed_case_snapshot (test_workbench_pair_relation_persist_service.WorkbenchPairRelationPersistServiceTests.test_persist_clears_cache_and_saves_changed_case_snapshot) ... ok
test_schedule_coalesces_pending_case_ids_when_async_workers_overlap (test_workbench_pair_relation_persist_service.WorkbenchPairRelationPersistServiceTests.test_schedule_coalesces_pending_case_ids_when_async_workers_overlap) ... ok
test_schedule_persists_synchronously_when_async_disabled_and_emits_timing (test_workbench_pair_relation_persist_service.WorkbenchPairRelationPersistServiceTests.test_schedule_persists_synchronously_when_async_disabled_and_emits_timing) ... ok
test_restore_replaces_pair_relation_service_reconfigures_and_saves_snapshot (test_workbench_pair_relation_rollback_restore_service.WorkbenchPairRelationRollbackRestoreServiceTests.test_restore_replaces_pair_relation_service_reconfigures_and_saves_snapshot) ... ok
test_restore_swallows_state_store_failure_after_replacing_service (test_workbench_pair_relation_rollback_restore_service.WorkbenchPairRelationRollbackRestoreServiceTests.test_restore_swallows_state_store_failure_after_replacing_service) ... ok
test_cancel_active_relations_for_row_ids_does_not_restore_prior_oa_bank_relation (test_workbench_pair_relation_service.WorkbenchPairRelationServiceTests.test_cancel_active_relations_for_row_ids_does_not_restore_prior_oa_bank_relation) ... ok
test_cancel_relation_marks_relation_cancelled_and_removes_active_lookup (test_workbench_pair_relation_service.WorkbenchPairRelationServiceTests.test_cancel_relation_marks_relation_cancelled_and_removes_active_lookup) ... ok
test_create_active_relation_can_be_looked_up_by_case_id_and_row_id (test_workbench_pair_relation_service.WorkbenchPairRelationServiceTests.test_create_active_relation_can_be_looked_up_by_case_id_and_row_id) ... ok
test_create_active_relation_dedupes_duplicate_row_ids_and_keeps_row_types_aligned (test_workbench_pair_relation_service.WorkbenchPairRelationServiceTests.test_create_active_relation_dedupes_duplicate_row_ids_and_keeps_row_types_aligned) ... ok
test_create_active_relation_rejects_active_case_id_reuse_for_different_rows (test_workbench_pair_relation_service.WorkbenchPairRelationServiceTests.test_create_active_relation_rejects_active_case_id_reuse_for_different_rows) ... ok
test_create_active_relation_rejects_active_row_reuse_by_different_case_id (test_workbench_pair_relation_service.WorkbenchPairRelationServiceTests.test_create_active_relation_rejects_active_row_reuse_by_different_case_id) ... ok
test_create_active_relation_rejects_duplicate_row_id_with_conflicting_type (test_workbench_pair_relation_service.WorkbenchPairRelationServiceTests.test_create_active_relation_rejects_duplicate_row_id_with_conflicting_type) ... ok
test_from_snapshot_dedupes_duplicate_row_ids (test_workbench_pair_relation_service.WorkbenchPairRelationServiceTests.test_from_snapshot_dedupes_duplicate_row_ids) ... ok
test_replace_with_confirmed_relation_does_not_persist_display_only_existing_case_history (test_workbench_pair_relation_service.WorkbenchPairRelationServiceTests.test_replace_with_confirmed_relation_does_not_persist_display_only_existing_case_history) ... ok
test_replace_with_confirmed_relation_does_not_persist_unowned_manual_history (test_workbench_pair_relation_service.WorkbenchPairRelationServiceTests.test_replace_with_confirmed_relation_does_not_persist_unowned_manual_history) ... ok
test_replace_with_confirmed_relation_marks_owned_active_before_relation_as_restorable (test_workbench_pair_relation_service.WorkbenchPairRelationServiceTests.test_replace_with_confirmed_relation_marks_owned_active_before_relation_as_restorable) ... ok
test_snapshot_case_ids_only_deepcopies_requested_relations (test_workbench_pair_relation_service.WorkbenchPairRelationServiceTests.test_snapshot_case_ids_only_deepcopies_requested_relations) ... ok
test_withdraw_ignores_explicit_restorable_snapshot_with_same_row_set (test_workbench_pair_relation_service.WorkbenchPairRelationServiceTests.test_withdraw_ignores_explicit_restorable_snapshot_with_same_row_set) ... ok
test_withdraw_ignores_historical_display_only_existing_case_before_relation (test_workbench_pair_relation_service.WorkbenchPairRelationServiceTests.test_withdraw_ignores_historical_display_only_existing_case_before_relation) ... ok
test_withdraw_ignores_historical_unmarked_manual_before_relation (test_workbench_pair_relation_service.WorkbenchPairRelationServiceTests.test_withdraw_ignores_historical_unmarked_manual_before_relation) ... ok
test_withdraw_ignores_restorable_snapshot_with_same_canonical_alias_row_set (test_workbench_pair_relation_service.WorkbenchPairRelationServiceTests.test_withdraw_ignores_restorable_snapshot_with_same_canonical_alias_row_set) ... ok
test_withdraw_preserves_oa_attachment_binding_without_history (test_workbench_pair_relation_service.WorkbenchPairRelationServiceTests.test_withdraw_preserves_oa_attachment_binding_without_history) ... ok
test_withdraw_preserves_oa_attachment_when_restored_relation_contains_parent_oa (test_workbench_pair_relation_service.WorkbenchPairRelationServiceTests.test_withdraw_preserves_oa_attachment_when_restored_relation_contains_parent_oa) ... ok
test_withdraw_rejects_plain_oa_attachment_binding_relation (test_workbench_pair_relation_service.WorkbenchPairRelationServiceTests.test_withdraw_rejects_plain_oa_attachment_binding_relation) ... ok
test_withdraw_restores_explicit_restorable_previous_relation (test_workbench_pair_relation_service.WorkbenchPairRelationServiceTests.test_withdraw_restores_explicit_restorable_previous_relation) ... ok
test_withdraw_restores_previous_relations_from_turnover_manual_closure_history (test_workbench_pair_relation_service.WorkbenchPairRelationServiceTests.test_withdraw_restores_previous_relations_from_turnover_manual_closure_history) ... ok
test_pair_relation_scheduler_coalesces_case_ids_when_stale_workers_are_skipped (test_workbench_persist_scheduler.WorkbenchPersistSchedulerTests.test_pair_relation_scheduler_coalesces_case_ids_when_stale_workers_are_skipped) ... ok
test_pair_relation_scheduler_persists_synchronously_by_default (test_workbench_persist_scheduler.WorkbenchPersistSchedulerTests.test_pair_relation_scheduler_persists_synchronously_by_default) ... ok
test_get_committed_or_reserved_maps_postgres_row_to_record (test_workbench_postgres_idempotency_repository.WorkbenchPostgresIdempotencyRepositoryTests.test_get_committed_or_reserved_maps_postgres_row_to_record) ... ok
test_server_can_wire_durable_idempotency_repository_behind_explicit_flag (test_workbench_postgres_idempotency_repository.WorkbenchPostgresIdempotencyRepositoryTests.test_server_can_wire_durable_idempotency_repository_behind_explicit_flag) ... ok
test_server_uses_in_memory_idempotency_repository_by_default (test_workbench_postgres_idempotency_repository.WorkbenchPostgresIdempotencyRepositoryTests.test_server_uses_in_memory_idempotency_repository_by_default) ... ok
test_transaction_bound_commit_updates_committed_record_with_sanitized_response (test_workbench_postgres_idempotency_repository.WorkbenchPostgresIdempotencyRepositoryTests.test_transaction_bound_commit_updates_committed_record_with_sanitized_response) ... ok
test_transaction_bound_mark_failed_updates_failed_record_with_sanitized_response (test_workbench_postgres_idempotency_repository.WorkbenchPostgresIdempotencyRepositoryTests.test_transaction_bound_mark_failed_updates_failed_record_with_sanitized_response) ... ok
test_transaction_bound_reserve_reports_existing_reserved_without_nested_transaction (test_workbench_postgres_idempotency_repository.WorkbenchPostgresIdempotencyRepositoryTests.test_transaction_bound_reserve_reports_existing_reserved_without_nested_transaction) ... ok
test_transaction_bound_reserve_reports_expired_reserved_takeover_without_nested_transaction (test_workbench_postgres_idempotency_repository.WorkbenchPostgresIdempotencyRepositoryTests.test_transaction_bound_reserve_reports_expired_reserved_takeover_without_nested_transaction) ... ok
test_transaction_bound_reserve_sanitizes_payload_and_does_not_open_nested_transaction (test_workbench_postgres_idempotency_repository.WorkbenchPostgresIdempotencyRepositoryTests.test_transaction_bound_reserve_sanitizes_payload_and_does_not_open_nested_transaction) ... ok
test_sync_cache_warmup_is_disabled_by_default_and_explicitly_enabled (test_workbench_query_facade.WorkbenchGroupsPageCacheWarmerTests.test_sync_cache_warmup_is_disabled_by_default_and_explicitly_enabled) ... ok
test_warmer_does_not_cache_non_fresh_page_payload (test_workbench_query_facade.WorkbenchGroupsPageCacheWarmerTests.test_warmer_does_not_cache_non_fresh_page_payload) ... ok
test_warmer_sets_version_key_and_homepage_summary_pages (test_workbench_query_facade.WorkbenchGroupsPageCacheWarmerTests.test_warmer_sets_version_key_and_homepage_summary_pages) ... ok
test_group_detail_refreshing_status_does_not_return_stale_group (test_workbench_query_facade.WorkbenchQueryFacadeTests.test_group_detail_refreshing_status_does_not_return_stale_group) ... ok
test_group_detail_stale_source_versions_do_not_return_stale_group (test_workbench_query_facade.WorkbenchQueryFacadeTests.test_group_detail_stale_source_versions_do_not_return_stale_group) ... ok
test_groups_cache_hit_uses_granular_redis_dependency_without_page_query (test_workbench_query_facade.WorkbenchQueryFacadeTests.test_groups_cache_hit_uses_granular_redis_dependency_without_page_query) ... ok
test_groups_query_timeout_returns_retryable_unavailable (test_workbench_query_facade.WorkbenchQueryFacadeTests.test_groups_query_timeout_returns_retryable_unavailable) ... ok
test_groups_refreshing_status_bypasses_and_does_not_write_redis_payload (test_workbench_query_facade.WorkbenchQueryFacadeTests.test_groups_refreshing_status_bypasses_and_does_not_write_redis_payload) ... ok
test_groups_uses_fast_freshness_status_instead_of_heavy_refresh_status (test_workbench_query_facade.WorkbenchQueryFacadeTests.test_groups_uses_fast_freshness_status_instead_of_heavy_refresh_status) ... ok
test_refresh_status_query_timeout_returns_retryable_unavailable (test_workbench_query_facade.WorkbenchQueryFacadeTests.test_refresh_status_query_timeout_returns_retryable_unavailable) ... ok
test_row_detail_reads_sql_row_without_application_live_sync (test_workbench_query_facade.WorkbenchQueryFacadeTests.test_row_detail_reads_sql_row_without_application_live_sync) ... ok
test_summary_missing_payload_enqueues_refresh_without_application_dependency (test_workbench_query_facade.WorkbenchQueryFacadeTests.test_summary_missing_payload_enqueues_refresh_without_application_dependency) ... ok
test_summary_stale_payload_enqueues_refresh (test_workbench_query_facade.WorkbenchQueryFacadeTests.test_summary_stale_payload_enqueues_refresh) ... ok
test_aggregated_expense_claim_row_exposes_detail_fields_tags_and_multiple_attachment_invoices (test_workbench_query_service.WorkbenchQueryServiceTests.test_aggregated_expense_claim_row_exposes_detail_fields_tags_and_multiple_attachment_invoices) ... ok
test_all_workbench_prefers_bulk_oa_read_when_adapter_supports_it (test_workbench_query_service.WorkbenchQueryServiceTests.test_all_workbench_prefers_bulk_oa_read_when_adapter_supports_it) ... ok
test_attachment_evidences_update_oa_detail_without_formal_invoice_projection (test_workbench_query_service.WorkbenchQueryServiceTests.test_attachment_evidences_update_oa_detail_without_formal_invoice_projection) ... ok
test_attachment_invoices_publish_invoice_rows_and_stay_on_oa_detail (test_workbench_query_service.WorkbenchQueryServiceTests.test_attachment_invoices_publish_invoice_rows_and_stay_on_oa_detail) ... ok
test_etc_batch_oa_row_keeps_source_and_waits_only_for_bank (test_workbench_query_service.WorkbenchQueryServiceTests.test_etc_batch_oa_row_keeps_source_and_waits_only_for_bank) ... ok
test_get_oa_row_record_uses_row_id_lookup_without_full_sync_for_all_hint (test_workbench_query_service.WorkbenchQueryServiceTests.test_get_oa_row_record_uses_row_id_lookup_without_full_sync_for_all_hint) ... ok
test_oa_row_uses_project_display_without_polluting_real_project_summary (test_workbench_query_service.WorkbenchQueryServiceTests.test_oa_row_uses_project_display_without_polluting_real_project_summary) ... ok
test_open_invoice_rows_include_ignore_action (test_workbench_query_service.WorkbenchQueryServiceTests.test_open_invoice_rows_include_ignore_action) ... ok
test_payment_receipt_only_oa_row_does_not_get_unparsed_invoice_tag (test_workbench_query_service.WorkbenchQueryServiceTests.test_payment_receipt_only_oa_row_does_not_get_unparsed_invoice_tag) ... ok
test_refreshes_oa_rows_for_month_and_preserves_manual_relation_state (test_workbench_query_service.WorkbenchQueryServiceTests.test_refreshes_oa_rows_for_month_and_preserves_manual_relation_state) ... ok
test_single_source_attachment_invoice_publishes_once_from_expense_item_copy (test_workbench_query_service.WorkbenchQueryServiceTests.test_single_source_attachment_invoice_publishes_once_from_expense_item_copy) ... ok
test_source_bound_attachment_invoice_rows_publish_with_source_context (test_workbench_query_service.WorkbenchQueryServiceTests.test_source_bound_attachment_invoice_rows_publish_with_source_context) ... ok
test_unparsed_attachment_oa_row_gets_unparsed_invoice_tag (test_workbench_query_service.WorkbenchQueryServiceTests.test_unparsed_attachment_oa_row_gets_unparsed_invoice_tag) ... ok
test_live_branch_syncs_and_applies_pair_relations_then_overrides (test_workbench_raw_payload_assembler.WorkbenchRawPayloadAssemblerTests.test_live_branch_syncs_and_applies_pair_relations_then_overrides) ... ok
test_oa_branch_skips_live_sync (test_workbench_raw_payload_assembler.WorkbenchRawPayloadAssemblerTests.test_oa_branch_skips_live_sync) ... ok
test_dedupe_rows_by_id_keeps_first_seen_and_passthrough_rows (test_workbench_raw_payload_mutation_helper.WorkbenchRawPayloadMutationHelperTests.test_dedupe_rows_by_id_keeps_first_seen_and_passthrough_rows) ... ok
test_refresh_summary_counts_rows_and_open_danger_relations (test_workbench_raw_payload_mutation_helper.WorkbenchRawPayloadMutationHelperTests.test_refresh_summary_counts_rows_and_open_danger_relations) ... ok
test_replace_row_returns_false_without_matching_or_valid_id (test_workbench_raw_payload_mutation_helper.WorkbenchRawPayloadMutationHelperTests.test_replace_row_returns_false_without_matching_or_valid_id) ... ok
test_replace_row_serializes_replacement_in_all_sections (test_workbench_raw_payload_mutation_helper.WorkbenchRawPayloadMutationHelperTests.test_replace_row_serializes_replacement_in_all_sections) ... ok
test_delete_read_model_removes_scope (test_workbench_read_model_service.WorkbenchReadModelServiceTests.test_delete_read_model_removes_scope) ... ok
test_from_snapshot_discards_read_models_with_missing_schema_version (test_workbench_read_model_service.WorkbenchReadModelServiceTests.test_from_snapshot_discards_read_models_with_missing_schema_version) ... ok
test_from_snapshot_discards_read_models_with_old_schema_version (test_workbench_read_model_service.WorkbenchReadModelServiceTests.test_from_snapshot_discards_read_models_with_old_schema_version) ... ok
test_list_scope_keys_returns_current_scopes (test_workbench_read_model_service.WorkbenchReadModelServiceTests.test_list_scope_keys_returns_current_scopes) ... ok
test_read_model_is_stale_when_case_snapshot_version_changes (test_workbench_read_model_service.WorkbenchReadModelServiceTests.test_read_model_is_stale_when_case_snapshot_version_changes) ... ok
test_read_model_is_stale_when_relation_snapshot_version_changes (test_workbench_read_model_service.WorkbenchReadModelServiceTests.test_read_model_is_stale_when_relation_snapshot_version_changes) ... ok
test_snapshot_scope_keys_only_deepcopies_requested_models (test_workbench_read_model_service.WorkbenchReadModelServiceTests.test_snapshot_scope_keys_only_deepcopies_requested_models) ... ok
test_snapshot_version_changes_when_payload_changes (test_workbench_read_model_service.WorkbenchReadModelServiceTests.test_snapshot_version_changes_when_payload_changes) ... ok
test_upsert_read_model_can_be_looked_up_by_scope (test_workbench_read_model_service.WorkbenchReadModelServiceTests.test_upsert_read_model_can_be_looked_up_by_scope) ... ok
test_execute_expires_only_planned_invalid_decisions (test_workbench_reconciliation_decision_cleanup.WorkbenchReconciliationDecisionCleanupServiceTests.test_execute_expires_only_planned_invalid_decisions) ... ok
test_plan_expires_decisions_overlapping_active_relations (test_workbench_reconciliation_decision_cleanup.WorkbenchReconciliationDecisionCleanupServiceTests.test_plan_expires_decisions_overlapping_active_relations) ... ok
test_plan_expires_decisions_overlapping_submitted_no_oa_batches (test_workbench_reconciliation_decision_cleanup.WorkbenchReconciliationDecisionCleanupServiceTests.test_plan_expires_decisions_overlapping_submitted_no_oa_batches) ... ok
test_plan_expires_oa_bank_exact_sum_with_only_weak_generic_token (test_workbench_reconciliation_decision_cleanup.WorkbenchReconciliationDecisionCleanupServiceTests.test_plan_expires_oa_bank_exact_sum_with_only_weak_generic_token) ... ok
test_plan_expires_oa_bank_exact_sum_with_project_name_only_token (test_workbench_reconciliation_decision_cleanup.WorkbenchReconciliationDecisionCleanupServiceTests.test_plan_expires_oa_bank_exact_sum_with_project_name_only_token) ... ok
test_consume_and_suppress_by_row_ids_update_overlapping_active_decisions (test_workbench_reconciliation_decision_store.WorkbenchReconciliationDecisionStoreTests.test_consume_and_suppress_by_row_ids_update_overlapping_active_decisions) ... ok
test_expire_stale_source_versions_only_marks_changed_scope_decisions (test_workbench_reconciliation_decision_store.WorkbenchReconciliationDecisionStoreTests.test_expire_stale_source_versions_only_marks_changed_scope_decisions) ... ok
test_repository_cleanup_audit_lists_active_relation_overlaps_in_matching_window (test_workbench_reconciliation_decision_store.WorkbenchReconciliationDecisionStoreTests.test_repository_cleanup_audit_lists_active_relation_overlaps_in_matching_window) ... ok
test_repository_cleanup_execute_expires_by_key_and_enqueues_relation_refresh (test_workbench_reconciliation_decision_store.WorkbenchReconciliationDecisionStoreTests.test_repository_cleanup_execute_expires_by_key_and_enqueues_relation_refresh) ... ok
test_repository_expire_missing_enqueues_relation_and_workbench_refresh_for_scope (test_workbench_reconciliation_decision_store.WorkbenchReconciliationDecisionStoreTests.test_repository_expire_missing_enqueues_relation_and_workbench_refresh_for_scope) ... ok
test_repository_expire_stale_enqueues_relation_and_workbench_refresh_for_scope (test_workbench_reconciliation_decision_store.WorkbenchReconciliationDecisionStoreTests.test_repository_expire_stale_enqueues_relation_and_workbench_refresh_for_scope) ... ok
test_repository_lifecycle_updates_use_text_case_ids_and_jsonb_subset_versions (test_workbench_reconciliation_decision_store.WorkbenchReconciliationDecisionStoreTests.test_repository_lifecycle_updates_use_text_case_ids_and_jsonb_subset_versions) ... ok
test_repository_upsert_enqueues_relation_and_workbench_refresh_for_decision_scope (test_workbench_reconciliation_decision_store.WorkbenchReconciliationDecisionStoreTests.test_repository_upsert_enqueues_relation_and_workbench_refresh_for_decision_scope) ... ok
test_upsert_does_not_revive_suppressed_decision (test_workbench_reconciliation_decision_store.WorkbenchReconciliationDecisionStoreTests.test_upsert_does_not_revive_suppressed_decision) ... ok
test_upsert_is_idempotent_by_decision_key_and_list_filters_by_scope_status (test_workbench_reconciliation_decision_store.WorkbenchReconciliationDecisionStoreTests.test_upsert_is_idempotent_by_decision_key_and_list_filters_by_scope_status) ... ok
test_claim_due_scopes_sets_lease_and_reclaims_stale_lease (test_workbench_reconciliation_dirty_queue.WorkbenchReconciliationDirtyQueueTests.test_claim_due_scopes_sets_lease_and_reclaims_stale_lease) ... ok
test_complete_and_fail_require_matching_active_lease_identity (test_workbench_reconciliation_dirty_queue.WorkbenchReconciliationDirtyQueueTests.test_complete_and_fail_require_matching_active_lease_identity) ... ok
test_complete_records_matching_run_lifecycle (test_workbench_reconciliation_dirty_queue.WorkbenchReconciliationDirtyQueueTests.test_complete_records_matching_run_lifecycle) ... ok
test_default_options_match_production_dirty_queue_contract (test_workbench_reconciliation_dirty_queue.WorkbenchReconciliationDirtyQueueTests.test_default_options_match_production_dirty_queue_contract) ... ok
test_fail_retries_with_configurable_backoff_until_max_attempts (test_workbench_reconciliation_dirty_queue.WorkbenchReconciliationDirtyQueueTests.test_fail_retries_with_configurable_backoff_until_max_attempts) ... ok
test_mark_dirty_expands_scope_month_window_and_debounces (test_workbench_reconciliation_dirty_queue.WorkbenchReconciliationDirtyQueueTests.test_mark_dirty_expands_scope_month_window_and_debounces) ... ok
test_mark_stale_completed_scopes_requeues_only_source_version_mismatches (test_workbench_reconciliation_dirty_queue.WorkbenchReconciliationDirtyQueueTests.test_mark_stale_completed_scopes_requeues_only_source_version_mismatches) ... ok
test_repository_claim_wraps_scope_claim_and_run_audit_in_one_transaction (test_workbench_reconciliation_dirty_queue.WorkbenchReconciliationDirtyQueueTests.test_repository_claim_wraps_scope_claim_and_run_audit_in_one_transaction) ... ok
test_repository_complete_and_fail_require_active_lease_identity (test_workbench_reconciliation_dirty_queue.WorkbenchReconciliationDirtyQueueTests.test_repository_complete_and_fail_require_active_lease_identity) ... ok
test_repository_marks_stale_completed_matching_scopes_dirty_atomically (test_workbench_reconciliation_dirty_queue.WorkbenchReconciliationDirtyQueueTests.test_repository_marks_stale_completed_matching_scopes_dirty_atomically) ... ok
test_active_bank_invoice_relation_can_extend_to_matching_oa (test_workbench_reconciliation_engine.WorkbenchReconciliationEngineTests.test_active_bank_invoice_relation_can_extend_to_matching_oa) ... ok
test_active_multi_oa_single_bank_relation_can_extend_to_matching_invoice (test_workbench_reconciliation_engine.WorkbenchReconciliationEngineTests.test_active_multi_oa_single_bank_relation_can_extend_to_matching_invoice) ... ok
test_active_oa_bank_relation_can_extend_to_matching_invoice (test_workbench_reconciliation_engine.WorkbenchReconciliationEngineTests.test_active_oa_bank_relation_can_extend_to_matching_invoice) ... ok
test_active_oa_invoice_relation_can_extend_to_matching_bank (test_workbench_reconciliation_engine.WorkbenchReconciliationEngineTests.test_active_oa_invoice_relation_can_extend_to_matching_bank) ... ok
test_active_relation_rows_in_matching_window_are_excluded_before_matching (test_workbench_reconciliation_engine.WorkbenchReconciliationEngineTests.test_active_relation_rows_in_matching_window_are_excluded_before_matching) ... ok
test_conflicting_free_rows_become_open_decisions_not_paired (test_workbench_reconciliation_engine.WorkbenchReconciliationEngineTests.test_conflicting_free_rows_become_open_decisions_not_paired) ... ok
test_decisions_persist_only_to_primary_scope_month (test_workbench_reconciliation_engine.WorkbenchReconciliationEngineTests.test_decisions_persist_only_to_primary_scope_month) ... ok
test_free_matching_sees_full_t_minus_2_to_t_plus_2_window (test_workbench_reconciliation_engine.WorkbenchReconciliationEngineTests.test_free_matching_sees_full_t_minus_2_to_t_plus_2_window) ... ok
test_income_bank_english_output_invoice_decision_is_persisted (test_workbench_reconciliation_engine.WorkbenchReconciliationEngineTests.test_income_bank_english_output_invoice_decision_is_persisted) ... ok
test_income_bank_output_invoice_decision_is_persisted (test_workbench_reconciliation_engine.WorkbenchReconciliationEngineTests.test_income_bank_output_invoice_decision_is_persisted) ... ok
test_income_bank_output_invoice_open_blocker_is_persisted (test_workbench_reconciliation_engine.WorkbenchReconciliationEngineTests.test_income_bank_output_invoice_open_blocker_is_persisted) ... ok
test_income_bank_output_invoice_sum_decision_is_persisted (test_workbench_reconciliation_engine.WorkbenchReconciliationEngineTests.test_income_bank_output_invoice_sum_decision_is_persisted) ... ok
test_manual_relation_rows_are_excluded_before_matching (test_workbench_reconciliation_engine.WorkbenchReconciliationEngineTests.test_manual_relation_rows_are_excluded_before_matching) ... ok
test_paired_free_decision_creates_active_relation (test_workbench_reconciliation_engine.WorkbenchReconciliationEngineTests.test_paired_free_decision_creates_active_relation) ... ok
test_same_version_decisions_missing_from_current_scope_are_expired (test_workbench_reconciliation_engine.WorkbenchReconciliationEngineTests.test_same_version_decisions_missing_from_current_scope_are_expired) ... ok
test_special_decisions_claim_rows_before_free_matching (test_workbench_reconciliation_engine.WorkbenchReconciliationEngineTests.test_special_decisions_claim_rows_before_free_matching) ... ok
test_special_two_pane_relation_is_not_auto_completed_by_free_decision (test_workbench_reconciliation_engine.WorkbenchReconciliationEngineTests.test_special_two_pane_relation_is_not_auto_completed_by_free_decision) ... ok
test_stale_source_version_decisions_expire_before_upsert (test_workbench_reconciliation_engine.WorkbenchReconciliationEngineTests.test_stale_source_version_decisions_expire_before_upsert) ... ok
test_withdrawn_auto_pair_row_set_is_not_auto_created_again (test_workbench_reconciliation_engine.WorkbenchReconciliationEngineTests.test_withdrawn_auto_pair_row_set_is_not_auto_created_again) ... ok
test_bank_containing_decisions_use_bank_trade_month_as_scope_month (test_workbench_reconciliation_models.WorkbenchReconciliationModelTests.test_bank_containing_decisions_use_bank_trade_month_as_scope_month) ... ok
test_decision_statuses_are_exact_contract_values (test_workbench_reconciliation_models.WorkbenchReconciliationModelTests.test_decision_statuses_are_exact_contract_values) ... ok
test_display_states_are_only_paired_and_open (test_workbench_reconciliation_models.WorkbenchReconciliationModelTests.test_display_states_are_only_paired_and_open) ... ok
test_invoice_amount_mismatch_warning_code_exists (test_workbench_reconciliation_models.WorkbenchReconciliationModelTests.test_invoice_amount_mismatch_warning_code_exists) ... ok
test_match_domains_are_only_free_and_special (test_workbench_reconciliation_models.WorkbenchReconciliationModelTests.test_match_domains_are_only_free_and_special) ... ok
test_model_detaches_mutable_metadata_inputs (test_workbench_reconciliation_models.WorkbenchReconciliationModelTests.test_model_detaches_mutable_metadata_inputs) ... ok
test_model_rejects_invalid_display_state (test_workbench_reconciliation_models.WorkbenchReconciliationModelTests.test_model_rejects_invalid_display_state) ... ok
test_model_serialization_uses_normalized_values (test_workbench_reconciliation_models.WorkbenchReconciliationModelTests.test_model_serialization_uses_normalized_values) ... ok
test_model_serializes_to_plain_repository_dictionary (test_workbench_reconciliation_models.WorkbenchReconciliationModelTests.test_model_serializes_to_plain_repository_dictionary) ... ok
test_month_expansion_returns_five_calendar_months (test_workbench_reconciliation_models.WorkbenchReconciliationModelTests.test_month_expansion_returns_five_calendar_months) ... ok
test_oa_invoice_decisions_without_bank_use_oa_month_as_scope_month (test_workbench_reconciliation_models.WorkbenchReconciliationModelTests.test_oa_invoice_decisions_without_bank_use_oa_month_as_scope_month) ... ok
test_scope_month_resolution_rejects_missing_ownership_inputs (test_workbench_reconciliation_models.WorkbenchReconciliationModelTests.test_scope_month_resolution_rejects_missing_ownership_inputs) ... ok
test_workbench_decision_public_name_matches_reconciliation_decision (test_workbench_reconciliation_models.WorkbenchReconciliationModelTests.test_workbench_decision_public_name_matches_reconciliation_decision) ... ok
test_event_name_maps_canonical_statuses (test_workbench_refresh_status_payload.WorkbenchRefreshStatusPayloadNormalizerTests.test_event_name_maps_canonical_statuses) ... ok
test_failed_dirty_scope_sets_failed_retryable_status_and_version (test_workbench_refresh_status_payload.WorkbenchRefreshStatusPayloadNormalizerTests.test_failed_dirty_scope_sets_failed_retryable_status_and_version) ... ok
test_requeued_failed_scope_is_refreshing_and_not_retryable (test_workbench_refresh_status_payload.WorkbenchRefreshStatusPayloadNormalizerTests.test_requeued_failed_scope_is_refreshing_and_not_retryable) ... ok
test_non_dict_repository_payload_uses_unavailable_fallback (test_workbench_refresh_status_payload_provider.WorkbenchRefreshStatusPayloadProviderTests.test_non_dict_repository_payload_uses_unavailable_fallback) ... ok
test_normalizes_repository_payload_after_source_freshness (test_workbench_refresh_status_payload_provider.WorkbenchRefreshStatusPayloadProviderTests.test_normalizes_repository_payload_after_source_freshness) ... ok
test_unavailable_when_repository_has_no_refresh_status_port (test_workbench_refresh_status_payload_provider.WorkbenchRefreshStatusPayloadProviderTests.test_unavailable_when_repository_has_no_refresh_status_port) ... ok
test_aligns_exact_amount_and_unique_bank_sum_inside_multi_oa_relation (test_workbench_relation_alignment_service.WorkbenchRelationAlignmentServiceTests.test_aligns_exact_amount_and_unique_bank_sum_inside_multi_oa_relation) ... ok
test_ambiguous_bank_sum_does_not_guess_subset (test_workbench_relation_alignment_service.WorkbenchRelationAlignmentServiceTests.test_ambiguous_bank_sum_does_not_guess_subset) ... ok
test_large_bank_relation_uses_bounded_unique_sum_matching (test_workbench_relation_alignment_service.WorkbenchRelationAlignmentServiceTests.test_large_bank_relation_uses_bounded_unique_sum_matching) ... ok
test_leaves_ambiguous_duplicate_amounts_unresolved_instead_of_guessing (test_workbench_relation_alignment_service.WorkbenchRelationAlignmentServiceTests.test_leaves_ambiguous_duplicate_amounts_unresolved_instead_of_guessing) ... ok
test_preserves_invoice_attachment_source_and_normalizes_item_id_to_parent_oa (test_workbench_relation_alignment_service.WorkbenchRelationAlignmentServiceTests.test_preserves_invoice_attachment_source_and_normalizes_item_id_to_parent_oa) ... ok
test_load_prefers_repository_when_repository_is_configured (test_workbench_relation_command_repository_adapter.WorkbenchRelationCommandRepositoryAdapterTests.test_load_prefers_repository_when_repository_is_configured) ... ok
test_save_forwards_to_repository_and_applies_changed_case_delta (test_workbench_relation_command_repository_adapter.WorkbenchRelationCommandRepositoryAdapterTests.test_save_forwards_to_repository_and_applies_changed_case_delta) ... ok
test_save_without_changed_cases_merges_incoming_relations_and_preserves_history (test_workbench_relation_command_repository_adapter.WorkbenchRelationCommandRepositoryAdapterTests.test_save_without_changed_cases_merges_incoming_relations_and_preserves_history) ... ok
test_scoped_load_filters_in_memory_snapshot_when_repository_has_no_scope_boundary (test_workbench_relation_command_repository_adapter.WorkbenchRelationCommandRepositoryAdapterTests.test_scoped_load_filters_in_memory_snapshot_when_repository_has_no_scope_boundary) ... ok
test_scoped_load_prefers_repository_scope_boundary (test_workbench_relation_command_repository_adapter.WorkbenchRelationCommandRepositoryAdapterTests.test_scoped_load_prefers_repository_scope_boundary) ... ok
test_cancel_relation_saves_cancelled_case_and_audit_history (test_workbench_relation_command_service.WorkbenchRelationCommandServiceTests.test_cancel_relation_saves_cancelled_case_and_audit_history) ... ok
test_cancel_relations_for_row_ids_saves_changed_cases_and_history (test_workbench_relation_command_service.WorkbenchRelationCommandServiceTests.test_cancel_relations_for_row_ids_saves_changed_cases_and_history) ... ok
test_confirm_relation_allows_oa_invoice_offset_auto_match_mode (test_workbench_relation_command_service.WorkbenchRelationCommandServiceTests.test_confirm_relation_allows_oa_invoice_offset_auto_match_mode) ... ok
test_confirm_relation_fails_fast_when_freshness_precondition_is_explicit (test_workbench_relation_command_service.WorkbenchRelationCommandServiceTests.test_confirm_relation_fails_fast_when_freshness_precondition_is_explicit) ... ok
test_confirm_relation_fails_fast_when_row_is_active_in_another_case (test_workbench_relation_command_service.WorkbenchRelationCommandServiceTests.test_confirm_relation_fails_fast_when_row_is_active_in_another_case) ... ok
test_confirm_relation_persists_evidence_and_display_tags_for_owner_modules (test_workbench_relation_command_service.WorkbenchRelationCommandServiceTests.test_confirm_relation_persists_evidence_and_display_tags_for_owner_modules) ... ok
test_confirm_relation_preserves_explicit_row_alignment_metadata (test_workbench_relation_command_service.WorkbenchRelationCommandServiceTests.test_confirm_relation_preserves_explicit_row_alignment_metadata) ... ok
test_confirm_relation_replays_same_idempotency_key_without_second_save (test_workbench_relation_command_service.WorkbenchRelationCommandServiceTests.test_confirm_relation_replays_same_idempotency_key_without_second_save) ... ok
test_confirm_relation_saves_changed_case_and_audit_history (test_workbench_relation_command_service.WorkbenchRelationCommandServiceTests.test_confirm_relation_saves_changed_case_and_audit_history) ... ok
test_confirm_relation_uses_scoped_relation_snapshot_for_target_rows (test_workbench_relation_command_service.WorkbenchRelationCommandServiceTests.test_confirm_relation_uses_scoped_relation_snapshot_for_target_rows) ... ok
test_preview_withdraw_relation_blocks_plain_oa_attachment_binding (test_workbench_relation_command_service.WorkbenchRelationCommandServiceTests.test_preview_withdraw_relation_blocks_plain_oa_attachment_binding) ... ok
test_preview_withdraw_relation_returns_locked_previous_state (test_workbench_relation_command_service.WorkbenchRelationCommandServiceTests.test_preview_withdraw_relation_returns_locked_previous_state) ... ok
test_relation_mode_registry_rejects_automatic_decision_as_write_fact (test_workbench_relation_command_service.WorkbenchRelationCommandServiceTests.test_relation_mode_registry_rejects_automatic_decision_as_write_fact) ... ok
test_replace_existing_confirm_uses_requested_history_operation_type (test_workbench_relation_command_service.WorkbenchRelationCommandServiceTests.test_replace_existing_confirm_uses_requested_history_operation_type) ... ok
test_update_relation_metadata_for_case_id_can_upgrade_relation_mode (test_workbench_relation_command_service.WorkbenchRelationCommandServiceTests.test_update_relation_metadata_for_case_id_can_upgrade_relation_mode) ... ok
test_update_relation_metadata_for_case_id_checks_freshness_and_records_history (test_workbench_relation_command_service.WorkbenchRelationCommandServiceTests.test_update_relation_metadata_for_case_id_checks_freshness_and_records_history) ... ok
test_withdraw_relation_rejects_plain_oa_attachment_binding_submit (test_workbench_relation_command_service.WorkbenchRelationCommandServiceTests.test_withdraw_relation_rejects_plain_oa_attachment_binding_submit) ... ok
test_withdraw_relation_rejects_stale_preview_identity (test_workbench_relation_command_service.WorkbenchRelationCommandServiceTests.test_withdraw_relation_rejects_stale_preview_identity) ... ok
test_withdraw_relation_submit_reuses_loaded_snapshot_for_preview_lock (test_workbench_relation_command_service.WorkbenchRelationCommandServiceTests.test_withdraw_relation_submit_reuses_loaded_snapshot_for_preview_lock) ... ok
test_withdraw_relation_uses_canonical_relation_when_distribution_is_stale_by_default (test_workbench_relation_command_service.WorkbenchRelationCommandServiceTests.test_withdraw_relation_uses_canonical_relation_when_distribution_is_stale_by_default) ... ok
test_execute_falls_back_to_all_and_defaults_reason (test_workbench_relation_derived_lifecycle_executor.WorkbenchRelationDerivedLifecycleExecutorTests.test_execute_falls_back_to_all_and_defaults_reason) ... ok
test_execute_prefers_explicit_scope_keys_and_forwards_metadata (test_workbench_relation_derived_lifecycle_executor.WorkbenchRelationDerivedLifecycleExecutorTests.test_execute_prefers_explicit_scope_keys_and_forwards_metadata) ... ok
test_dry_run_reports_relation_issues_without_writing (test_workbench_relation_history_replay_tool.WorkbenchRelationHistoryReplayToolTests.test_dry_run_reports_relation_issues_without_writing) ... ok
test_fail_on_issues_returns_nonzero_after_printing_report (test_workbench_relation_history_replay_tool.WorkbenchRelationHistoryReplayToolTests.test_fail_on_issues_returns_nonzero_after_printing_report) ... ok
test_batch_accounting_count_uses_repository_count_without_loading_rows (test_workbench_relation_read_facade.WorkbenchRelationReadFacadeTests.test_batch_accounting_count_uses_repository_count_without_loading_rows) ... ok
test_batch_accounting_year_list_uses_repository_reader_without_month_scan (test_workbench_relation_read_facade.WorkbenchRelationReadFacadeTests.test_batch_accounting_year_list_uses_repository_reader_without_month_scan) ... ok
test_distribution_mapper_preserves_candidate_relation_status (test_workbench_relation_read_facade.WorkbenchRelationReadFacadeTests.test_distribution_mapper_preserves_candidate_relation_status) ... ok
test_facade_passes_scope_hint_for_empty_relation_context (test_workbench_relation_read_facade.WorkbenchRelationReadFacadeTests.test_facade_passes_scope_hint_for_empty_relation_context) ... ok
test_get_by_row_ids_returns_fresh_linked_and_unlinked_contexts (test_workbench_relation_read_facade.WorkbenchRelationReadFacadeTests.test_get_by_row_ids_returns_fresh_linked_and_unlinked_contexts) ... ok
test_list_unlinked_filters_by_status_and_row_type (test_workbench_relation_read_facade.WorkbenchRelationReadFacadeTests.test_list_unlinked_filters_by_status_and_row_type) ... ok
test_non_fresh_result_enqueues_refresh_when_required (test_workbench_relation_read_facade.WorkbenchRelationReadFacadeTests.test_non_fresh_result_enqueues_refresh_when_required) ... ok
test_repository_preserves_relation_group_payload_for_distribution_mapping (test_workbench_relation_read_facade.WorkbenchRelationReadFacadeTests.test_repository_preserves_relation_group_payload_for_distribution_mapping) ... ok
test_repository_treats_empty_rows_in_fresh_hinted_scope_as_fresh_empty_context (test_workbench_relation_read_facade.WorkbenchRelationReadFacadeTests.test_repository_treats_empty_rows_in_fresh_hinted_scope_as_fresh_empty_context) ... ok
test_repository_treats_missing_row_in_fresh_scope_as_unlinked_context (test_workbench_relation_read_facade.WorkbenchRelationReadFacadeTests.test_repository_treats_missing_row_in_fresh_scope_as_unlinked_context) ... ok
test_source_versions_for_month_uses_scope_metadata_without_loading_rows (test_workbench_relation_read_facade.WorkbenchRelationReadFacadeTests.test_source_versions_for_month_uses_scope_metadata_without_loading_rows) ... ok
test_port_excludes_unrelated_read_model_methods (test_workbench_relation_read_facade.WorkbenchRelationReadModelRepositoryPortTests.test_port_excludes_unrelated_read_model_methods) ... ok
test_pair_relation_snapshot_version_matches_workbench_read_model_snapshot_hash (test_workbench_relation_source_version_provider.WorkbenchRelationSourceVersionProviderTests.test_pair_relation_snapshot_version_matches_workbench_read_model_snapshot_hash) ... ok
test_cross_month_member_index_schema_change_invalidates_old_scope (test_workbench_relation_sql_projection.WorkbenchRelationSqlProjectionTests.test_cross_month_member_index_schema_change_invalidates_old_scope) ... ok
test_rebuild_deduplicates_formal_and_oa_attachment_invoice_with_same_identity (test_workbench_relation_sql_projection.WorkbenchRelationSqlProjectionTests.test_rebuild_deduplicates_formal_and_oa_attachment_invoice_with_same_identity) ... ok
test_rebuild_excludes_candidate_decisions_using_in_progress_oa_claimed_bank_rows (test_workbench_relation_sql_projection.WorkbenchRelationSqlProjectionTests.test_rebuild_excludes_candidate_decisions_using_in_progress_oa_claimed_bank_rows) ... ok
test_rebuild_excludes_unlinked_bank_rows_claimed_by_in_progress_oa (test_workbench_relation_sql_projection.WorkbenchRelationSqlProjectionTests.test_rebuild_excludes_unlinked_bank_rows_claimed_by_in_progress_oa) ... ok
test_rebuild_indexes_cross_month_relation_members_in_current_scope (test_workbench_relation_sql_projection.WorkbenchRelationSqlProjectionTests.test_rebuild_indexes_cross_month_relation_members_in_current_scope) ... ok
test_rebuild_keeps_oa_summary_for_legacy_completed_workflow_status (test_workbench_relation_sql_projection.WorkbenchRelationSqlProjectionTests.test_rebuild_keeps_oa_summary_for_legacy_completed_workflow_status) ... ok
test_rebuild_keeps_open_reconciliation_decision_unlinked (test_workbench_relation_sql_projection.WorkbenchRelationSqlProjectionTests.test_rebuild_keeps_open_reconciliation_decision_unlinked) ... ok
test_rebuild_skips_unchanged_scope_without_scanning_or_resaving_distribution (test_workbench_relation_sql_projection.WorkbenchRelationSqlProjectionTests.test_rebuild_skips_unchanged_scope_without_scanning_or_resaving_distribution) ... ok
test_rebuild_writes_linked_and_unlinked_relation_rows (test_workbench_relation_sql_projection.WorkbenchRelationSqlProjectionTests.test_rebuild_writes_linked_and_unlinked_relation_rows) ... ok
test_cutoff_syncs_retained_scopes_and_promotes_month_scopes (test_workbench_retained_all_oa_payload_builder.WorkbenchRetainedAllOaPayloadBuilderTests.test_cutoff_syncs_retained_scopes_and_promotes_month_scopes) ... ok
test_no_cutoff_uses_all_payload_and_promotes_payload_months_when_signal_exists (test_workbench_retained_all_oa_payload_builder.WorkbenchRetainedAllOaPayloadBuilderTests.test_no_cutoff_uses_all_payload_and_promotes_payload_months_when_signal_exists) ... ok
test_non_dict_serialized_payload_returns_empty_payload (test_workbench_retained_all_oa_payload_builder.WorkbenchRetainedAllOaPayloadBuilderTests.test_non_dict_serialized_payload_returns_empty_payload) ... ok
test_group_detail_delegates_normalized_request_and_preserves_facade_result (test_workbench_routes.WorkbenchGroupDetailApiRoutesTests.test_group_detail_delegates_normalized_request_and_preserves_facade_result) ... ok
test_group_detail_rejects_invalid_zone_without_calling_facade (test_workbench_routes.WorkbenchGroupDetailApiRoutesTests.test_group_detail_rejects_invalid_zone_without_calling_facade) ... ok
test_group_detail_requires_group_id_without_calling_facade (test_workbench_routes.WorkbenchGroupDetailApiRoutesTests.test_group_detail_requires_group_id_without_calling_facade) ... ok
test_groups_normalizes_query_and_delegates_to_query_facade (test_workbench_routes.WorkbenchReadApiRoutesTests.test_groups_normalizes_query_and_delegates_to_query_facade) ... ok
test_groups_rejects_invalid_json_query_without_calling_facade (test_workbench_routes.WorkbenchReadApiRoutesTests.test_groups_rejects_invalid_json_query_without_calling_facade) ... ok
test_groups_rejects_invalid_zone_without_calling_facade (test_workbench_routes.WorkbenchReadApiRoutesTests.test_groups_rejects_invalid_zone_without_calling_facade) ... ok
test_refresh_status_delegates_to_query_facade (test_workbench_routes.WorkbenchReadApiRoutesTests.test_refresh_status_delegates_to_query_facade) ... ok
test_summary_delegates_to_query_facade (test_workbench_routes.WorkbenchReadApiRoutesTests.test_summary_delegates_to_query_facade) ... ok
test_build_includes_month_rows_and_retained_attachment_invoices (test_workbench_selected_scope_raw_oa_payload_builder.WorkbenchSelectedScopeRawOaPayloadBuilderTests.test_build_includes_month_rows_and_retained_attachment_invoices) ... ok
test_build_includes_supplemental_retained_oa_rows (test_workbench_selected_scope_raw_oa_payload_builder.WorkbenchSelectedScopeRawOaPayloadBuilderTests.test_build_includes_supplemental_retained_oa_rows) ... ok
test_build_uses_record_snapshot_once (test_workbench_selected_scope_raw_oa_payload_builder.WorkbenchSelectedScopeRawOaPayloadBuilderTests.test_build_uses_record_snapshot_once) ... ok
test_manual_project_create_and_delete_endpoints_persist_settings (test_workbench_settings_sync_api.WorkbenchSettingsSyncApiTests.test_manual_project_create_and_delete_endpoints_persist_settings) ... ok
test_project_mutation_endpoints_reject_readonly_session_even_with_spoofed_actor (test_workbench_settings_sync_api.WorkbenchSettingsSyncApiTests.test_project_mutation_endpoints_reject_readonly_session_even_with_spoofed_actor) ... ok
test_project_sync_endpoint_failure_does_not_destroy_existing_settings (test_workbench_settings_sync_api.WorkbenchSettingsSyncApiTests.test_project_sync_endpoint_failure_does_not_destroy_existing_settings) ... ok
test_project_sync_endpoint_syncs_oa_projects_into_settings_payload (test_workbench_settings_sync_api.WorkbenchSettingsSyncApiTests.test_project_sync_endpoint_syncs_oa_projects_into_settings_payload) ... ok
test_settings_update_returns_bad_gateway_when_oa_role_sync_fails (test_workbench_settings_sync_api.WorkbenchSettingsSyncApiTests.test_settings_update_returns_bad_gateway_when_oa_role_sync_fails) ... ok
test_settings_update_returns_clear_error_when_app_mongo_save_times_out (test_workbench_settings_sync_api.WorkbenchSettingsSyncApiTests.test_settings_update_returns_clear_error_when_app_mongo_save_times_out) ... ok
test_bank_offset_category_no_longer_creates_workbench_special_candidate (test_workbench_special_pair_rule_service.WorkbenchSpecialPairRuleServiceTests.test_bank_offset_category_no_longer_creates_workbench_special_candidate) ... ok
test_cash_turnover_category_no_longer_creates_workbench_special_candidate (test_workbench_special_pair_rule_service.WorkbenchSpecialPairRuleServiceTests.test_cash_turnover_category_no_longer_creates_workbench_special_candidate) ... ok
test_cash_turnover_hint_no_longer_creates_workbench_special_candidate (test_workbench_special_pair_rule_service.WorkbenchSpecialPairRuleServiceTests.test_cash_turnover_hint_no_longer_creates_workbench_special_candidate) ... ok
test_detects_configured_oa_attachment_invoice_offset (test_workbench_special_pair_rule_service.WorkbenchSpecialPairRuleServiceTests.test_detects_configured_oa_attachment_invoice_offset) ... ok
test_external_turnover_category_no_longer_creates_workbench_special_candidate (test_workbench_special_pair_rule_service.WorkbenchSpecialPairRuleServiceTests.test_external_turnover_category_no_longer_creates_workbench_special_candidate) ... ok
test_internal_transfer_manual_category_no_longer_creates_workbench_special_candidate (test_workbench_special_pair_rule_service.WorkbenchSpecialPairRuleServiceTests.test_internal_transfer_manual_category_no_longer_creates_workbench_special_candidate) ... ok
test_internal_transfer_no_longer_creates_workbench_special_candidate (test_workbench_special_pair_rule_service.WorkbenchSpecialPairRuleServiceTests.test_internal_transfer_no_longer_creates_workbench_special_candidate) ... ok
test_oa_attachment_invoice_offset_does_not_use_case_id_as_source_link (test_workbench_special_pair_rule_service.WorkbenchSpecialPairRuleServiceTests.test_oa_attachment_invoice_offset_does_not_use_case_id_as_source_link) ... ok
test_oa_attachment_invoice_offset_is_limited_to_zhou_jieying (test_workbench_special_pair_rule_service.WorkbenchSpecialPairRuleServiceTests.test_oa_attachment_invoice_offset_is_limited_to_zhou_jieying) ... ok
test_salary_payment_no_longer_creates_workbench_special_candidate (test_workbench_special_pair_rule_service.WorkbenchSpecialPairRuleServiceTests.test_salary_payment_no_longer_creates_workbench_special_candidate) ... ok
test_shared_detector_only_returns_oa_invoice_offset_evidence (test_workbench_special_pair_rule_service.WorkbenchSpecialPairRuleServiceTests.test_shared_detector_only_returns_oa_invoice_offset_evidence) ... ok
test_configured_oa_invoice_offset_outputs_paired_special_decision (test_workbench_special_reconciliation_adapter.WorkbenchSpecialReconciliationAdapterTests.test_configured_oa_invoice_offset_outputs_paired_special_decision) ... ok
test_hint_only_external_and_cash_turnover_are_not_projected_by_workbench_special_adapter (test_workbench_special_reconciliation_adapter.WorkbenchSpecialReconciliationAdapterTests.test_hint_only_external_and_cash_turnover_are_not_projected_by_workbench_special_adapter) ... ok
test_internal_transfer_is_not_projected_by_workbench_special_adapter (test_workbench_special_reconciliation_adapter.WorkbenchSpecialReconciliationAdapterTests.test_internal_transfer_is_not_projected_by_workbench_special_adapter) ... ok
test_salary_is_not_projected_by_workbench_special_adapter (test_workbench_special_reconciliation_adapter.WorkbenchSpecialReconciliationAdapterTests.test_salary_is_not_projected_by_workbench_special_adapter) ... ok
test_special_claim_beats_free_matching_for_same_row (test_workbench_special_reconciliation_adapter.WorkbenchSpecialReconciliationAdapterTests.test_special_claim_beats_free_matching_for_same_row) ... ok
test_etc_invoice_summary_rows_prefer_link_table_source (test_workbench_sql_runtime.WorkbenchSqlProjectionRelationPayloadTests.test_etc_invoice_summary_rows_prefer_link_table_source) ... ok
test_invoice_rows_excludes_visible_formal_invoices_already_bound_to_submitted_etc_batches (test_workbench_sql_runtime.WorkbenchSqlProjectionRelationPayloadTests.test_invoice_rows_excludes_visible_formal_invoices_already_bound_to_submitted_etc_batches) ... ok
test_oa_pending_in_progress_relation_uses_dedicated_bank_chip (test_workbench_sql_runtime.WorkbenchSqlProjectionRelationPayloadTests.test_oa_pending_in_progress_relation_uses_dedicated_bank_chip) ... ok
test_sql_oa_row_promotes_application_time_when_completed_time_is_placeholder (test_workbench_sql_runtime.WorkbenchSqlProjectionRelationPayloadTests.test_sql_oa_row_promotes_application_time_when_completed_time_is_placeholder) ... ok
test_aggregate_only_all_scope_defers_when_parent_generation_is_inconsistent (test_workbench_sql_runtime.WorkbenchSqlRuntimeTests.test_aggregate_only_all_scope_defers_when_parent_generation_is_inconsistent) ... ok
test_batch_accounting_loader_reads_only_active_workbench_generations (test_workbench_sql_runtime.WorkbenchSqlRuntimeTests.test_batch_accounting_loader_reads_only_active_workbench_generations) ... ok
test_etc_state_repository_persists_business_batch_reported_submission_amount (test_workbench_sql_runtime.WorkbenchSqlRuntimeTests.test_etc_state_repository_persists_business_batch_reported_submission_amount) ... ok
test_import_state_invalidation_enqueues_bank_detail_for_transaction_month_scopes (test_workbench_sql_runtime.WorkbenchSqlRuntimeTests.test_import_state_invalidation_enqueues_bank_detail_for_transaction_month_scopes) ... ok
test_import_state_invalidation_enqueues_workbench_month_scopes_before_all_aggregate (test_workbench_sql_runtime.WorkbenchSqlRuntimeTests.test_import_state_invalidation_enqueues_workbench_month_scopes_before_all_aggregate) ... ok
test_import_state_invalidation_skips_unaffected_invoice_relation_read_models (test_workbench_sql_runtime.WorkbenchSqlRuntimeTests.test_import_state_invalidation_skips_unaffected_invoice_relation_read_models) ... ok
test_prune_workbench_generations_cli_allows_zero_keep_days_for_emergency_cleanup (test_workbench_sql_runtime.WorkbenchSqlRuntimeTests.test_prune_workbench_generations_cli_allows_zero_keep_days_for_emergency_cleanup) ... ok
test_prune_workbench_generations_cli_defaults_to_dry_run (test_workbench_sql_runtime.WorkbenchSqlRuntimeTests.test_prune_workbench_generations_cli_defaults_to_dry_run) ... ok
test_repository_all_scope_drops_partial_automatic_decision_groups_claimed_by_paired_shards (test_workbench_sql_runtime.WorkbenchSqlRuntimeTests.test_repository_all_scope_drops_partial_automatic_decision_groups_claimed_by_paired_shards) ... ok
test_repository_all_scope_keeps_unclaimed_bank_when_open_group_takes_automatic_decision_oa (test_workbench_sql_runtime.WorkbenchSqlRuntimeTests.test_repository_all_scope_keeps_unclaimed_bank_when_open_group_takes_automatic_decision_oa) ... ok
test_repository_all_scope_moves_cross_month_attachment_invoice_to_parent_oa_group (test_workbench_sql_runtime.WorkbenchSqlRuntimeTests.test_repository_all_scope_moves_cross_month_attachment_invoice_to_parent_oa_group) ... ok
test_repository_all_scope_preserves_canonical_case_open_group_when_temp_owner_is_claimed (test_workbench_sql_runtime.WorkbenchSqlRuntimeTests.test_repository_all_scope_preserves_canonical_case_open_group_when_temp_owner_is_claimed) ... ok
test_repository_all_scope_suppresses_open_bank_rows_claimed_by_stronger_open_group (test_workbench_sql_runtime.WorkbenchSqlRuntimeTests.test_repository_all_scope_suppresses_open_bank_rows_claimed_by_stronger_open_group) ... ok
test_repository_all_scope_suppresses_open_invoice_rows_claimed_by_stronger_open_group (test_workbench_sql_runtime.WorkbenchSqlRuntimeTests.test_repository_all_scope_suppresses_open_invoice_rows_claimed_by_stronger_open_group) ... ok
test_repository_all_scope_suppresses_open_rows_claimed_by_canonical_active_relation (test_workbench_sql_runtime.WorkbenchSqlRuntimeTests.test_repository_all_scope_suppresses_open_rows_claimed_by_canonical_active_relation) ... ok
test_repository_all_scope_suppresses_open_rows_claimed_by_paired_shards (test_workbench_sql_runtime.WorkbenchSqlRuntimeTests.test_repository_all_scope_suppresses_open_rows_claimed_by_paired_shards) ... ok
test_repository_all_scope_visible_paired_group_wins_over_same_case_open_candidate (test_workbench_sql_runtime.WorkbenchSqlRuntimeTests.test_repository_all_scope_visible_paired_group_wins_over_same_case_open_candidate) ... ok
test_repository_batches_all_scope_generation_rows_when_supported (test_workbench_sql_runtime.WorkbenchSqlRuntimeTests.test_repository_batches_all_scope_generation_rows_when_supported) ... ok
test_repository_batches_workbench_generation_rows_when_supported (test_workbench_sql_runtime.WorkbenchSqlRuntimeTests.test_repository_batches_workbench_generation_rows_when_supported) ... ok
test_repository_bounds_all_scope_groups_page_query (test_workbench_sql_runtime.WorkbenchSqlRuntimeTests.test_repository_bounds_all_scope_groups_page_query) ... ok
test_repository_can_defer_all_scope_aggregation_for_month_publish (test_workbench_sql_runtime.WorkbenchSqlRuntimeTests.test_repository_can_defer_all_scope_aggregation_for_month_publish) ... ok
test_repository_dedupes_all_scope_groups_by_row_identity (test_workbench_sql_runtime.WorkbenchSqlRuntimeTests.test_repository_dedupes_all_scope_groups_by_row_identity) ... ok
test_repository_does_not_delete_generation_rows_when_scope_snapshot_is_absent (test_workbench_sql_runtime.WorkbenchSqlRuntimeTests.test_repository_does_not_delete_generation_rows_when_scope_snapshot_is_absent) ... ok
test_repository_does_not_publish_all_scope_when_month_generation_is_inconsistent (test_workbench_sql_runtime.WorkbenchSqlRuntimeTests.test_repository_does_not_publish_all_scope_when_month_generation_is_inconsistent) ... ok
test_repository_excludes_open_etc_summary_groups_already_linked_by_active_relation (test_workbench_sql_runtime.WorkbenchSqlRuntimeTests.test_repository_excludes_open_etc_summary_groups_already_linked_by_active_relation) ... ok
test_repository_filters_linked_context_search_from_any_structured_group_row (test_workbench_sql_runtime.WorkbenchSqlRuntimeTests.test_repository_filters_linked_context_search_from_any_structured_group_row) ... ok
test_repository_filters_non_invoice_oa_attachment_evidence_from_summary_and_detail (test_workbench_sql_runtime.WorkbenchSqlRuntimeTests.test_repository_filters_non_invoice_oa_attachment_evidence_from_summary_and_detail) ... ok
test_repository_filters_summary_preview_rows_with_intersected_pane_criteria (test_workbench_sql_runtime.WorkbenchSqlRuntimeTests.test_repository_filters_summary_preview_rows_with_intersected_pane_criteria) ... ok
test_repository_filters_workbench_groups_page_from_structured_group_rows (test_workbench_sql_runtime.WorkbenchSqlRuntimeTests.test_repository_filters_workbench_groups_page_from_structured_group_rows) ... ok
test_repository_generation_consistency_allows_active_relation_rows_in_canonical_case_open_group (test_workbench_sql_runtime.WorkbenchSqlRuntimeTests.test_repository_generation_consistency_allows_active_relation_rows_in_canonical_case_open_group) ... ok
test_repository_generation_consistency_filters_active_generations_before_aggregating_read_models (test_workbench_sql_runtime.WorkbenchSqlRuntimeTests.test_repository_generation_consistency_filters_active_generations_before_aggregating_read_models) ... ok
test_repository_generation_consistency_reports_active_relation_rows_in_open_zone (test_workbench_sql_runtime.WorkbenchSqlRuntimeTests.test_repository_generation_consistency_reports_active_relation_rows_in_open_zone) ... ok
test_repository_generation_consistency_reports_cross_zone_invoice_identity_duplicates (test_workbench_sql_runtime.WorkbenchSqlRuntimeTests.test_repository_generation_consistency_reports_cross_zone_invoice_identity_duplicates) ... ok
test_repository_generation_consistency_reports_duplicate_row_memberships (test_workbench_sql_runtime.WorkbenchSqlRuntimeTests.test_repository_generation_consistency_reports_duplicate_row_memberships) ... ok
test_repository_group_detail_includes_active_generation_freshness_contract (test_workbench_sql_runtime.WorkbenchSqlRuntimeTests.test_repository_group_detail_includes_active_generation_freshness_contract) ... ok
test_repository_group_detail_reads_only_active_generation (test_workbench_sql_runtime.WorkbenchSqlRuntimeTests.test_repository_group_detail_reads_only_active_generation) ... ok
test_repository_group_detail_returns_fact_and_display_counts_for_collapsed_bank_rows (test_workbench_sql_runtime.WorkbenchSqlRuntimeTests.test_repository_group_detail_returns_fact_and_display_counts_for_collapsed_bank_rows) ... ok
test_repository_groups_page_pins_versions_counts_and_rows_to_single_active_generation (test_workbench_sql_runtime.WorkbenchSqlRuntimeTests.test_repository_groups_page_pins_versions_counts_and_rows_to_single_active_generation) ... ok
test_repository_groups_page_row_counts_apply_pane_row_filters (test_workbench_sql_runtime.WorkbenchSqlRuntimeTests.test_repository_groups_page_row_counts_apply_pane_row_filters) ... ok
test_repository_groups_page_row_counts_use_fact_rows_before_pagination (test_workbench_sql_runtime.WorkbenchSqlRuntimeTests.test_repository_groups_page_row_counts_use_fact_rows_before_pagination) ... ok
test_repository_ignores_older_failed_workbench_generation_after_active_recovery (test_workbench_sql_runtime.WorkbenchSqlRuntimeTests.test_repository_ignores_older_failed_workbench_generation_after_active_recovery) ... ok
test_repository_ignores_stale_all_workbench_snapshot_and_synthesizes_from_months (test_workbench_sql_runtime.WorkbenchSqlRuntimeTests.test_repository_ignores_stale_all_workbench_snapshot_and_synthesizes_from_months) ... ok
test_repository_intersects_pane_search_with_structured_group_row_filters (test_workbench_sql_runtime.WorkbenchSqlRuntimeTests.test_repository_intersects_pane_search_with_structured_group_row_filters) ... ok
test_repository_keeps_all_oa_attachment_invoice_rows_in_summary_page (test_workbench_sql_runtime.WorkbenchSqlRuntimeTests.test_repository_keeps_all_oa_attachment_invoice_rows_in_summary_page) ... ok
test_repository_keeps_synthetic_all_scope_groups_separate_by_month_shard (test_workbench_sql_runtime.WorkbenchSqlRuntimeTests.test_repository_keeps_synthetic_all_scope_groups_separate_by_month_shard) ... ok
test_repository_marks_all_scope_groups_stale_when_aggregate_builder_changes (test_workbench_sql_runtime.WorkbenchSqlRuntimeTests.test_repository_marks_all_scope_groups_stale_when_aggregate_builder_changes) ... ok
test_repository_marks_all_scope_stale_when_parent_generations_have_groups_but_all_is_empty (test_workbench_sql_runtime.WorkbenchSqlRuntimeTests.test_repository_marks_all_scope_stale_when_parent_generations_have_groups_but_all_is_empty) ... ok
test_repository_materializes_legacy_workbench_view_from_groups_when_snapshot_is_lightweight (test_workbench_sql_runtime.WorkbenchSqlRuntimeTests.test_repository_materializes_legacy_workbench_view_from_groups_when_snapshot_is_lightweight) ... ok
test_repository_missing_workbench_summary_does_not_repair_from_group_rows (test_workbench_sql_runtime.WorkbenchSqlRuntimeTests.test_repository_missing_workbench_summary_does_not_repair_from_group_rows) ... ok
test_repository_persists_no_oa_collapsed_group_fact_and_display_counts (test_workbench_sql_runtime.WorkbenchSqlRuntimeTests.test_repository_persists_no_oa_collapsed_group_fact_and_display_counts) ... ok
test_repository_persists_workbench_groups_alongside_rows_and_snapshot (test_workbench_sql_runtime.WorkbenchSqlRuntimeTests.test_repository_persists_workbench_groups_alongside_rows_and_snapshot) ... ok
test_repository_persists_workbench_rows_alongside_snapshot (test_workbench_sql_runtime.WorkbenchSqlRuntimeTests.test_repository_persists_workbench_rows_alongside_snapshot) ... ok
test_repository_pins_workbench_groups_page_to_active_generation (test_workbench_sql_runtime.WorkbenchSqlRuntimeTests.test_repository_pins_workbench_groups_page_to_active_generation) ... ok
test_repository_prunes_old_workbench_generations_after_publish_for_changed_scope (test_workbench_sql_runtime.WorkbenchSqlRuntimeTests.test_repository_prunes_old_workbench_generations_after_publish_for_changed_scope) ... ok
test_repository_publishes_workbench_snapshot_when_builder_changes_despite_lower_source_version (test_workbench_sql_runtime.WorkbenchSqlRuntimeTests.test_repository_publishes_workbench_snapshot_when_builder_changes_despite_lower_source_version) ... ok
test_repository_reads_all_scope_filtered_page_from_active_all_summary (test_workbench_sql_runtime.WorkbenchSqlRuntimeTests.test_repository_reads_all_scope_filtered_page_from_active_all_summary) ... ok
test_repository_reads_all_scope_filtered_page_without_full_snapshot_payloads (test_workbench_sql_runtime.WorkbenchSqlRuntimeTests.test_repository_reads_all_scope_filtered_page_without_full_snapshot_payloads) ... ok
test_repository_reads_all_scope_groups_from_materialized_all_groups (test_workbench_sql_runtime.WorkbenchSqlRuntimeTests.test_repository_reads_all_scope_groups_from_materialized_all_groups) ... ok
test_repository_reads_all_scope_view_from_active_generation_snapshot (test_workbench_sql_runtime.WorkbenchSqlRuntimeTests.test_repository_reads_all_scope_view_from_active_generation_snapshot) ... ok
test_repository_reads_materialized_workbench_summary_without_hot_path_repair (test_workbench_sql_runtime.WorkbenchSqlRuntimeTests.test_repository_reads_materialized_workbench_summary_without_hot_path_repair) ... ok
test_repository_reads_paginated_workbench_rows_from_sql_read_model (test_workbench_sql_runtime.WorkbenchSqlRuntimeTests.test_repository_reads_paginated_workbench_rows_from_sql_read_model) ... ok
test_repository_reads_single_workbench_group_detail (test_workbench_sql_runtime.WorkbenchSqlRuntimeTests.test_repository_reads_single_workbench_group_detail) ... ok
test_repository_reads_workbench_groups_page_from_structured_groups (test_workbench_sql_runtime.WorkbenchSqlRuntimeTests.test_repository_reads_workbench_groups_page_from_structured_groups) ... ok
test_repository_reads_workbench_groups_summary_page_without_heavy_details (test_workbench_sql_runtime.WorkbenchSqlRuntimeTests.test_repository_reads_workbench_groups_summary_page_without_heavy_details) ... ok
test_repository_reads_workbench_row_detail_from_active_generation_rows (test_workbench_sql_runtime.WorkbenchSqlRuntimeTests.test_repository_reads_workbench_row_detail_from_active_generation_rows) ... ok
test_repository_reads_workbench_snapshot_and_dirty_status_without_state_fallback (test_workbench_sql_runtime.WorkbenchSqlRuntimeTests.test_repository_reads_workbench_snapshot_and_dirty_status_without_state_fallback) ... ok
test_repository_reads_workbench_summary_without_full_snapshot_payloads (test_workbench_sql_runtime.WorkbenchSqlRuntimeTests.test_repository_reads_workbench_summary_without_full_snapshot_payloads) ... ok
test_repository_rebuilds_all_scope_from_materialized_month_group_rows (test_workbench_sql_runtime.WorkbenchSqlRuntimeTests.test_repository_rebuilds_all_scope_from_materialized_month_group_rows) ... ok
test_repository_rebuilds_all_scope_from_month_group_shards (test_workbench_sql_runtime.WorkbenchSqlRuntimeTests.test_repository_rebuilds_all_scope_from_month_group_shards) ... ok
test_repository_reports_failed_workbench_generation_without_promoting_it (test_workbench_sql_runtime.WorkbenchSqlRuntimeTests.test_repository_reports_failed_workbench_generation_without_promoting_it) ... ok
test_repository_reports_inconsistent_active_workbench_generation_as_failed (test_workbench_sql_runtime.WorkbenchSqlRuntimeTests.test_repository_reports_inconsistent_active_workbench_generation_as_failed) ... ok
test_repository_reports_inconsistent_workbench_generation_as_refreshing_during_active_repair (test_workbench_sql_runtime.WorkbenchSqlRuntimeTests.test_repository_reports_inconsistent_workbench_generation_as_refreshing_during_active_repair) ... ok
test_repository_reports_workbench_refresh_status (test_workbench_sql_runtime.WorkbenchSqlRuntimeTests.test_repository_reports_workbench_refresh_status) ... ok
test_repository_requires_all_selected_bank_amount_filter_values_on_same_row (test_workbench_sql_runtime.WorkbenchSqlRuntimeTests.test_repository_requires_all_selected_bank_amount_filter_values_on_same_row) ... ok
test_repository_requires_all_selected_filter_values_in_structured_group_row_sql (test_workbench_sql_runtime.WorkbenchSqlRuntimeTests.test_repository_requires_all_selected_filter_values_in_structured_group_row_sql) ... ok
test_repository_retention_failure_does_not_rollback_published_workbench_generation (test_workbench_sql_runtime.WorkbenchSqlRuntimeTests.test_repository_retention_failure_does_not_rollback_published_workbench_generation) ... workbench generation retention failed after publish for scopes=2026-05
Traceback (most recent call last):
  File "/Users/yu/Desktop/fin-ops-platform/backend/src/fin_ops_platform/services/postgres_repositories/read_models.py", line 7561, in _prune_workbench_generations_after_publish
    result = self.prune_workbench_generations(
        keep_recent_generations_per_scope=WORKBENCH_GENERATION_RETENTION_KEEP_RECENT,
    ...<3 lines>...
        scope_keys=normalized_scope_keys,
    )
  File "/Users/yu/Desktop/fin-ops-platform/backend/src/fin_ops_platform/services/postgres_repositories/read_models.py", line 6871, in prune_workbench_generations
    preview = self.preview_workbench_generation_retention(
        keep_recent_generations_per_scope=keep_recent_generations_per_scope,
    ...<2 lines>...
        scope_keys=scope_keys,
    )
  File "/Users/yu/Desktop/fin-ops-platform/backend/src/fin_ops_platform/services/postgres_repositories/read_models.py", line 6821, in preview_workbench_generation_retention
    rows = self._connection.fetch_all(
        f"""
    ...<25 lines>...
        tuple(params),
    )
  File "/Users/yu/Desktop/fin-ops-platform/tests/test_workbench_sql_runtime.py", line 4158, in fetch_all
    raise TimeoutError("retention query timed out")
TimeoutError: retention query timed out
ok
test_repository_retention_preview_allows_zero_keep_days (test_workbench_sql_runtime.WorkbenchSqlRuntimeTests.test_repository_retention_preview_allows_zero_keep_days) ... ok
test_repository_skips_stale_workbench_candidate_write_by_source_version (test_workbench_sql_runtime.WorkbenchSqlRuntimeTests.test_repository_skips_stale_workbench_candidate_write_by_source_version) ... ok
test_repository_skips_stale_workbench_snapshot_write_by_source_version (test_workbench_sql_runtime.WorkbenchSqlRuntimeTests.test_repository_skips_stale_workbench_snapshot_write_by_source_version) ... ok
test_repository_summary_diagnostics_helper_reconciles_bank_detail_and_ignored_counts (test_workbench_sql_runtime.WorkbenchSqlRuntimeTests.test_repository_summary_diagnostics_helper_reconciles_bank_detail_and_ignored_counts) ... ok
test_repository_summary_source_versions_are_pinned_to_active_generation (test_workbench_sql_runtime.WorkbenchSqlRuntimeTests.test_repository_summary_source_versions_are_pinned_to_active_generation) ... ok
test_repository_synthesizes_all_workbench_view_from_month_snapshots (test_workbench_sql_runtime.WorkbenchSqlRuntimeTests.test_repository_synthesizes_all_workbench_view_from_month_snapshots) ... ok
test_repository_treats_bank_flow_rule_batch_summary_source_kind_as_display_only (test_workbench_sql_runtime.WorkbenchSqlRuntimeTests.test_repository_treats_bank_flow_rule_batch_summary_source_kind_as_display_only) ... ok
test_repository_treats_row_role_summary_as_display_only_even_with_bank_source_kind (test_workbench_sql_runtime.WorkbenchSqlRuntimeTests.test_repository_treats_row_role_summary_as_display_only_even_with_bank_source_kind) ... ok
test_repository_uses_materialized_generation_stats_for_default_groups_counts (test_workbench_sql_runtime.WorkbenchSqlRuntimeTests.test_repository_uses_materialized_generation_stats_for_default_groups_counts) ... ok
test_repository_workbench_generation_retention_never_deletes_active_generations (test_workbench_sql_runtime.WorkbenchSqlRuntimeTests.test_repository_workbench_generation_retention_never_deletes_active_generations) ... ok
test_repository_workbench_groups_cache_version_uses_active_generation (test_workbench_sql_runtime.WorkbenchSqlRuntimeTests.test_repository_workbench_groups_cache_version_uses_active_generation) ... ok
test_repository_writes_workbench_payload_without_duplicate_raw_payload (test_workbench_sql_runtime.WorkbenchSqlRuntimeTests.test_repository_writes_workbench_payload_without_duplicate_raw_payload) ... ok
test_row_detail_prefers_live_service_and_applies_override_without_fallback (test_workbench_sql_runtime.WorkbenchSqlRuntimeTests.test_row_detail_prefers_live_service_and_applies_override_without_fallback) ... ok
test_row_detail_production_sql_runtime_blocks_route_fallback_after_live_and_cache_miss (test_workbench_sql_runtime.WorkbenchSqlRuntimeTests.test_row_detail_production_sql_runtime_blocks_route_fallback_after_live_and_cache_miss) ... Serving fin-ops-platform foundation API on http://127.0.0.1:0
{"kind": "workbench_read_model_status_metric", "metric": "workbench.read_model.status.count", "endpoint": "/api/workbench/rows/{row_id}", "scope_key": "all", "read_model_status": "unavailable", "reason": "repository_unavailable", "timestamp": "2026-07-05T20:50:02.185022"}
ok
test_row_detail_production_sql_runtime_blocks_route_fallback_even_with_in_memory_record (test_workbench_sql_runtime.WorkbenchSqlRuntimeTests.test_row_detail_production_sql_runtime_blocks_route_fallback_even_with_in_memory_record) ... {"kind": "workbench_read_model_status_metric", "metric": "workbench.read_model.status.count", "endpoint": "/api/workbench/rows/{row_id}", "scope_key": "all", "read_model_status": "unavailable", "reason": "repository_unavailable", "timestamp": "2026-07-05T20:50:02.185094"}
ok
test_row_detail_production_sql_runtime_ignores_stale_cached_read_model_row (test_workbench_sql_runtime.WorkbenchSqlRuntimeTests.test_row_detail_production_sql_runtime_ignores_stale_cached_read_model_row) ... {"kind": "workbench_read_model_status_metric", "metric": "workbench.read_model.status.count", "endpoint": "/api/workbench/rows/{row_id}", "scope_key": "2026-05", "read_model_status": "unavailable", "reason": "repository_unavailable", "timestamp": "2026-07-05T20:50:02.185149"}
ok
test_row_detail_route_fallback_applies_override_after_live_and_cache_miss (test_workbench_sql_runtime.WorkbenchSqlRuntimeTests.test_row_detail_route_fallback_applies_override_after_live_and_cache_miss) ... {"kind": "workbench_read_model_status_metric", "metric": "workbench.read_model.status.count", "endpoint": "/api/workbench/rows/{row_id}", "scope_key": "all", "read_model_status": "unavailable", "reason": "repository_unavailable", "timestamp": "2026-07-05T20:50:02.185198"}
ok
test_row_detail_sql_runtime_uses_query_facade_for_opaque_oa_after_live_and_cache_miss (test_workbench_sql_runtime.WorkbenchSqlRuntimeTests.test_row_detail_sql_runtime_uses_query_facade_for_opaque_oa_after_live_and_cache_miss) ... ok
test_sql_projection_active_no_oa_relation_uses_grouping_contract (test_workbench_sql_runtime.WorkbenchSqlRuntimeTests.test_sql_projection_active_no_oa_relation_uses_grouping_contract) ... ok
test_sql_projection_applies_active_exception_case_projection (test_workbench_sql_runtime.WorkbenchSqlRuntimeTests.test_sql_projection_applies_active_exception_case_projection) ... ok
test_sql_projection_applies_row_overrides_before_grouping (test_workbench_sql_runtime.WorkbenchSqlRuntimeTests.test_sql_projection_applies_row_overrides_before_grouping) ... ok
test_sql_projection_attaches_etc_summary_from_relation_metadata_batch_link (test_workbench_sql_runtime.WorkbenchSqlRuntimeTests.test_sql_projection_attaches_etc_summary_from_relation_metadata_batch_link) ... ok
test_sql_projection_attaches_existing_etc_summary_to_active_relation (test_workbench_sql_runtime.WorkbenchSqlRuntimeTests.test_sql_projection_attaches_existing_etc_summary_to_active_relation) ... ok
test_sql_projection_creates_open_etc_summary_from_submitted_business_batch (test_workbench_sql_runtime.WorkbenchSqlRuntimeTests.test_sql_projection_creates_open_etc_summary_from_submitted_business_batch) ... ok
test_sql_projection_emits_source_oa_for_deterministic_multi_oa_relation_alignment (test_workbench_sql_runtime.WorkbenchSqlRuntimeTests.test_sql_projection_emits_source_oa_for_deterministic_multi_oa_relation_alignment) ... ok
test_sql_projection_excludes_bank_rows_claimed_by_in_progress_oa_relation (test_workbench_sql_runtime.WorkbenchSqlRuntimeTests.test_sql_projection_excludes_bank_rows_claimed_by_in_progress_oa_relation) ... ok
test_sql_projection_excludes_candidate_decisions_claimed_by_in_progress_oa_relation (test_workbench_sql_runtime.WorkbenchSqlRuntimeTests.test_sql_projection_excludes_candidate_decisions_claimed_by_in_progress_oa_relation) ... ok
test_sql_projection_excludes_open_etc_summary_when_batch_has_active_relation (test_workbench_sql_runtime.WorkbenchSqlRuntimeTests.test_sql_projection_excludes_open_etc_summary_when_batch_has_active_relation) ... ok
test_sql_projection_groups_hot_path_working_rows_without_redundant_deepcopy (test_workbench_sql_runtime.WorkbenchSqlRuntimeTests.test_sql_projection_groups_hot_path_working_rows_without_redundant_deepcopy) ... ok
test_sql_projection_groups_multi_payment_single_invoice_decision (test_workbench_sql_runtime.WorkbenchSqlRuntimeTests.test_sql_projection_groups_multi_payment_single_invoice_decision) ... ok
test_sql_projection_ignores_non_projectable_reconciliation_decisions (test_workbench_sql_runtime.WorkbenchSqlRuntimeTests.test_sql_projection_ignores_non_projectable_reconciliation_decisions) ... ok
test_sql_projection_invoice_row_prefers_oa_attachment_source_link_with_context (test_workbench_sql_runtime.WorkbenchSqlRuntimeTests.test_sql_projection_invoice_row_prefers_oa_attachment_source_link_with_context) ... ok
test_sql_projection_invoice_row_preserves_canonical_oa_attachment_source_metadata (test_workbench_sql_runtime.WorkbenchSqlRuntimeTests.test_sql_projection_invoice_row_preserves_canonical_oa_attachment_source_metadata) ... ok
test_sql_projection_keeps_active_batch_accounting_multi_oa_invoice_relation_paired (test_workbench_sql_runtime.WorkbenchSqlRuntimeTests.test_sql_projection_keeps_active_batch_accounting_multi_oa_invoice_relation_paired) ... ok
test_sql_projection_keeps_active_batch_accounting_oa_bank_relation_paired (test_workbench_sql_runtime.WorkbenchSqlRuntimeTests.test_sql_projection_keeps_active_batch_accounting_oa_bank_relation_paired) ... ok
test_sql_projection_keeps_active_manual_oa_bank_relation_open_until_invoice_exists (test_workbench_sql_runtime.WorkbenchSqlRuntimeTests.test_sql_projection_keeps_active_manual_oa_bank_relation_open_until_invoice_exists) ... ok
test_sql_projection_keeps_active_manual_relation_ahead_of_automatic_decision (test_workbench_sql_runtime.WorkbenchSqlRuntimeTests.test_sql_projection_keeps_active_manual_relation_ahead_of_automatic_decision) ... ok
test_sql_projection_keeps_attachment_invoice_rows_source_bound_to_parent_oa (test_workbench_sql_runtime.WorkbenchSqlRuntimeTests.test_sql_projection_keeps_attachment_invoice_rows_source_bound_to_parent_oa) ... ok
test_sql_projection_keeps_turnover_manual_closure_bank_only_case_open_until_three_way_complete (test_workbench_sql_runtime.WorkbenchSqlRuntimeTests.test_sql_projection_keeps_turnover_manual_closure_bank_only_case_open_until_three_way_complete) ... ok
test_sql_projection_manual_invoice_rows_fall_back_to_raw_payload_tax_meta (test_workbench_sql_runtime.WorkbenchSqlRuntimeTests.test_sql_projection_manual_invoice_rows_fall_back_to_raw_payload_tax_meta) ... ok
test_sql_projection_manual_invoice_rows_include_tax_meta_for_amount_cell (test_workbench_sql_runtime.WorkbenchSqlRuntimeTests.test_sql_projection_manual_invoice_rows_include_tax_meta_for_amount_cell) ... ok
test_sql_projection_month_rebuild_defers_all_scope_aggregation (test_workbench_sql_runtime.WorkbenchSqlRuntimeTests.test_sql_projection_month_rebuild_defers_all_scope_aggregation) ... ok
test_sql_projection_oa_projection_rows_exclude_attachment_invoice_rows (test_workbench_sql_runtime.WorkbenchSqlRuntimeTests.test_sql_projection_oa_projection_rows_exclude_attachment_invoice_rows) ... ok
test_sql_projection_oa_row_keeps_header_amount_but_exposes_detail_sum_for_reconciliation (test_workbench_sql_runtime.WorkbenchSqlRuntimeTests.test_sql_projection_oa_row_keeps_header_amount_but_exposes_detail_sum_for_reconciliation) ... ok
test_sql_projection_pairs_materialized_attachment_item_rows_by_parent_oa_relation (test_workbench_sql_runtime.WorkbenchSqlRuntimeTests.test_sql_projection_pairs_materialized_attachment_item_rows_by_parent_oa_relation) ... ok
test_sql_projection_pairs_materialized_attachment_rows_by_source_oa_relation (test_workbench_sql_runtime.WorkbenchSqlRuntimeTests.test_sql_projection_pairs_materialized_attachment_rows_by_source_oa_relation) ... ok
test_sql_projection_pairs_turnover_manual_closure_when_no_invoice_required (test_workbench_sql_runtime.WorkbenchSqlRuntimeTests.test_sql_projection_pairs_turnover_manual_closure_when_no_invoice_required) ... ok
test_sql_projection_prevents_same_invoice_identity_in_paired_and_open_zones (test_workbench_sql_runtime.WorkbenchSqlRuntimeTests.test_sql_projection_prevents_same_invoice_identity_in_paired_and_open_zones) ... ok
test_sql_projection_projects_open_reconciliation_decisions_as_independent_open_rows (test_workbench_sql_runtime.WorkbenchSqlRuntimeTests.test_sql_projection_projects_open_reconciliation_decisions_as_independent_open_rows) ... ok
test_sql_projection_projects_paired_reconciliation_decisions_without_candidate_write (test_workbench_sql_runtime.WorkbenchSqlRuntimeTests.test_sql_projection_projects_paired_reconciliation_decisions_without_candidate_write) ... ok
test_sql_projection_reads_cross_month_active_relations_by_row_overlap (test_workbench_sql_runtime.WorkbenchSqlRuntimeTests.test_sql_projection_reads_cross_month_active_relations_by_row_overlap) ... ok
test_sql_projection_scope_shards_include_etc_business_sources_and_active_month_generations (test_workbench_sql_runtime.WorkbenchSqlRuntimeTests.test_sql_projection_scope_shards_include_etc_business_sources_and_active_month_generations) ... ok
test_sql_projection_supplements_in_progress_source_oa_from_sql (test_workbench_sql_runtime.WorkbenchSqlRuntimeTests.test_sql_projection_supplements_in_progress_source_oa_from_sql) ... ok
test_sql_projection_supplements_source_oa_for_attachment_invoice_rows (test_workbench_sql_runtime.WorkbenchSqlRuntimeTests.test_sql_projection_supplements_source_oa_for_attachment_invoice_rows) ... ok
test_transactional_cost_statistics_enqueue_expands_workbench_month_scope (test_workbench_sql_runtime.WorkbenchSqlRuntimeTests.test_transactional_cost_statistics_enqueue_expands_workbench_month_scope) ... ok
test_workbench_api_legacy_endpoint_falls_back_when_sql_runtime_not_required (test_workbench_sql_runtime.WorkbenchSqlRuntimeTests.test_workbench_api_legacy_endpoint_falls_back_when_sql_runtime_not_required) ... ok
test_workbench_api_miss_enqueues_refresh_and_returns_refreshing (test_workbench_sql_runtime.WorkbenchSqlRuntimeTests.test_workbench_api_miss_enqueues_refresh_and_returns_refreshing) ... ok
test_workbench_api_passes_page_and_filter_to_sql_read_model (test_workbench_sql_runtime.WorkbenchSqlRuntimeTests.test_workbench_api_passes_page_and_filter_to_sql_read_model) ... ok
test_workbench_api_production_runtime_without_sql_repository_returns_unavailable (test_workbench_sql_runtime.WorkbenchSqlRuntimeTests.test_workbench_api_production_runtime_without_sql_repository_returns_unavailable) ... ok
test_workbench_api_queues_oa_sync_when_sql_snapshot_parser_version_is_stale (test_workbench_sql_runtime.WorkbenchSqlRuntimeTests.test_workbench_api_queues_oa_sync_when_sql_snapshot_parser_version_is_stale) ... ok
test_workbench_api_queues_oa_sync_when_sql_snapshot_projection_sync_version_is_stale (test_workbench_sql_runtime.WorkbenchSqlRuntimeTests.test_workbench_api_queues_oa_sync_when_sql_snapshot_projection_sync_version_is_stale) ... ok
test_workbench_api_returns_sql_read_model_without_sync_build (test_workbench_sql_runtime.WorkbenchSqlRuntimeTests.test_workbench_api_returns_sql_read_model_without_sync_build) ... ok
test_workbench_api_sql_contract_preserves_backend_only_fields (test_workbench_sql_runtime.WorkbenchSqlRuntimeTests.test_workbench_api_sql_contract_preserves_backend_only_fields) ... ok
test_workbench_events_stream_close_releases_active_stream_slot (test_workbench_sql_runtime.WorkbenchSqlRuntimeTests.test_workbench_events_stream_close_releases_active_stream_slot) ... ok
test_workbench_events_stream_emits_refresh_status_event (test_workbench_sql_runtime.WorkbenchSqlRuntimeTests.test_workbench_events_stream_emits_refresh_status_event) ... ok
test_workbench_events_stream_exposes_no_buffering_headers_and_heartbeat (test_workbench_sql_runtime.WorkbenchSqlRuntimeTests.test_workbench_events_stream_exposes_no_buffering_headers_and_heartbeat) ... ok
test_workbench_events_stream_maps_statuses_without_redis_pubsub (test_workbench_sql_runtime.WorkbenchSqlRuntimeTests.test_workbench_events_stream_maps_statuses_without_redis_pubsub) ... ok
test_workbench_group_detail_api_returns_full_group (test_workbench_sql_runtime.WorkbenchSqlRuntimeTests.test_workbench_group_detail_api_returns_full_group) ... ok
test_workbench_groups_api_redis_cache_is_separated_by_detail_level (test_workbench_sql_runtime.WorkbenchSqlRuntimeTests.test_workbench_groups_api_redis_cache_is_separated_by_detail_level) ... ok
test_workbench_groups_api_redis_cache_key_includes_canonical_filters (test_workbench_sql_runtime.WorkbenchSqlRuntimeTests.test_workbench_groups_api_redis_cache_key_includes_canonical_filters) ... ok
test_workbench_groups_api_redis_cache_key_includes_read_model_schema_version (test_workbench_sql_runtime.WorkbenchSqlRuntimeTests.test_workbench_groups_api_redis_cache_key_includes_read_model_schema_version) ... ok
test_workbench_groups_api_redis_cache_key_includes_search_mode (test_workbench_sql_runtime.WorkbenchSqlRuntimeTests.test_workbench_groups_api_redis_cache_key_includes_search_mode) ... ok
test_workbench_groups_api_redis_hit_does_not_query_database_cache_version (test_workbench_sql_runtime.WorkbenchSqlRuntimeTests.test_workbench_groups_api_redis_hit_does_not_query_database_cache_version) ... ok
test_workbench_groups_api_reports_missing_groups_table_as_unavailable (test_workbench_sql_runtime.WorkbenchSqlRuntimeTests.test_workbench_groups_api_reports_missing_groups_table_as_unavailable) ... {"kind": "workbench_read_model_status_metric", "metric": "workbench.read_model.status.count", "endpoint": "/api/workbench/groups", "scope_key": "all", "read_model_status": "unavailable", "reason": "migration_missing", "timestamp": "2026-07-05T20:50:02.191505"}
ok
test_workbench_groups_api_stale_refresh_status_bypasses_redis_payload (test_workbench_sql_runtime.WorkbenchSqlRuntimeTests.test_workbench_groups_api_stale_refresh_status_bypasses_redis_payload) ... {"kind": "workbench_read_model_status_metric", "metric": "workbench.read_model.status.count", "endpoint": "/api/workbench/groups", "scope_key": "all", "read_model_status": "refreshing", "reason": "sql_status", "timestamp": "2026-07-05T20:50:02.191599"}
ok
test_workbench_groups_api_uses_sql_groups_contract (test_workbench_sql_runtime.WorkbenchSqlRuntimeTests.test_workbench_groups_api_uses_sql_groups_contract) ... ok
test_workbench_invalidation_marks_dirty_scope_without_sync_rebuild (test_workbench_sql_runtime.WorkbenchSqlRuntimeTests.test_workbench_invalidation_marks_dirty_scope_without_sync_rebuild) ... ok
test_workbench_refresh_handler_can_enqueue_aggregate_without_legacy_enqueue_method (test_workbench_sql_runtime.WorkbenchSqlRuntimeTests.test_workbench_refresh_handler_can_enqueue_aggregate_without_legacy_enqueue_method) ... ok
test_workbench_refresh_handler_completes_all_after_aggregate_only_event (test_workbench_sql_runtime.WorkbenchSqlRuntimeTests.test_workbench_refresh_handler_completes_all_after_aggregate_only_event) ... ok
test_workbench_refresh_handler_completes_all_when_aggregate_publish_is_confirmed_despite_self_dirty_status (test_workbench_sql_runtime.WorkbenchSqlRuntimeTests.test_workbench_refresh_handler_completes_all_when_aggregate_publish_is_confirmed_despite_self_dirty_status) ... ok
test_workbench_refresh_handler_defers_all_aggregate_while_parent_scope_failed (test_workbench_sql_runtime.WorkbenchSqlRuntimeTests.test_workbench_refresh_handler_defers_all_aggregate_while_parent_scope_failed) ... ok
test_workbench_refresh_handler_defers_all_aggregate_while_parent_scope_refreshing (test_workbench_sql_runtime.WorkbenchSqlRuntimeTests.test_workbench_refresh_handler_defers_all_aggregate_while_parent_scope_refreshing) ... ok
test_workbench_refresh_handler_does_not_complete_dirty_scope_when_all_aggregate_did_not_publish (test_workbench_sql_runtime.WorkbenchSqlRuntimeTests.test_workbench_refresh_handler_does_not_complete_dirty_scope_when_all_aggregate_did_not_publish) ... ok
test_workbench_refresh_handler_enqueues_low_priority_all_aggregate_after_month_publish (test_workbench_sql_runtime.WorkbenchSqlRuntimeTests.test_workbench_refresh_handler_enqueues_low_priority_all_aggregate_after_month_publish) ... ok
test_workbench_refresh_handler_expands_all_into_month_shards (test_workbench_sql_runtime.WorkbenchSqlRuntimeTests.test_workbench_refresh_handler_expands_all_into_month_shards) ... ok
test_workbench_refresh_handler_rebuilds_scope_and_marks_dirty_scope_done (test_workbench_sql_runtime.WorkbenchSqlRuntimeTests.test_workbench_refresh_handler_rebuilds_scope_and_marks_dirty_scope_done) ... ok
test_workbench_refresh_handler_reports_warmup_error_without_failing_publish (test_workbench_sql_runtime.WorkbenchSqlRuntimeTests.test_workbench_refresh_handler_reports_warmup_error_without_failing_publish) ... ok
test_workbench_refresh_handler_requires_projection_builder_boundary (test_workbench_sql_runtime.WorkbenchSqlRuntimeTests.test_workbench_refresh_handler_requires_projection_builder_boundary) ... ok
test_workbench_refresh_handler_runs_all_aggregate_after_shard_publish_even_if_all_scope_source_is_newer (test_workbench_sql_runtime.WorkbenchSqlRuntimeTests.test_workbench_refresh_handler_runs_all_aggregate_after_shard_publish_even_if_all_scope_source_is_newer) ... ok
test_workbench_refresh_handler_skips_stale_source_version (test_workbench_sql_runtime.WorkbenchSqlRuntimeTests.test_workbench_refresh_handler_skips_stale_source_version) ... ok
test_workbench_refresh_handler_uses_coalescing_all_aggregate_enqueue_when_available (test_workbench_sql_runtime.WorkbenchSqlRuntimeTests.test_workbench_refresh_handler_uses_coalescing_all_aggregate_enqueue_when_available) ... ok
test_workbench_refresh_handler_warms_homepage_pages_after_publish (test_workbench_sql_runtime.WorkbenchSqlRuntimeTests.test_workbench_refresh_handler_warms_homepage_pages_after_publish) ... ok
test_workbench_refresh_status_api_exposes_dirty_scopes_and_worker_lag (test_workbench_sql_runtime.WorkbenchSqlRuntimeTests.test_workbench_refresh_status_api_exposes_dirty_scopes_and_worker_lag) ... ok
test_workbench_refresh_status_api_maps_statement_timeout_to_retryable_unavailable (test_workbench_sql_runtime.WorkbenchSqlRuntimeTests.test_workbench_refresh_status_api_maps_statement_timeout_to_retryable_unavailable) ... {"kind": "workbench_read_model_status_metric", "metric": "workbench.read_model.status.count", "endpoint": "/api/workbench/refresh-status", "scope_key": "all", "read_model_status": "refreshing", "reason": "query_timeout", "timestamp": "2026-07-05T20:50:02.192537"}
ok
test_workbench_refresh_status_api_normalizes_failed_dirty_scope (test_workbench_sql_runtime.WorkbenchSqlRuntimeTests.test_workbench_refresh_status_api_normalizes_failed_dirty_scope) ... ok
test_workbench_refresh_status_api_treats_requeued_failed_scope_as_refreshing (test_workbench_sql_runtime.WorkbenchSqlRuntimeTests.test_workbench_refresh_status_api_treats_requeued_failed_scope_as_refreshing) ... ok
test_workbench_rows_inherit_status_from_containing_group_zone (test_workbench_sql_runtime.WorkbenchSqlRuntimeTests.test_workbench_rows_inherit_status_from_containing_group_zone) ... ok
test_workbench_sql_source_versions_include_matching_rules_version_for_freshness (test_workbench_sql_runtime.WorkbenchSqlRuntimeTests.test_workbench_sql_source_versions_include_matching_rules_version_for_freshness) ... ok
test_workbench_summary_api_logs_stale_unavailable_status_metric (test_workbench_sql_runtime.WorkbenchSqlRuntimeTests.test_workbench_summary_api_logs_stale_unavailable_status_metric) ... ok
test_workbench_summary_api_missing_payload_enqueues_refreshing_contract (test_workbench_sql_runtime.WorkbenchSqlRuntimeTests.test_workbench_summary_api_missing_payload_enqueues_refreshing_contract) ... {"kind": "workbench_read_model_status_metric", "metric": "workbench.read_model.status.count", "endpoint": "/api/workbench/summary", "scope_key": "all", "read_model_status": "refreshing", "reason": "api_summary_miss", "timestamp": "2026-07-05T20:50:02.192952"}
ok
test_workbench_summary_api_reports_missing_groups_table_as_unavailable (test_workbench_sql_runtime.WorkbenchSqlRuntimeTests.test_workbench_summary_api_reports_missing_groups_table_as_unavailable) ... {"kind": "workbench_read_model_status_metric", "metric": "workbench.read_model.status.count", "endpoint": "/api/workbench/summary", "scope_key": "all", "read_model_status": "unavailable", "reason": "migration_missing", "timestamp": "2026-07-05T20:50:02.193010"}
ok
test_workbench_summary_api_stale_source_versions_preserves_backend_only_fields (test_workbench_sql_runtime.WorkbenchSqlRuntimeTests.test_workbench_summary_api_stale_source_versions_preserves_backend_only_fields) ... {"kind": "workbench_read_model_status_metric", "metric": "workbench.read_model.status.count", "endpoint": "/api/workbench/summary", "scope_key": "all", "read_model_status": "stale", "reason": "sql_status", "timestamp": "2026-07-05T20:50:02.193093"}
ok
test_workbench_summary_api_uses_sql_summary_contract (test_workbench_sql_runtime.WorkbenchSqlRuntimeTests.test_workbench_summary_api_uses_sql_summary_contract) ... ok
test_target_workbench_write_conflict_response_shape_is_stable (test_workbench_stale_write_contract.WorkbenchStaleWriteContractTests.test_target_workbench_write_conflict_response_shape_is_stable) ... ok
test_withdraw_preview_exposes_relation_identity_and_version_for_submit_expected_versions (test_workbench_stale_write_contract.WorkbenchStaleWriteContractTests.test_withdraw_preview_exposes_relation_identity_and_version_for_submit_expected_versions) ... {"kind": "workbench_read_model_status_metric", "metric": "workbench.read_model.status.count", "endpoint": "/api/workbench/rows/{row_id}", "scope_key": "2026-03", "read_model_status": "unavailable", "reason": "repository_unavailable", "timestamp": "2026-07-05T20:50:02.211507"}
{"kind": "workbench_read_model_status_metric", "metric": "workbench.read_model.status.count", "endpoint": "/api/workbench/rows/{row_id}", "scope_key": "2026-03", "read_model_status": "unavailable", "reason": "repository_unavailable", "timestamp": "2026-07-05T20:50:02.211615"}
{"kind": "workbench_read_model_status_metric", "metric": "workbench.read_model.status.count", "endpoint": "/api/workbench/rows/{row_id}", "scope_key": "2026-03", "read_model_status": "unavailable", "reason": "repository_unavailable", "timestamp": "2026-07-05T20:50:02.211691"}
ok
test_withdraw_submit_accepts_expected_versions_payload_without_breaking_existing_success_shape (test_workbench_stale_write_contract.WorkbenchStaleWriteContractTests.test_withdraw_submit_accepts_expected_versions_payload_without_breaking_existing_success_shape) ... {"kind": "workbench_read_model_status_metric", "metric": "workbench.read_model.status.count", "endpoint": "/api/workbench/rows/{row_id}", "scope_key": "2026-03", "read_model_status": "unavailable", "reason": "repository_unavailable", "timestamp": "2026-07-05T20:50:02.235897"}
{"kind": "workbench_read_model_status_metric", "metric": "workbench.read_model.status.count", "endpoint": "/api/workbench/rows/{row_id}", "scope_key": "2026-03", "read_model_status": "unavailable", "reason": "repository_unavailable", "timestamp": "2026-07-05T20:50:02.236018"}
{"kind": "workbench_read_model_status_metric", "metric": "workbench.read_model.status.count", "endpoint": "/api/workbench/rows/{row_id}", "scope_key": "2026-03", "read_model_status": "unavailable", "reason": "repository_unavailable", "timestamp": "2026-07-05T20:50:02.236093"}
ok
test_missing_relation_port_returns_manual_rows_only (test_workbench_supplemental_retained_oa_row_selector.WorkbenchSupplementalRetainedOaRowSelectorTests.test_missing_relation_port_returns_manual_rows_only) ... ok
test_selects_manual_and_bank_linked_oa_rows_after_cutoff (test_workbench_supplemental_retained_oa_row_selector.WorkbenchSupplementalRetainedOaRowSelectorTests.test_selects_manual_and_bank_linked_oa_rows_after_cutoff) ... ok
test_skips_relation_when_live_bank_rows_are_missing (test_workbench_supplemental_retained_oa_row_selector.WorkbenchSupplementalRetainedOaRowSelectorTests.test_skips_relation_when_live_bank_rows_are_missing) ... ok
test_company_suffix_alone_is_not_valid_match_evidence (test_workbench_text_normalization.WorkbenchTextNormalizationTests.test_company_suffix_alone_is_not_valid_match_evidence) ... ok
test_evidence_tokens_preserve_source_fields_for_all_free_matching_sources (test_workbench_text_normalization.WorkbenchTextNormalizationTests.test_evidence_tokens_preserve_source_fields_for_all_free_matching_sources) ... ok
test_low_information_words_cannot_match_alone (test_workbench_text_normalization.WorkbenchTextNormalizationTests.test_low_information_words_cannot_match_alone) ... ok
test_matching_tokens_reports_both_source_fields (test_workbench_text_normalization.WorkbenchTextNormalizationTests.test_matching_tokens_reports_both_source_fields) ... ok
test_normalization_removes_suffix_punctuation_spaces_and_width (test_workbench_text_normalization.WorkbenchTextNormalizationTests.test_normalization_removes_suffix_punctuation_spaces_and_width) ... ok
test_bank_only_turnover_manual_closure_rows_stay_open_until_three_way_complete (test_workbench_turnover_grouping.WorkbenchTurnoverGroupingTests.test_bank_only_turnover_manual_closure_rows_stay_open_until_three_way_complete) ... ok
test_confirmed_turnover_relation_does_not_group_bank_rows_in_workbench (test_workbench_turnover_grouping.WorkbenchTurnoverGroupingTests.test_confirmed_turnover_relation_does_not_group_bank_rows_in_workbench) ... ok
test_deterministic_turnover_relation_does_not_extract_bank_rows_from_candidate_group (test_workbench_turnover_grouping.WorkbenchTurnoverGroupingTests.test_deterministic_turnover_relation_does_not_extract_bank_rows_from_candidate_group) ... ok
test_deterministic_turnover_relation_does_not_group_bank_rows_in_workbench (test_workbench_turnover_grouping.WorkbenchTurnoverGroupingTests.test_deterministic_turnover_relation_does_not_group_bank_rows_in_workbench) ... ok
test_manual_pair_relation_occupied_bank_row_is_not_overridden_by_turnover_relation (test_workbench_turnover_grouping.WorkbenchTurnoverGroupingTests.test_manual_pair_relation_occupied_bank_row_is_not_overridden_by_turnover_relation) ... ok
test_non_syncable_turnover_relations_do_not_group_bank_rows (test_workbench_turnover_grouping.WorkbenchTurnoverGroupingTests.test_non_syncable_turnover_relations_do_not_group_bank_rows) ... ok
test_sync_false_deterministic_relation_does_not_group_bank_rows (test_workbench_turnover_grouping.WorkbenchTurnoverGroupingTests.test_sync_false_deterministic_relation_does_not_group_bank_rows) ... ok
test_three_pane_turnover_manual_closure_rows_render_as_paired_case (test_workbench_turnover_grouping.WorkbenchTurnoverGroupingTests.test_three_pane_turnover_manual_closure_rows_render_as_paired_case) ... ok
test_turnover_relation_does_not_extract_from_real_open_exception_case (test_workbench_turnover_grouping.WorkbenchTurnoverGroupingTests.test_turnover_relation_does_not_extract_from_real_open_exception_case) ... ok
test_two_pane_turnover_manual_closure_rows_stay_open_until_invoice_exists (test_workbench_turnover_grouping.WorkbenchTurnoverGroupingTests.test_two_pane_turnover_manual_closure_rows_stay_open_until_invoice_exists) ... ok
test_two_pane_turnover_manual_closure_with_no_invoice_requirement_is_paired (test_workbench_turnover_grouping.WorkbenchTurnoverGroupingTests.test_two_pane_turnover_manual_closure_with_no_invoice_requirement_is_paired) ... ok
test_legacy_read_model_without_source_versions_rebuilds_for_turnover_relations (test_workbench_turnover_grouping.WorkbenchTurnoverReadModelCacheTests.test_legacy_read_model_without_source_versions_rebuilds_for_turnover_relations) ... ok
test_read_model_missing_turnover_source_version_rebuilds (test_workbench_turnover_grouping.WorkbenchTurnoverReadModelCacheTests.test_read_model_missing_turnover_source_version_rebuilds) ... ok
test_turnover_relation_source_version_is_stable_for_unchanged_inputs (test_workbench_turnover_grouping.WorkbenchTurnoverReadModelCacheTests.test_turnover_relation_source_version_is_stable_for_unchanged_inputs) ... ok
test_cancel_link_rejects_stale_replaced_relation (test_workbench_uow_contract.WorkbenchUoWContractTests.test_cancel_link_rejects_stale_replaced_relation) ... ok
test_cash_special_idempotency_key_does_not_append_duplicate_history (test_workbench_uow_contract.WorkbenchUoWContractTests.test_cash_special_idempotency_key_does_not_append_duplicate_history) ... ok
test_cash_special_rejects_changed_relation_version (test_workbench_uow_contract.WorkbenchUoWContractTests.test_cash_special_rejects_changed_relation_version) ... ok
test_confirm_link_commits_pair_relation_history_dirty_scope_and_outbox_in_one_transaction (test_workbench_uow_contract.WorkbenchUoWContractTests.test_confirm_link_commits_pair_relation_history_dirty_scope_and_outbox_in_one_transaction) ... ok
test_confirm_link_idempotency_key_replays_first_result_without_duplicate_history (test_workbench_uow_contract.WorkbenchUoWContractTests.test_confirm_link_idempotency_key_replays_first_result_without_duplicate_history) ... ok
test_confirm_link_outbox_failure_rolls_back_pair_relation_and_history (test_workbench_uow_contract.WorkbenchUoWContractTests.test_confirm_link_outbox_failure_rolls_back_pair_relation_and_history) ... ok
test_confirm_link_preserves_relation_refresh_metadata_in_transactional_outbox (test_workbench_uow_contract.WorkbenchUoWContractTests.test_confirm_link_preserves_relation_refresh_metadata_in_transactional_outbox) ... ok
test_confirm_link_relation_refresh_metadata_normalizes_cost_statistics_targets (test_workbench_uow_contract.WorkbenchUoWContractTests.test_confirm_link_relation_refresh_metadata_normalizes_cost_statistics_targets) ... ok
test_exception_apply_commits_case_override_candidate_dirty_scope_and_outbox_in_one_transaction (test_workbench_uow_contract.WorkbenchUoWContractTests.test_exception_apply_commits_case_override_candidate_dirty_scope_and_outbox_in_one_transaction) ... ok
test_exception_apply_idempotency_key_replays_first_result_without_duplicate_case_or_outbox (test_workbench_uow_contract.WorkbenchUoWContractTests.test_exception_apply_idempotency_key_replays_first_result_without_duplicate_case_or_outbox) ... ok
test_existing_failed_different_fingerprint_still_conflicts_without_transaction (test_workbench_uow_contract.WorkbenchUoWContractTests.test_existing_failed_different_fingerprint_still_conflicts_without_transaction) ... ok
test_existing_failed_same_fingerprint_returns_failed_without_handler_transaction_or_outbox (test_workbench_uow_contract.WorkbenchUoWContractTests.test_existing_failed_same_fingerprint_returns_failed_without_handler_transaction_or_outbox) ... ok
test_existing_reserved_transaction_outcome_does_not_execute_handler_dirty_scope_or_commit (test_workbench_uow_contract.WorkbenchUoWContractTests.test_existing_reserved_transaction_outcome_does_not_execute_handler_dirty_scope_or_commit) ... ok
test_expired_reserved_different_fingerprint_still_conflicts_without_takeover (test_workbench_uow_contract.WorkbenchUoWContractTests.test_expired_reserved_different_fingerprint_still_conflicts_without_takeover) ... ok
test_expired_reserved_same_fingerprint_is_taken_over_inside_transaction (test_workbench_uow_contract.WorkbenchUoWContractTests.test_expired_reserved_same_fingerprint_is_taken_over_inside_transaction) ... ok
test_idempotency_reserve_and_commit_use_transaction_bound_store (test_workbench_uow_contract.WorkbenchUoWContractTests.test_idempotency_reserve_and_commit_use_transaction_bound_store) ... ok
test_ignore_row_rejects_when_row_already_confirmed (test_workbench_uow_contract.WorkbenchUoWContractTests.test_ignore_row_rejects_when_row_already_confirmed) ... ok
test_outbox_payload_contains_source_version_for_each_dirty_scope (test_workbench_uow_contract.WorkbenchUoWContractTests.test_outbox_payload_contains_source_version_for_each_dirty_scope) ... ok
test_personal_advance_repayment_rolls_back_case_and_relation_when_dirty_scope_fails (test_workbench_uow_contract.WorkbenchUoWContractTests.test_personal_advance_repayment_rolls_back_case_and_relation_when_dirty_scope_fails) ... ok
test_read_model_refresh_writer_bumps_source_version_and_writes_matching_outbox_payload (test_workbench_uow_contract.WorkbenchUoWContractTests.test_read_model_refresh_writer_bumps_source_version_and_writes_matching_outbox_payload) ... ok
test_read_model_refresh_writer_failure_rolls_back_transaction (test_workbench_uow_contract.WorkbenchUoWContractTests.test_read_model_refresh_writer_failure_rolls_back_transaction) ... ok
test_read_model_refresh_writer_uses_batch_repository_interface_when_available (test_workbench_uow_contract.WorkbenchUoWContractTests.test_read_model_refresh_writer_uses_batch_repository_interface_when_available) ... ok
test_read_model_refresh_writer_uses_supplied_transaction_without_opening_nested_transaction (test_workbench_uow_contract.WorkbenchUoWContractTests.test_read_model_refresh_writer_uses_supplied_transaction_without_opening_nested_transaction) ... ok
test_relation_write_uow_uses_batch_read_model_refresh_writer_when_available (test_workbench_uow_contract.WorkbenchUoWContractTests.test_relation_write_uow_uses_batch_read_model_refresh_writer_when_available) ... ok
test_withdraw_submit_rejects_stale_preview_relation_version (test_workbench_uow_contract.WorkbenchUoWContractTests.test_withdraw_submit_rejects_stale_preview_relation_version) ... ok
test_worker_completion_cannot_mark_newer_dirty_scope_done_from_older_event (test_workbench_uow_contract.WorkbenchUoWContractTests.test_worker_completion_cannot_mark_newer_dirty_scope_done_from_older_event) ... ok
test_salary_and_internal_transfer_are_not_system_auto_pair_relation_modes (test_workbench_v2_api.WorkbenchSystemAutoPairModePolicyTests.test_salary_and_internal_transfer_are_not_system_auto_pair_relation_modes) ... ok
test_all_scope_cached_read_model_rebuilds_when_candidate_snapshot_is_missing (test_workbench_v2_api.WorkbenchV2ApiTests.test_all_scope_cached_read_model_rebuilds_when_candidate_snapshot_is_missing) ... ok
test_all_scope_refreshes_stale_candidate_run_before_using_matching_cache (test_workbench_v2_api.WorkbenchV2ApiTests.test_all_scope_refreshes_stale_candidate_run_before_using_matching_cache) ... ok
test_amount_only_oa_bank_rows_do_not_share_case_id_or_open_group (test_workbench_v2_api.WorkbenchV2ApiTests.test_amount_only_oa_bank_rows_do_not_share_case_id_or_open_group) ... ok
test_api_workbench_actions_return_unified_result_structure (test_workbench_v2_api.WorkbenchV2ApiTests.test_api_workbench_actions_return_unified_result_structure) ... {"kind": "workbench_action_timing", "request_id": "8bc4e6688c49", "action": "confirm_link", "phase": "oa_auth", "duration_ms": 0.017, "timestamp": "2026-07-05T20:50:02.353191"}
{"kind": "workbench_action_timing", "request_id": "8bc4e6688c49", "action": "confirm_link", "phase": "resolve_rows", "duration_ms": 0.001, "timestamp": "2026-07-05T20:50:02.353982", "detail": "rows=3"}
{"kind": "workbench_action_timing", "request_id": "8bc4e6688c49", "action": "confirm_link", "phase": "pair_relation_update", "duration_ms": 0.375, "timestamp": "2026-07-05T20:50:02.354397", "detail": "case_id=CASE-API-202603-001"}
{"kind": "workbench_action_timing", "request_id": "8bc4e6688c49", "action": "confirm_link", "phase": "invalidate_read_model_scopes", "duration_ms": 0.295, "timestamp": "2026-07-05T20:50:02.354717", "detail": "2026-03"}
{"kind": "workbench_action_timing", "request_id": "8bc4e6688c49", "action": "confirm_link", "phase": "schedule_background_persist", "duration_ms": 0.32, "timestamp": "2026-07-05T20:50:02.354733"}
{"kind": "workbench_action_timing", "request_id": "8bc4e6688c49", "action": "confirm_link", "phase": "request_total", "duration_ms": 1.771, "timestamp": "2026-07-05T20:50:02.354928", "status": 200}
{"kind": "workbench_action_timing", "request_id": "d9332be5dc2c", "action": "cancel_link", "phase": "oa_auth", "duration_ms": 0.01, "timestamp": "2026-07-05T20:50:02.362915"}
{"kind": "workbench_action_timing", "request_id": "d9332be5dc2c", "action": "cancel_link", "phase": "resolve_rows", "duration_ms": 0.017, "timestamp": "2026-07-05T20:50:02.362985", "detail": "rows=3"}
{"kind": "workbench_action_timing", "request_id": "d9332be5dc2c", "action": "cancel_link", "phase": "pair_relation_update", "duration_ms": 0.769, "timestamp": "2026-07-05T20:50:02.363809", "detail": "row_id=bk-o-202603-002"}
{"kind": "workbench_action_timing", "request_id": "d9332be5dc2c", "action": "cancel_link", "phase": "invalidate_read_model_scopes", "duration_ms": 0.326, "timestamp": "2026-07-05T20:50:02.364167", "detail": "all,2026-03"}
{"kind": "workbench_action_timing", "request_id": "d9332be5dc2c", "action": "cancel_link", "phase": "schedule_background_persist", "duration_ms": 0.349, "timestamp": "2026-07-05T20:50:02.364185"}
{"kind": "workbench_action_timing", "request_id": "d9332be5dc2c", "action": "cancel_link", "phase": "request_total", "duration_ms": 1.338, "timestamp": "2026-07-05T20:50:02.364232", "status": 200}
ok
test_application_loads_state_without_workbench_candidate_matches (test_workbench_v2_api.WorkbenchV2ApiTests.test_application_loads_state_without_workbench_candidate_matches) ... ok
test_application_restores_workbench_candidate_match_service_from_state (test_workbench_v2_api.WorkbenchV2ApiTests.test_application_restores_workbench_candidate_match_service_from_state) ... ok
test_apply_candidate_matches_does_not_link_multi_row_needs_review_candidate (test_workbench_v2_api.WorkbenchV2ApiTests.test_apply_candidate_matches_does_not_link_multi_row_needs_review_candidate) ... ok
test_apply_candidate_matches_links_multi_row_auto_closed_candidate (test_workbench_v2_api.WorkbenchV2ApiTests.test_apply_candidate_matches_links_multi_row_auto_closed_candidate) ... ok
test_background_persist_emits_timing_logs (test_workbench_v2_api.WorkbenchV2ApiTests.test_background_persist_emits_timing_logs) ... ok
test_bank_details_api_filters_by_auto_category_primary_and_sub_label (test_workbench_v2_api.WorkbenchV2ApiTests.test_bank_details_api_filters_by_auto_category_primary_and_sub_label) ... ok
test_bank_details_api_filters_uncategorized_rows (test_workbench_v2_api.WorkbenchV2ApiTests.test_bank_details_api_filters_uncategorized_rows) ... ok
test_bank_details_api_ignores_raw_workbench_group_relation_fallback (test_workbench_v2_api.WorkbenchV2ApiTests.test_bank_details_api_ignores_raw_workbench_group_relation_fallback) ... ok
test_bank_details_api_passes_keyword_to_server_side_transaction_search (test_workbench_v2_api.WorkbenchV2ApiTests.test_bank_details_api_passes_keyword_to_server_side_transaction_search) ... ok
test_bank_details_api_projects_candidate_oa_without_invoice_tags_across_months (test_workbench_v2_api.WorkbenchV2ApiTests.test_bank_details_api_projects_candidate_oa_without_invoice_tags_across_months) ... ok
test_bank_details_api_projects_workbench_relation_tags (test_workbench_v2_api.WorkbenchV2ApiTests.test_bank_details_api_projects_workbench_relation_tags) ... ok
test_bank_details_api_returns_auto_and_effective_category_fields (test_workbench_v2_api.WorkbenchV2ApiTests.test_bank_details_api_returns_auto_and_effective_category_fields) ... ok
test_bank_details_export_api_returns_xlsx_and_records_audit (test_workbench_v2_api.WorkbenchV2ApiTests.test_bank_details_export_api_returns_xlsx_and_records_audit) ... ok
test_bank_details_export_api_uses_sql_read_model_refresh_contract_in_sql_runtime (test_workbench_v2_api.WorkbenchV2ApiTests.test_bank_details_export_api_uses_sql_read_model_refresh_contract_in_sql_runtime) ... ok
test_bank_details_export_api_validates_account_mode_and_row_limit (test_workbench_v2_api.WorkbenchV2ApiTests.test_bank_details_export_api_validates_account_mode_and_row_limit) ... ok
test_bank_import_confirm_invalidates_workbench_read_model (test_workbench_v2_api.WorkbenchV2ApiTests.test_bank_import_confirm_invalidates_workbench_read_model) ... ok
test_batch_accounting_mismatch_note_projects_to_paired_bank_row (test_workbench_v2_api.WorkbenchV2ApiTests.test_batch_accounting_mismatch_note_projects_to_paired_bank_row) ... ok
test_batch_accounting_mismatch_with_note_has_no_exception_or_ledger_side_effects (test_workbench_v2_api.WorkbenchV2ApiTests.test_batch_accounting_mismatch_with_note_has_no_exception_or_ledger_side_effects) ... ok
test_cancel_exception_does_not_full_sync_all_oa_rows_after_read_model_invalidation (test_workbench_v2_api.WorkbenchV2ApiTests.test_cancel_exception_does_not_full_sync_all_oa_rows_after_read_model_invalidation) ... ok
test_cancel_exception_invalidates_only_changed_scopes_and_rebuilds_in_background (test_workbench_v2_api.WorkbenchV2ApiTests.test_cancel_exception_invalidates_only_changed_scopes_and_rebuilds_in_background) ... ok
test_cancel_exception_keeps_live_rows_in_open_state_after_revert (test_workbench_v2_api.WorkbenchV2ApiTests.test_cancel_exception_keeps_live_rows_in_open_state_after_revert) ... ok
test_cancel_exception_resolves_all_scope_bank_rows_without_oa_query_service (test_workbench_v2_api.WorkbenchV2ApiTests.test_cancel_exception_resolves_all_scope_bank_rows_without_oa_query_service) ... ok
test_cancel_exception_resolves_selected_rows_without_rebuilding_grouped_workbench (test_workbench_v2_api.WorkbenchV2ApiTests.test_cancel_exception_resolves_selected_rows_without_rebuilding_grouped_workbench) ... ok
test_cancel_exception_returns_processed_rows_to_open_state (test_workbench_v2_api.WorkbenchV2ApiTests.test_cancel_exception_returns_processed_rows_to_open_state) ... ok
test_cancel_link_does_not_resolve_source_rows_in_hot_path (test_workbench_v2_api.WorkbenchV2ApiTests.test_cancel_link_does_not_resolve_source_rows_in_hot_path) ... ok
test_cancel_link_uses_existing_case_members_without_rebuilding_workbench (test_workbench_v2_api.WorkbenchV2ApiTests.test_cancel_link_uses_existing_case_members_without_rebuilding_workbench) ... ok
test_confirm_and_cancel_link_defer_read_model_persistence_to_background (test_workbench_v2_api.WorkbenchV2ApiTests.test_confirm_and_cancel_link_defer_read_model_persistence_to_background) ... ok
test_confirm_and_cancel_link_invalidate_cached_read_model_for_follow_up_get (test_workbench_v2_api.WorkbenchV2ApiTests.test_confirm_and_cancel_link_invalidate_cached_read_model_for_follow_up_get) ... {"kind": "workbench_action_timing", "request_id": "592f977f813b", "action": "confirm_link", "phase": "oa_auth", "duration_ms": 0.014, "timestamp": "2026-07-05T20:50:02.785158"}
{"kind": "workbench_action_timing", "request_id": "592f977f813b", "action": "confirm_link", "phase": "resolve_rows", "duration_ms": 0.001, "timestamp": "2026-07-05T20:50:02.785972", "detail": "rows=3"}
{"kind": "workbench_action_timing", "request_id": "592f977f813b", "action": "confirm_link", "phase": "pair_relation_update", "duration_ms": 0.376, "timestamp": "2026-07-05T20:50:02.786387", "detail": "case_id=CASE-HOT-READMODEL-001"}
{"kind": "workbench_action_timing", "request_id": "592f977f813b", "action": "confirm_link", "phase": "invalidate_read_model_scopes", "duration_ms": 0.288, "timestamp": "2026-07-05T20:50:02.786700", "detail": "2026-03"}
{"kind": "workbench_action_timing", "request_id": "592f977f813b", "action": "confirm_link", "phase": "schedule_background_persist", "duration_ms": 0.39, "timestamp": "2026-07-05T20:50:02.786793"}
{"kind": "workbench_action_timing", "request_id": "592f977f813b", "action": "confirm_link", "phase": "request_total", "duration_ms": 1.87, "timestamp": "2026-07-05T20:50:02.786997", "status": 200}
{"kind": "workbench_action_timing", "request_id": "d2d71e64a245", "action": "cancel_link", "phase": "oa_auth", "duration_ms": 0.011, "timestamp": "2026-07-05T20:50:02.794993"}
{"kind": "workbench_action_timing", "request_id": "d2d71e64a245", "action": "cancel_link", "phase": "resolve_rows", "duration_ms": 0.017, "timestamp": "2026-07-05T20:50:02.795062", "detail": "rows=3"}
{"kind": "workbench_action_timing", "request_id": "d2d71e64a245", "action": "cancel_link", "phase": "pair_relation_update", "duration_ms": 0.647, "timestamp": "2026-07-05T20:50:02.795763", "detail": "row_id=bk-o-202603-002"}
{"kind": "workbench_action_timing", "request_id": "d2d71e64a245", "action": "cancel_link", "phase": "invalidate_read_model_scopes", "duration_ms": 0.282, "timestamp": "2026-07-05T20:50:02.796061", "detail": "all,2026-03"}
{"kind": "workbench_action_timing", "request_id": "d2d71e64a245", "action": "cancel_link", "phase": "schedule_background_persist", "duration_ms": 0.363, "timestamp": "2026-07-05T20:50:02.796140"}
{"kind": "workbench_action_timing", "request_id": "d2d71e64a245", "action": "cancel_link", "phase": "request_total", "duration_ms": 1.208, "timestamp": "2026-07-05T20:50:02.796180", "status": 200}
ok
test_confirm_and_cancel_link_rebuild_live_cache_only_once_per_action (test_workbench_v2_api.WorkbenchV2ApiTests.test_confirm_and_cancel_link_rebuild_live_cache_only_once_per_action) ... ok
test_confirm_link_does_not_resolve_source_rows_in_hot_path (test_workbench_v2_api.WorkbenchV2ApiTests.test_confirm_link_does_not_resolve_source_rows_in_hot_path) ... {"kind": "workbench_read_model_status_metric", "metric": "workbench.read_model.status.count", "endpoint": "/api/workbench/rows/{row_id}", "scope_key": "all", "read_model_status": "unavailable", "reason": "repository_unavailable", "timestamp": "2026-07-05T20:50:02.829916"}
{"kind": "workbench_read_model_status_metric", "metric": "workbench.read_model.status.count", "endpoint": "/api/workbench/rows/{row_id}", "scope_key": "all", "read_model_status": "unavailable", "reason": "repository_unavailable", "timestamp": "2026-07-05T20:50:02.830065"}
{"kind": "workbench_read_model_status_metric", "metric": "workbench.read_model.status.count", "endpoint": "/api/workbench/rows/{row_id}", "scope_key": "all", "read_model_status": "unavailable", "reason": "repository_unavailable", "timestamp": "2026-07-05T20:50:02.830150"}
ok
test_confirm_link_emits_phased_timing_logs (test_workbench_v2_api.WorkbenchV2ApiTests.test_confirm_link_emits_phased_timing_logs) ... ok
test_confirm_link_expands_oa_attachment_context_from_all_scope_read_model_when_month_filter_hides_invoice (test_workbench_v2_api.WorkbenchV2ApiTests.test_confirm_link_expands_oa_attachment_context_from_all_scope_read_model_when_month_filter_hides_invoice) ... {"kind": "workbench_action_timing", "request_id": "4526b81250bf", "action": "confirm_link", "phase": "oa_auth", "duration_ms": 0.01, "timestamp": "2026-07-05T20:50:02.855558"}
{"kind": "workbench_action_timing", "request_id": "4526b81250bf", "action": "confirm_link", "phase": "resolve_rows", "duration_ms": 0.001, "timestamp": "2026-07-05T20:50:02.855871", "detail": "rows=3"}
{"kind": "workbench_action_timing", "request_id": "4526b81250bf", "action": "confirm_link", "phase": "pair_relation_update", "duration_ms": 0.363, "timestamp": "2026-07-05T20:50:02.856271", "detail": "case_id=CASE-FULL-HIDDEN-INVOICE"}
{"kind": "workbench_action_timing", "request_id": "4526b81250bf", "action": "confirm_link", "phase": "invalidate_read_model_scopes", "duration_ms": 0.307, "timestamp": "2026-07-05T20:50:02.856602", "detail": "2026-05"}
{"kind": "workbench_action_timing", "request_id": "4526b81250bf", "action": "confirm_link", "phase": "schedule_background_persist", "duration_ms": 0.331, "timestamp": "2026-07-05T20:50:02.856617"}
{"kind": "workbench_action_timing", "request_id": "4526b81250bf", "action": "confirm_link", "phase": "request_total", "duration_ms": 1.18, "timestamp": "2026-07-05T20:50:02.856712", "status": 200}
ok
test_confirm_link_falls_back_to_underlying_live_row_services_when_group_payload_is_missing_selected_rows (test_workbench_v2_api.WorkbenchV2ApiTests.test_confirm_link_falls_back_to_underlying_live_row_services_when_group_payload_is_missing_selected_rows) ... {"kind": "workbench_action_timing", "request_id": "d682ef2c4fbf", "action": "confirm_link", "phase": "oa_auth", "duration_ms": 0.016, "timestamp": "2026-07-05T20:50:02.863318"}
{"kind": "workbench_read_model_status_metric", "metric": "workbench.read_model.status.count", "endpoint": "/api/workbench/rows/{row_id}", "scope_key": "2026-03", "read_model_status": "unavailable", "reason": "repository_unavailable", "timestamp": "2026-07-05T20:50:02.863463"}
{"kind": "workbench_read_model_status_metric", "metric": "workbench.read_model.status.count", "endpoint": "/api/workbench/rows/{row_id}", "scope_key": "2026-03", "read_model_status": "unavailable", "reason": "repository_unavailable", "timestamp": "2026-07-05T20:50:02.863628"}
{"kind": "workbench_action_timing", "request_id": "d682ef2c4fbf", "action": "confirm_link", "phase": "resolve_rows", "duration_ms": 0.002, "timestamp": "2026-07-05T20:50:02.863909", "detail": "rows=2"}
{"kind": "workbench_action_timing", "request_id": "d682ef2c4fbf", "action": "confirm_link", "phase": "pair_relation_update", "duration_ms": 0.388, "timestamp": "2026-07-05T20:50:02.864375", "detail": "case_id=CASE-AUTO-0001"}
{"kind": "workbench_action_timing", "request_id": "d682ef2c4fbf", "action": "confirm_link", "phase": "invalidate_read_model_scopes", "duration_ms": 0.316, "timestamp": "2026-07-05T20:50:02.864727", "detail": "2026-03"}
{"kind": "workbench_action_timing", "request_id": "d682ef2c4fbf", "action": "confirm_link", "phase": "schedule_background_persist", "duration_ms": 0.351, "timestamp": "2026-07-05T20:50:02.864749"}
{"kind": "workbench_action_timing", "request_id": "d682ef2c4fbf", "action": "confirm_link", "phase": "request_total", "duration_ms": 1.614, "timestamp": "2026-07-05T20:50:02.864898", "status": 200}
ok
test_confirm_link_ignores_empty_row_ids_in_minimal_hot_path (test_workbench_v2_api.WorkbenchV2ApiTests.test_confirm_link_ignores_empty_row_ids_in_minimal_hot_path) ... {"kind": "workbench_read_model_status_metric", "metric": "workbench.read_model.status.count", "endpoint": "/api/workbench/rows/{row_id}", "scope_key": "2026-03", "read_model_status": "unavailable", "reason": "repository_unavailable", "timestamp": "2026-07-05T20:50:02.874899"}
{"kind": "workbench_read_model_status_metric", "metric": "workbench.read_model.status.count", "endpoint": "/api/workbench/rows/{row_id}", "scope_key": "2026-03", "read_model_status": "unavailable", "reason": "repository_unavailable", "timestamp": "2026-07-05T20:50:02.875071"}
ok
test_confirm_link_includes_active_relation_rows_for_selected_oa_context (test_workbench_v2_api.WorkbenchV2ApiTests.test_confirm_link_includes_active_relation_rows_for_selected_oa_context) ... {"kind": "workbench_action_timing", "request_id": "0b18eeea54d8", "action": "confirm_link", "phase": "oa_auth", "duration_ms": 0.01, "timestamp": "2026-07-05T20:50:02.883587"}
{"kind": "workbench_action_timing", "request_id": "0b18eeea54d8", "action": "confirm_link", "phase": "resolve_rows", "duration_ms": 0.002, "timestamp": "2026-07-05T20:50:02.883920", "detail": "rows=3"}
{"kind": "workbench_action_timing", "request_id": "0b18eeea54d8", "action": "confirm_link", "phase": "pair_relation_update", "duration_ms": 0.6, "timestamp": "2026-07-05T20:50:02.884583", "detail": "case_id=CASE-ACTIVE-CONTEXT-FULL"}
{"kind": "workbench_action_timing", "request_id": "0b18eeea54d8", "action": "confirm_link", "phase": "invalidate_read_model_scopes", "duration_ms": 0.311, "timestamp": "2026-07-05T20:50:02.884923", "detail": "2026-05"}
{"kind": "workbench_action_timing", "request_id": "0b18eeea54d8", "action": "confirm_link", "phase": "schedule_background_persist", "duration_ms": 0.34, "timestamp": "2026-07-05T20:50:02.884943"}
{"kind": "workbench_action_timing", "request_id": "0b18eeea54d8", "action": "confirm_link", "phase": "request_total", "duration_ms": 1.488, "timestamp": "2026-07-05T20:50:02.885046", "status": 200}
ok
test_confirm_link_includes_existing_oa_attachment_context_rows (test_workbench_v2_api.WorkbenchV2ApiTests.test_confirm_link_includes_existing_oa_attachment_context_rows) ... {"kind": "workbench_action_timing", "request_id": "fac448ea6c08", "action": "confirm_link", "phase": "oa_auth", "duration_ms": 0.009, "timestamp": "2026-07-05T20:50:02.894878"}
{"kind": "workbench_action_timing", "request_id": "fac448ea6c08", "action": "confirm_link", "phase": "resolve_rows", "duration_ms": 0.001, "timestamp": "2026-07-05T20:50:02.895215", "detail": "rows=3"}
{"kind": "workbench_action_timing", "request_id": "fac448ea6c08", "action": "confirm_link", "phase": "pair_relation_update", "duration_ms": 0.367, "timestamp": "2026-07-05T20:50:02.895619", "detail": "case_id=CASE-FULL-WITH-ATTACHMENT"}
{"kind": "workbench_action_timing", "request_id": "fac448ea6c08", "action": "confirm_link", "phase": "invalidate_read_model_scopes", "duration_ms": 0.306, "timestamp": "2026-07-05T20:50:02.895950", "detail": "2026-05"}
{"kind": "workbench_action_timing", "request_id": "fac448ea6c08", "action": "confirm_link", "phase": "schedule_background_persist", "duration_ms": 0.332, "timestamp": "2026-07-05T20:50:02.895966"}
{"kind": "workbench_action_timing", "request_id": "fac448ea6c08", "action": "confirm_link", "phase": "request_total", "duration_ms": 1.219, "timestamp": "2026-07-05T20:50:02.896078", "status": 200}
ok
test_confirm_link_includes_existing_oa_attachment_context_when_bank_and_invoice_selected (test_workbench_v2_api.WorkbenchV2ApiTests.test_confirm_link_includes_existing_oa_attachment_context_when_bank_and_invoice_selected) ... {"kind": "workbench_action_timing", "request_id": "d65558eb97a6", "action": "confirm_link", "phase": "oa_auth", "duration_ms": 0.01, "timestamp": "2026-07-05T20:50:02.906008"}
{"kind": "workbench_action_timing", "request_id": "d65558eb97a6", "action": "confirm_link", "phase": "resolve_rows", "duration_ms": 0.001, "timestamp": "2026-07-05T20:50:02.906323", "detail": "rows=3"}
{"kind": "workbench_action_timing", "request_id": "d65558eb97a6", "action": "confirm_link", "phase": "pair_relation_update", "duration_ms": 0.378, "timestamp": "2026-07-05T20:50:02.906745", "detail": "case_id=CASE-FULL-WITH-OA-CONTEXT"}
{"kind": "workbench_action_timing", "request_id": "d65558eb97a6", "action": "confirm_link", "phase": "invalidate_read_model_scopes", "duration_ms": 0.308, "timestamp": "2026-07-05T20:50:02.907079", "detail": "2026-05"}
{"kind": "workbench_action_timing", "request_id": "d65558eb97a6", "action": "confirm_link", "phase": "schedule_background_persist", "duration_ms": 0.334, "timestamp": "2026-07-05T20:50:02.907095"}
{"kind": "workbench_action_timing", "request_id": "d65558eb97a6", "action": "confirm_link", "phase": "request_total", "duration_ms": 1.225, "timestamp": "2026-07-05T20:50:02.907210", "status": 200}
ok
test_confirm_link_persists_pair_relation_without_pairing_override (test_workbench_v2_api.WorkbenchV2ApiTests.test_confirm_link_persists_pair_relation_without_pairing_override) ... {"kind": "workbench_action_timing", "request_id": "25bb7d6503e7", "action": "confirm_link", "phase": "oa_auth", "duration_ms": 0.017, "timestamp": "2026-07-05T20:50:02.922084"}
{"kind": "workbench_action_timing", "request_id": "25bb7d6503e7", "action": "confirm_link", "phase": "resolve_rows", "duration_ms": 0.001, "timestamp": "2026-07-05T20:50:02.922920", "detail": "rows=3"}
{"kind": "workbench_action_timing", "request_id": "25bb7d6503e7", "action": "confirm_link", "phase": "pair_relation_update", "duration_ms": 0.388, "timestamp": "2026-07-05T20:50:02.923350", "detail": "case_id=CASE-PAIR-ONLY-001"}
{"kind": "workbench_action_timing", "request_id": "25bb7d6503e7", "action": "confirm_link", "phase": "invalidate_read_model_scopes", "duration_ms": 0.312, "timestamp": "2026-07-05T20:50:02.923692", "detail": "2026-03"}
{"kind": "workbench_action_timing", "request_id": "25bb7d6503e7", "action": "confirm_link", "phase": "schedule_background_persist", "duration_ms": 0.341, "timestamp": "2026-07-05T20:50:02.923707"}
{"kind": "workbench_action_timing", "request_id": "25bb7d6503e7", "action": "confirm_link", "phase": "request_total", "duration_ms": 1.859, "timestamp": "2026-07-05T20:50:02.923909", "status": 200}
ok
test_confirm_link_preview_and_submit_require_note_for_amount_mismatch (test_workbench_v2_api.WorkbenchV2ApiTests.test_confirm_link_preview_and_submit_require_note_for_amount_mismatch) ... {"kind": "workbench_action_timing", "request_id": "bc1d5e241bb9", "action": "confirm_link", "phase": "oa_auth", "duration_ms": 0.01, "timestamp": "2026-07-05T20:50:02.934362"}
{"kind": "workbench_action_timing", "request_id": "bc1d5e241bb9", "action": "confirm_link", "phase": "request_total", "duration_ms": 0.343, "timestamp": "2026-07-05T20:50:02.934680", "status": 400}
{"kind": "workbench_action_timing", "request_id": "4b0d15dd7889", "action": "confirm_link", "phase": "oa_auth", "duration_ms": 0.009, "timestamp": "2026-07-05T20:50:02.934819"}
{"kind": "workbench_action_timing", "request_id": "4b0d15dd7889", "action": "confirm_link", "phase": "resolve_rows", "duration_ms": 0.001, "timestamp": "2026-07-05T20:50:02.935081", "detail": "rows=3"}
{"kind": "workbench_action_timing", "request_id": "4b0d15dd7889", "action": "confirm_link", "phase": "pair_relation_update", "duration_ms": 0.376, "timestamp": "2026-07-05T20:50:02.935498", "detail": "case_id=CASE-AMOUNT-MISMATCH"}
{"kind": "workbench_action_timing", "request_id": "4b0d15dd7889", "action": "confirm_link", "phase": "invalidate_read_model_scopes", "duration_ms": 0.311, "timestamp": "2026-07-05T20:50:02.935837", "detail": "2026-05"}
{"kind": "workbench_action_timing", "request_id": "4b0d15dd7889", "action": "confirm_link", "phase": "schedule_background_persist", "duration_ms": 0.407, "timestamp": "2026-07-05T20:50:02.935923"}
{"kind": "workbench_action_timing", "request_id": "4b0d15dd7889", "action": "confirm_link", "phase": "request_total", "duration_ms": 1.241, "timestamp": "2026-07-05T20:50:02.936040", "status": 200}
ok
test_confirm_link_preview_does_not_expand_raw_oa_source_when_canonical_oa_is_selected (test_workbench_v2_api.WorkbenchV2ApiTests.test_confirm_link_preview_does_not_expand_raw_oa_source_when_canonical_oa_is_selected) ... ok
test_confirm_link_preview_for_already_active_relation_returns_withdraw_preview (test_workbench_v2_api.WorkbenchV2ApiTests.test_confirm_link_preview_for_already_active_relation_returns_withdraw_preview) ... ok
test_confirm_link_preview_maps_missing_row_to_row_not_found_error (test_workbench_v2_api.WorkbenchV2ApiTests.test_confirm_link_preview_maps_missing_row_to_row_not_found_error) ... ok
test_confirm_link_preview_preserves_existing_case_group_before_submit (test_workbench_v2_api.WorkbenchV2ApiTests.test_confirm_link_preview_preserves_existing_case_group_before_submit) ... ok
test_confirm_link_preview_uses_directional_bank_total_for_mixed_bank_directions (test_workbench_v2_api.WorkbenchV2ApiTests.test_confirm_link_preview_uses_directional_bank_total_for_mixed_bank_directions) ... ok
test_confirm_link_preview_uses_row_detail_boundary_when_read_model_payload_is_lightweight (test_workbench_v2_api.WorkbenchV2ApiTests.test_confirm_link_preview_uses_row_detail_boundary_when_read_model_payload_is_lightweight) ... ok
test_confirm_link_rebuilds_live_cache_once_for_multiple_live_rows (test_workbench_v2_api.WorkbenchV2ApiTests.test_confirm_link_rebuilds_live_cache_once_for_multiple_live_rows) ... ok
test_confirm_link_resolves_selected_flat_read_model_rows_without_live_detail (test_workbench_v2_api.WorkbenchV2ApiTests.test_confirm_link_resolves_selected_flat_read_model_rows_without_live_detail) ... {"kind": "workbench_action_timing", "request_id": "4322c904b727", "action": "confirm_link", "phase": "oa_auth", "duration_ms": 0.02, "timestamp": "2026-07-05T20:50:03.018041"}
{"kind": "workbench_action_timing", "request_id": "4322c904b727", "action": "confirm_link", "phase": "resolve_rows", "duration_ms": 0.002, "timestamp": "2026-07-05T20:50:03.018473", "detail": "rows=3"}
{"kind": "workbench_action_timing", "request_id": "4322c904b727", "action": "confirm_link", "phase": "pair_relation_update", "duration_ms": 0.382, "timestamp": "2026-07-05T20:50:03.018903", "detail": "case_id=CASE-FLAT-READ-MODEL-CONFIRM"}
{"kind": "workbench_action_timing", "request_id": "4322c904b727", "action": "confirm_link", "phase": "invalidate_read_model_scopes", "duration_ms": 0.412, "timestamp": "2026-07-05T20:50:03.019344", "detail": "2026-06,2026-05"}
{"kind": "workbench_action_timing", "request_id": "4322c904b727", "action": "confirm_link", "phase": "schedule_background_persist", "duration_ms": 0.447, "timestamp": "2026-07-05T20:50:03.019369"}
{"kind": "workbench_action_timing", "request_id": "4322c904b727", "action": "confirm_link", "phase": "request_total", "duration_ms": 1.507, "timestamp": "2026-07-05T20:50:03.019501", "status": 200}
ok
test_confirm_link_resolves_selected_rows_without_rebuilding_grouped_workbench (test_workbench_v2_api.WorkbenchV2ApiTests.test_confirm_link_resolves_selected_rows_without_rebuilding_grouped_workbench) ... ok
test_confirm_link_returns_503_and_rolls_back_when_pair_relation_persist_fails (test_workbench_v2_api.WorkbenchV2ApiTests.test_confirm_link_returns_503_and_rolls_back_when_pair_relation_persist_fails) ... {"kind": "workbench_persistence_warning", "operation": "workbench_read_model_candidate_freshness_candidate_matches", "detail": "'_FailingPairRelationStateStore' object has no attribute 'save_workbench_candidate_matches'", "timestamp": "2026-07-05T20:50:03.056739"}
{"kind": "workbench_action_timing", "request_id": "1f3eaf1fd297", "action": "confirm_link", "phase": "oa_auth", "duration_ms": 0.028, "timestamp": "2026-07-05T20:50:03.061117"}
{"kind": "workbench_action_timing", "request_id": "1f3eaf1fd297", "action": "confirm_link", "phase": "resolve_rows", "duration_ms": 0.002, "timestamp": "2026-07-05T20:50:03.062082", "detail": "rows=3"}
{"kind": "workbench_action_timing", "request_id": "1f3eaf1fd297", "action": "confirm_link", "phase": "pair_relation_update", "duration_ms": 0.429, "timestamp": "2026-07-05T20:50:03.062580", "detail": "case_id=CASE-PAIR-PERSIST-FAIL"}
{"kind": "workbench_action_timing", "request_id": "1f3eaf1fd297", "action": "confirm_link", "phase": "request_total", "duration_ms": 1.631, "timestamp": "2026-07-05T20:50:03.062692", "status": 503}
ok
test_confirm_link_supports_cross_month_selection_in_all_time_view (test_workbench_v2_api.WorkbenchV2ApiTests.test_confirm_link_supports_cross_month_selection_in_all_time_view) ... {"kind": "workbench_action_timing", "request_id": "094703f81eeb", "action": "confirm_link", "phase": "oa_auth", "duration_ms": 0.02, "timestamp": "2026-07-05T20:50:03.070692"}
{"kind": "workbench_read_model_status_metric", "metric": "workbench.read_model.status.count", "endpoint": "/api/workbench/rows/{row_id}", "scope_key": "all", "read_model_status": "unavailable", "reason": "repository_unavailable", "timestamp": "2026-07-05T20:50:03.070841"}
{"kind": "workbench_read_model_status_metric", "metric": "workbench.read_model.status.count", "endpoint": "/api/workbench/rows/{row_id}", "scope_key": "all", "read_model_status": "unavailable", "reason": "repository_unavailable", "timestamp": "2026-07-05T20:50:03.070990"}
{"kind": "workbench_action_timing", "request_id": "094703f81eeb", "action": "confirm_link", "phase": "resolve_rows", "duration_ms": 0.002, "timestamp": "2026-07-05T20:50:03.071150", "detail": "rows=2"}
{"kind": "workbench_action_timing", "request_id": "094703f81eeb", "action": "confirm_link", "phase": "pair_relation_update", "duration_ms": 0.4, "timestamp": "2026-07-05T20:50:03.071593", "detail": "case_id=CASE-CROSS-MONTH-001"}
{"kind": "workbench_action_timing", "request_id": "094703f81eeb", "action": "confirm_link", "phase": "invalidate_read_model_scopes", "duration_ms": 0.4, "timestamp": "2026-07-05T20:50:03.072021", "detail": "2026-03,2026-04"}
{"kind": "workbench_action_timing", "request_id": "094703f81eeb", "action": "confirm_link", "phase": "schedule_background_persist", "duration_ms": 0.427, "timestamp": "2026-07-05T20:50:03.072037"}
{"kind": "workbench_action_timing", "request_id": "094703f81eeb", "action": "confirm_link", "phase": "request_total", "duration_ms": 1.578, "timestamp": "2026-07-05T20:50:03.072223", "status": 200}
ok
test_confirm_link_supports_live_workbench_rows (test_workbench_v2_api.WorkbenchV2ApiTests.test_confirm_link_supports_live_workbench_rows) ... {"kind": "workbench_action_timing", "request_id": "1cd3b2efc972", "action": "confirm_link", "phase": "oa_auth", "duration_ms": 0.076, "timestamp": "2026-07-05T20:50:03.086224"}
{"kind": "workbench_action_timing", "request_id": "1cd3b2efc972", "action": "confirm_link", "phase": "resolve_rows", "duration_ms": 0.002, "timestamp": "2026-07-05T20:50:03.086860", "detail": "rows=2"}
{"kind": "workbench_action_timing", "request_id": "1cd3b2efc972", "action": "confirm_link", "phase": "pair_relation_update", "duration_ms": 0.441, "timestamp": "2026-07-05T20:50:03.087362", "detail": "case_id=CASE-LIVE-202603-001"}
{"kind": "workbench_action_timing", "request_id": "1cd3b2efc972", "action": "confirm_link", "phase": "invalidate_read_model_scopes", "duration_ms": 0.37, "timestamp": "2026-07-05T20:50:03.087768", "detail": "2026-03"}
{"kind": "workbench_action_timing", "request_id": "1cd3b2efc972", "action": "confirm_link", "phase": "schedule_background_persist", "duration_ms": 0.402, "timestamp": "2026-07-05T20:50:03.087786"}
{"kind": "workbench_action_timing", "request_id": "1cd3b2efc972", "action": "confirm_link", "phase": "request_total", "duration_ms": 1.82, "timestamp": "2026-07-05T20:50:03.087941", "status": 200}
ok
test_confirm_personal_advance_repayment_creates_settled_case_and_pair_relation (test_workbench_v2_api.WorkbenchV2ApiTests.test_confirm_personal_advance_repayment_creates_settled_case_and_pair_relation) ... ok
test_confirm_personal_advance_repayment_rejects_invoice_rows (test_workbench_v2_api.WorkbenchV2ApiTests.test_confirm_personal_advance_repayment_rejects_invoice_rows) ... ok
test_confirm_personal_advance_repayment_rejects_missing_bank_credit_or_debit (test_workbench_v2_api.WorkbenchV2ApiTests.test_confirm_personal_advance_repayment_rejects_missing_bank_credit_or_debit) ... ok
test_confirm_personal_advance_repayment_rejects_unbalanced_amounts (test_workbench_v2_api.WorkbenchV2ApiTests.test_confirm_personal_advance_repayment_rejects_unbalanced_amounts) ... ok
test_current_oa_attachment_invoice_parser_version_includes_source_schema_version (test_workbench_v2_api.WorkbenchV2ApiTests.test_current_oa_attachment_invoice_parser_version_includes_source_schema_version) ... ok
test_dirty_scope_retry_runs_auto_matching_and_clears_scope (test_workbench_v2_api.WorkbenchV2ApiTests.test_dirty_scope_retry_runs_auto_matching_and_clears_scope) ... ok
test_disabled_manual_clear_does_not_suppress_auto_in_bank_details_api (test_workbench_v2_api.WorkbenchV2ApiTests.test_disabled_manual_clear_does_not_suppress_auto_in_bank_details_api) ... ok
test_enqueued_workbench_auto_matching_does_not_run_legacy_matching_engine (test_workbench_v2_api.WorkbenchV2ApiTests.test_enqueued_workbench_auto_matching_does_not_run_legacy_matching_engine) ... ok
test_etc_batch_oa_api_tags_wait_only_for_bank (test_workbench_v2_api.WorkbenchV2ApiTests.test_etc_batch_oa_api_tags_wait_only_for_bank) ... ok
test_etc_batch_oa_bank_amount_mismatch_keeps_mismatch_tag_without_invoice (test_workbench_v2_api.WorkbenchV2ApiTests.test_etc_batch_oa_bank_amount_mismatch_keeps_mismatch_tag_without_invoice) ... {"kind": "workbench_action_timing", "request_id": "c845a05ec1c4", "action": "confirm_link", "phase": "oa_auth", "duration_ms": 0.012, "timestamp": "2026-07-05T20:50:03.203026"}
{"kind": "workbench_action_timing", "request_id": "c845a05ec1c4", "action": "confirm_link", "phase": "resolve_rows", "duration_ms": 0.001, "timestamp": "2026-07-05T20:50:03.203334", "detail": "rows=2"}
{"kind": "workbench_action_timing", "request_id": "c845a05ec1c4", "action": "confirm_link", "phase": "pair_relation_update", "duration_ms": 0.359, "timestamp": "2026-07-05T20:50:03.203730", "detail": "case_id=CASE-ETC-MISMATCH"}
{"kind": "workbench_action_timing", "request_id": "c845a05ec1c4", "action": "confirm_link", "phase": "invalidate_read_model_scopes", "duration_ms": 0.309, "timestamp": "2026-07-05T20:50:03.204064", "detail": "2026-06"}
{"kind": "workbench_action_timing", "request_id": "c845a05ec1c4", "action": "confirm_link", "phase": "schedule_background_persist", "duration_ms": 0.404, "timestamp": "2026-07-05T20:50:03.204150"}
{"kind": "workbench_action_timing", "request_id": "c845a05ec1c4", "action": "confirm_link", "phase": "request_total", "duration_ms": 1.256, "timestamp": "2026-07-05T20:50:03.204260", "status": 200}
ok
test_exception_apply_api_creates_closed_case_and_pair_relation (test_workbench_v2_api.WorkbenchV2ApiTests.test_exception_apply_api_creates_closed_case_and_pair_relation) ... ok
test_exception_preview_api_returns_backend_scenario_for_oa_bank_missing_invoice (test_workbench_v2_api.WorkbenchV2ApiTests.test_exception_preview_api_returns_backend_scenario_for_oa_bank_missing_invoice) ... ok
test_get_api_workbench_all_does_not_fabricate_cutoff_month_range_when_month_listing_errors (test_workbench_v2_api.WorkbenchV2ApiTests.test_get_api_workbench_all_does_not_fabricate_cutoff_month_range_when_month_listing_errors) ... ok
test_get_api_workbench_all_does_not_schedule_attachment_invoice_ocr (test_workbench_v2_api.WorkbenchV2ApiTests.test_get_api_workbench_all_does_not_schedule_attachment_invoice_ocr) ... ok
test_get_api_workbench_all_keeps_all_ccb_bank_rows_across_paired_and_open (test_workbench_v2_api.WorkbenchV2ApiTests.test_get_api_workbench_all_keeps_all_ccb_bank_rows_across_paired_and_open) ... ok
test_get_api_workbench_all_reincludes_old_oa_related_to_recent_bank_after_cutoff (test_workbench_v2_api.WorkbenchV2ApiTests.test_get_api_workbench_all_reincludes_old_oa_related_to_recent_bank_after_cutoff) ... ok
test_get_api_workbench_all_scopes_mongo_oa_reads_to_retention_months (test_workbench_v2_api.WorkbenchV2ApiTests.test_get_api_workbench_all_scopes_mongo_oa_reads_to_retention_months) ... ok
test_get_api_workbench_auto_pairs_offset_applicant_oa_with_attachment_invoice (test_workbench_v2_api.WorkbenchV2ApiTests.test_get_api_workbench_auto_pairs_offset_applicant_oa_with_attachment_invoice) ... ok
test_get_api_workbench_does_not_persist_read_model_when_oa_status_is_not_ready (test_workbench_v2_api.WorkbenchV2ApiTests.test_get_api_workbench_does_not_persist_read_model_when_oa_status_is_not_ready) ... ok
test_get_api_workbench_exposes_invoice_identity_fields_for_live_invoice_rows (test_workbench_v2_api.WorkbenchV2ApiTests.test_get_api_workbench_exposes_invoice_identity_fields_for_live_invoice_rows) ... ok
test_get_api_workbench_exposes_multi_project_display_and_real_project_names (test_workbench_v2_api.WorkbenchV2ApiTests.test_get_api_workbench_exposes_multi_project_display_and_real_project_names) ... ok
test_get_api_workbench_falls_back_to_stale_ready_cache_when_rebuild_oa_fails (test_workbench_v2_api.WorkbenchV2ApiTests.test_get_api_workbench_falls_back_to_stale_ready_cache_when_rebuild_oa_fails) ... ok
test_get_api_workbench_groups_oa_2035_formal_attachment_invoices_only (test_workbench_v2_api.WorkbenchV2ApiTests.test_get_api_workbench_groups_oa_2035_formal_attachment_invoices_only) ... ok
test_get_api_workbench_groups_repairs_oa_attachment_source_binding_as_open_relation (test_workbench_v2_api.WorkbenchV2ApiTests.test_get_api_workbench_groups_repairs_oa_attachment_source_binding_as_open_relation) ... ok
test_get_api_workbench_ignored_prefers_cached_read_model_when_available (test_workbench_v2_api.WorkbenchV2ApiTests.test_get_api_workbench_ignored_prefers_cached_read_model_when_available) ... ok
test_get_api_workbench_ignored_uses_sql_read_model_without_rebuild (test_workbench_v2_api.WorkbenchV2ApiTests.test_get_api_workbench_ignored_uses_sql_read_model_without_rebuild) ... ok
test_get_api_workbench_ignores_stale_auto_closed_internal_transfer_candidate_match (test_workbench_v2_api.WorkbenchV2ApiTests.test_get_api_workbench_ignores_stale_auto_closed_internal_transfer_candidate_match) ... ok
test_get_api_workbench_ignores_stale_auto_closed_salary_candidate_match (test_workbench_v2_api.WorkbenchV2ApiTests.test_get_api_workbench_ignores_stale_auto_closed_salary_candidate_match) ... ok
test_get_api_workbench_keeps_incomplete_candidate_matches_in_open_section (test_workbench_v2_api.WorkbenchV2ApiTests.test_get_api_workbench_keeps_incomplete_candidate_matches_in_open_section) ... ok
test_get_api_workbench_keeps_internal_transfer_auto_match_as_candidate_until_no_oa_submit (test_workbench_v2_api.WorkbenchV2ApiTests.test_get_api_workbench_keeps_internal_transfer_auto_match_as_candidate_until_no_oa_submit) ... ok
test_get_api_workbench_keeps_oa_bank_exact_sum_candidate_in_one_open_group (test_workbench_v2_api.WorkbenchV2ApiTests.test_get_api_workbench_keeps_oa_bank_exact_sum_candidate_in_one_open_group) ... ok
test_get_api_workbench_keeps_salary_auto_match_as_candidate_until_no_oa_submit (test_workbench_v2_api.WorkbenchV2ApiTests.test_get_api_workbench_keeps_salary_auto_match_as_candidate_until_no_oa_submit) ... ok
test_get_api_workbench_prefers_cached_read_model_when_available (test_workbench_v2_api.WorkbenchV2ApiTests.test_get_api_workbench_prefers_cached_read_model_when_available) ... ok
test_get_api_workbench_promotes_oa_attachment_binding_with_live_bank_to_three_way_relation (test_workbench_v2_api.WorkbenchV2ApiTests.test_get_api_workbench_promotes_oa_attachment_binding_with_live_bank_to_three_way_relation) ... ok
test_get_api_workbench_rebuilds_cached_mongo_read_model_when_attachment_parser_version_changes (test_workbench_v2_api.WorkbenchV2ApiTests.test_get_api_workbench_rebuilds_cached_mongo_read_model_when_attachment_parser_version_changes) ... ok
test_get_api_workbench_rebuilds_cached_mongo_read_model_when_schema_version_missing (test_workbench_v2_api.WorkbenchV2ApiTests.test_get_api_workbench_rebuilds_cached_mongo_read_model_when_schema_version_missing) ... ok
test_get_api_workbench_rebuilds_cached_read_model_from_old_oa_attachment_source_group_schema (test_workbench_v2_api.WorkbenchV2ApiTests.test_get_api_workbench_rebuilds_cached_read_model_from_old_oa_attachment_source_group_schema) ... ok
test_get_api_workbench_rebuilds_stale_zero_oa_cache_for_mongo_adapter (test_workbench_v2_api.WorkbenchV2ApiTests.test_get_api_workbench_rebuilds_stale_zero_oa_cache_for_mongo_adapter) ... ok
test_get_api_workbench_rebuilds_when_cached_read_model_oa_status_is_not_ready (test_workbench_v2_api.WorkbenchV2ApiTests.test_get_api_workbench_rebuilds_when_cached_read_model_oa_status_is_not_ready) ... ok
test_get_api_workbench_reports_oa_error_when_mongo_adapter_is_unavailable (test_workbench_v2_api.WorkbenchV2ApiTests.test_get_api_workbench_reports_oa_error_when_mongo_adapter_is_unavailable) ... ok
test_get_api_workbench_row_detail_supports_oa_bank_and_invoice (test_workbench_v2_api.WorkbenchV2ApiTests.test_get_api_workbench_row_detail_supports_oa_bank_and_invoice) ... ok
test_get_api_workbench_supports_all_time_view (test_workbench_v2_api.WorkbenchV2ApiTests.test_get_api_workbench_supports_all_time_view) ... ok
test_get_api_workbench_supports_two_seed_months (test_workbench_v2_api.WorkbenchV2ApiTests.test_get_api_workbench_supports_two_seed_months) ... ok
test_get_api_workbench_uses_auto_closed_candidate_matches_in_paired_section (test_workbench_v2_api.WorkbenchV2ApiTests.test_get_api_workbench_uses_auto_closed_candidate_matches_in_paired_section) ... ok
test_get_api_workbench_uses_in_memory_read_model_when_read_model_persist_fails (test_workbench_v2_api.WorkbenchV2ApiTests.test_get_api_workbench_uses_in_memory_read_model_when_read_model_persist_fails) ... {"kind": "workbench_persistence_warning", "operation": "workbench_read_model_candidate_freshness_candidate_matches", "detail": "'_FailingReadModelStateStore' object has no attribute 'save_workbench_candidate_matches'", "timestamp": "2026-07-05T20:50:03.688878"}
{"kind": "workbench_persistence_warning", "operation": "workbench_read_model_candidate_freshness_invalidate_read_models", "detail": "mock read model persistence timeout", "timestamp": "2026-07-05T20:50:03.688929"}
{"kind": "workbench_persistence_warning", "operation": "get_or_build_read_model", "detail": "mock read model persistence timeout", "timestamp": "2026-07-05T20:50:03.691792"}
ok
test_historical_etc_relation_tags_oa_and_injects_summary_row (test_workbench_v2_api.WorkbenchV2ApiTests.test_historical_etc_relation_tags_oa_and_injects_summary_row) ... ok
test_http_server_dispatches_patch_bank_transaction_categories (test_workbench_v2_api.WorkbenchV2ApiTests.test_http_server_dispatches_patch_bank_transaction_categories) ... ok
test_ignore_and_unignore_invoice_moves_row_between_open_and_ignored_views (test_workbench_v2_api.WorkbenchV2ApiTests.test_ignore_and_unignore_invoice_moves_row_between_open_and_ignored_views) ... ok
test_import_confirm_invalidates_cached_read_models_for_changed_workbench_source (test_workbench_v2_api.WorkbenchV2ApiTests.test_import_confirm_invalidates_cached_read_models_for_changed_workbench_source) ... ok
test_import_file_confirm_returns_preview_stale_when_existing_records_change (test_workbench_v2_api.WorkbenchV2ApiTests.test_import_file_confirm_returns_preview_stale_when_existing_records_change) ... ok
test_in_process_oa_polling_and_hot_rebuild_entrypoints_are_removed (test_workbench_v2_api.WorkbenchV2ApiTests.test_in_process_oa_polling_and_hot_rebuild_entrypoints_are_removed) ... ok
test_invoice_import_confirm_invalidates_workbench_read_model (test_workbench_v2_api.WorkbenchV2ApiTests.test_invoice_import_confirm_invalidates_workbench_read_model) ... ok
test_live_oa_bank_exception_keeps_rows_in_open_processed_exception_state (test_workbench_v2_api.WorkbenchV2ApiTests.test_live_oa_bank_exception_keeps_rows_in_open_processed_exception_state) ... ok
test_mark_exception_invalidates_only_changed_scopes_and_rebuilds_in_background (test_workbench_v2_api.WorkbenchV2ApiTests.test_mark_exception_invalidates_only_changed_scopes_and_rebuilds_in_background) ... ok
test_mark_exception_returns_503_and_keeps_workbench_loadable_when_override_persist_fails (test_workbench_v2_api.WorkbenchV2ApiTests.test_mark_exception_returns_503_and_keeps_workbench_loadable_when_override_persist_fails) ... {"kind": "workbench_persistence_warning", "operation": "workbench_read_model_candidate_freshness_candidate_matches", "detail": "'_FailingOverrideStateStore' object has no attribute 'save_workbench_candidate_matches'", "timestamp": "2026-07-05T20:50:04.390841"}
ok
test_merge_live_workbench_keeps_oa_rows_when_live_bank_invoice_exist (test_workbench_v2_api.WorkbenchV2ApiTests.test_merge_live_workbench_keeps_oa_rows_when_live_bank_invoice_exist) ... ok
test_monthly_matching_uses_imported_bank_rows_without_month_limit_for_oa_attachment_closure (test_workbench_v2_api.WorkbenchV2ApiTests.test_monthly_matching_uses_imported_bank_rows_without_month_limit_for_oa_attachment_closure) ... ok
test_oa_attachment_invoice_cache_update_create_missing_mode_promotes_formal_invoice (test_workbench_v2_api.WorkbenchV2ApiTests.test_oa_attachment_invoice_cache_update_create_missing_mode_promotes_formal_invoice) ... ok
test_oa_attachment_invoice_cache_update_disabled_mode_skips_promotion (test_workbench_v2_api.WorkbenchV2ApiTests.test_oa_attachment_invoice_cache_update_disabled_mode_skips_promotion) ... ok
test_oa_attachment_invoice_cache_update_does_not_create_missing_invoice_by_default (test_workbench_v2_api.WorkbenchV2ApiTests.test_oa_attachment_invoice_cache_update_does_not_create_missing_invoice_by_default) ... ok
test_oa_attachment_invoice_cache_update_ignores_incomplete_ocr_identity (test_workbench_v2_api.WorkbenchV2ApiTests.test_oa_attachment_invoice_cache_update_ignores_incomplete_ocr_identity) ... ok
test_oa_attachment_invoice_cache_update_marks_related_scopes_dirty_without_evicting (test_workbench_v2_api.WorkbenchV2ApiTests.test_oa_attachment_invoice_cache_update_marks_related_scopes_dirty_without_evicting) ... ok
test_oa_bank_candidate_attaches_to_existing_oa_attachment_case_group (test_workbench_v2_api.WorkbenchV2ApiTests.test_oa_bank_candidate_attaches_to_existing_oa_attachment_case_group) ... ok
test_oa_bank_candidate_extends_existing_confirmed_oa_case_without_downgrading_oa (test_workbench_v2_api.WorkbenchV2ApiTests.test_oa_bank_candidate_extends_existing_confirmed_oa_case_without_downgrading_oa) ... ok
test_oa_bank_exception_accepts_invoice_rows_for_legacy_compatibility (test_workbench_v2_api.WorkbenchV2ApiTests.test_oa_bank_exception_accepts_invoice_rows_for_legacy_compatibility) ... ok
test_oa_bank_exception_invalidates_only_changed_scopes_and_rebuilds_in_background (test_workbench_v2_api.WorkbenchV2ApiTests.test_oa_bank_exception_invalidates_only_changed_scopes_and_rebuilds_in_background) ... ok
test_oa_bank_exception_prefers_cached_read_model_rows_before_query_service (test_workbench_v2_api.WorkbenchV2ApiTests.test_oa_bank_exception_prefers_cached_read_model_rows_before_query_service) ... ok
test_oa_bank_exception_resolves_selected_rows_without_rebuilding_grouped_workbench (test_workbench_v2_api.WorkbenchV2ApiTests.test_oa_bank_exception_resolves_selected_rows_without_rebuilding_grouped_workbench) ... ok
test_oa_bank_exception_updates_selected_oa_and_bank_rows (test_workbench_v2_api.WorkbenchV2ApiTests.test_oa_bank_exception_updates_selected_oa_and_bank_rows) ... ok
test_oa_bank_incomplete_candidate_beats_single_row_no_confident_match (test_workbench_v2_api.WorkbenchV2ApiTests.test_oa_bank_incomplete_candidate_beats_single_row_no_confident_match) ... ok
test_oa_clear_and_rebuild_invalidates_workbench_read_model (test_workbench_v2_api.WorkbenchV2ApiTests.test_oa_clear_and_rebuild_invalidates_workbench_read_model) ... ok
test_oa_invoice_offset_sync_does_not_cancel_relations_outside_current_payload (test_workbench_v2_api.WorkbenchV2ApiTests.test_oa_invoice_offset_sync_does_not_cancel_relations_outside_current_payload) ... ok
test_oa_invoice_offset_sync_only_uses_attachment_source_link_not_case_id (test_workbench_v2_api.WorkbenchV2ApiTests.test_oa_invoice_offset_sync_only_uses_attachment_source_link_not_case_id) ... ok
test_oa_retention_filters_attachment_invoice_when_derived_old_oa_is_filtered (test_workbench_v2_api.WorkbenchV2ApiTests.test_oa_retention_filters_attachment_invoice_when_derived_old_oa_is_filtered) ... ok
test_oa_retention_filters_only_unrelated_old_oa_and_can_reinclude_after_new_bank_relation (test_workbench_v2_api.WorkbenchV2ApiTests.test_oa_retention_filters_only_unrelated_old_oa_and_can_reinclude_after_new_bank_relation) ... ok
test_oa_retention_keeps_manual_imported_oa_and_derived_attachment_invoice_in_grouped_payload (test_workbench_v2_api.WorkbenchV2ApiTests.test_oa_retention_keeps_manual_imported_oa_and_derived_attachment_invoice_in_grouped_payload) ... ok
test_oa_sync_events_endpoint_is_removed_for_polling_mode (test_workbench_v2_api.WorkbenchV2ApiTests.test_oa_sync_events_endpoint_is_removed_for_polling_mode) ... ok
test_oa_sync_status_endpoint_does_not_treat_failed_run_as_synced (test_workbench_v2_api.WorkbenchV2ApiTests.test_oa_sync_status_endpoint_does_not_treat_failed_run_as_synced) ... ok
test_oa_sync_status_endpoint_reads_durable_queue_status (test_workbench_v2_api.WorkbenchV2ApiTests.test_oa_sync_status_endpoint_reads_durable_queue_status) ... ok
test_opaque_oa_row_detail_prefers_month_read_model_without_full_oa_sync (test_workbench_v2_api.WorkbenchV2ApiTests.test_opaque_oa_row_detail_prefers_month_read_model_without_full_oa_sync) ... ok
test_opaque_oa_row_detail_without_cache_returns_404_without_full_oa_sync (test_workbench_v2_api.WorkbenchV2ApiTests.test_opaque_oa_row_detail_without_cache_returns_404_without_full_oa_sync) ... {"kind": "workbench_read_model_status_metric", "metric": "workbench.read_model.status.count", "endpoint": "/api/workbench/rows/{row_id}", "scope_key": "all", "read_model_status": "unavailable", "reason": "repository_unavailable", "timestamp": "2026-07-05T20:50:04.694141"}
ok
test_open_group_with_active_partial_relation_is_withdrawable (test_workbench_v2_api.WorkbenchV2ApiTests.test_open_group_with_active_partial_relation_is_withdrawable) ... ok
test_pair_relation_application_supplements_missing_active_oa_rows (test_workbench_v2_api.WorkbenchV2ApiTests.test_pair_relation_application_supplements_missing_active_oa_rows) ... ok
test_patch_bank_transaction_categories_is_disabled_and_does_not_mutate_state (test_workbench_v2_api.WorkbenchV2ApiTests.test_patch_bank_transaction_categories_is_disabled_and_does_not_mutate_state) ... ok
test_raw_oa_payload_uses_record_snapshot_when_records_change_during_build (test_workbench_v2_api.WorkbenchV2ApiTests.test_raw_oa_payload_uses_record_snapshot_when_records_change_during_build) ... ok
test_read_model_repairs_active_relation_missing_oa_attachment_invoice (test_workbench_v2_api.WorkbenchV2ApiTests.test_read_model_repairs_active_relation_missing_oa_attachment_invoice) ... ok
test_read_model_repairs_active_relation_missing_parent_oa_for_attachment_invoice (test_workbench_v2_api.WorkbenchV2ApiTests.test_read_model_repairs_active_relation_missing_parent_oa_for_attachment_invoice) ... ok
test_retained_all_scope_includes_manual_imported_oa_and_attachment_invoices (test_workbench_v2_api.WorkbenchV2ApiTests.test_retained_all_scope_includes_manual_imported_oa_and_attachment_invoices) ... ok
test_row_detail_prefers_cached_read_model_before_query_service_sync (test_workbench_v2_api.WorkbenchV2ApiTests.test_row_detail_prefers_cached_read_model_before_query_service_sync) ... ok
test_row_detail_resolves_flat_cached_read_model_before_live_detail (test_workbench_v2_api.WorkbenchV2ApiTests.test_row_detail_resolves_flat_cached_read_model_before_live_detail) ... ok
test_stale_single_row_candidate_does_not_auto_pair_no_oa_internal_transfer_rows (test_workbench_v2_api.WorkbenchV2ApiTests.test_stale_single_row_candidate_does_not_auto_pair_no_oa_internal_transfer_rows) ... ok
test_withdraw_batch_accounting_mismatch_removes_workbench_projection_and_preserves_history_notes (test_workbench_v2_api.WorkbenchV2ApiTests.test_withdraw_batch_accounting_mismatch_removes_workbench_projection_and_preserves_history_notes) ... ok
test_withdraw_link_blocks_plain_oa_attachment_invoice_binding (test_workbench_v2_api.WorkbenchV2ApiTests.test_withdraw_link_blocks_plain_oa_attachment_invoice_binding) ... {"kind": "workbench_action_timing", "request_id": "d9acd8cc49ff", "action": "withdraw_link", "phase": "oa_auth", "duration_ms": 0.014, "timestamp": "2026-07-05T20:50:04.863472"}
{"kind": "workbench_action_timing", "request_id": "d9acd8cc49ff", "action": "withdraw_link", "phase": "request_total", "duration_ms": 0.554, "timestamp": "2026-07-05T20:50:04.864000", "status": 400}
ok
test_withdraw_link_does_not_restore_display_only_existing_case_group (test_workbench_v2_api.WorkbenchV2ApiTests.test_withdraw_link_does_not_restore_display_only_existing_case_group) ... {"kind": "workbench_action_timing", "request_id": "791f7aea7e06", "action": "confirm_link", "phase": "oa_auth", "duration_ms": 0.011, "timestamp": "2026-07-05T20:50:04.873446"}
{"kind": "workbench_action_timing", "request_id": "791f7aea7e06", "action": "confirm_link", "phase": "resolve_rows", "duration_ms": 0.001, "timestamp": "2026-07-05T20:50:04.873738", "detail": "rows=3"}
{"kind": "workbench_action_timing", "request_id": "791f7aea7e06", "action": "confirm_link", "phase": "pair_relation_update", "duration_ms": 0.361, "timestamp": "2026-07-05T20:50:04.874136", "detail": "case_id=CASE-FULL"}
{"kind": "workbench_action_timing", "request_id": "791f7aea7e06", "action": "confirm_link", "phase": "invalidate_read_model_scopes", "duration_ms": 0.287, "timestamp": "2026-07-05T20:50:04.874447", "detail": "2026-05"}
{"kind": "workbench_action_timing", "request_id": "791f7aea7e06", "action": "confirm_link", "phase": "schedule_background_persist", "duration_ms": 0.311, "timestamp": "2026-07-05T20:50:04.874462"}
{"kind": "workbench_action_timing", "request_id": "791f7aea7e06", "action": "confirm_link", "phase": "request_total", "duration_ms": 1.149, "timestamp": "2026-07-05T20:50:04.874574", "status": 200}
{"kind": "workbench_action_timing", "request_id": "7195151ba7a3", "action": "withdraw_link", "phase": "oa_auth", "duration_ms": 0.01, "timestamp": "2026-07-05T20:50:04.875581"}
{"kind": "workbench_action_timing", "request_id": "7195151ba7a3", "action": "withdraw_link", "phase": "invalidate_read_model_scopes", "duration_ms": 0.301, "timestamp": "2026-07-05T20:50:04.877510", "detail": "2026-05"}
{"kind": "workbench_action_timing", "request_id": "7195151ba7a3", "action": "withdraw_link", "phase": "schedule_background_persist", "duration_ms": 0.407, "timestamp": "2026-07-05T20:50:04.877525"}
{"kind": "workbench_action_timing", "request_id": "7195151ba7a3", "action": "withdraw_link", "phase": "request_total", "duration_ms": 2.21, "timestamp": "2026-07-05T20:50:04.877771", "status": 200}
ok
test_withdraw_link_preview_splits_reconciliation_decision_without_active_relation (test_workbench_v2_api.WorkbenchV2ApiTests.test_withdraw_link_preview_splits_reconciliation_decision_without_active_relation) ... {"kind": "workbench_action_timing", "request_id": "b5fda0eef15c", "action": "withdraw_link", "phase": "oa_auth", "duration_ms": 0.009, "timestamp": "2026-07-05T20:50:04.892953"}
{"kind": "workbench_action_timing", "request_id": "b5fda0eef15c", "action": "split_candidate", "phase": "schedule_background_persist", "duration_ms": 0.092, "timestamp": "2026-07-05T20:50:04.893640"}
{"kind": "workbench_action_timing", "request_id": "b5fda0eef15c", "action": "withdraw_link", "phase": "request_total", "duration_ms": 0.742, "timestamp": "2026-07-05T20:50:04.893675", "status": 200}
ok
test_withdraw_link_restores_previous_relation_snapshot (test_workbench_v2_api.WorkbenchV2ApiTests.test_withdraw_link_restores_previous_relation_snapshot) ... {"kind": "workbench_action_timing", "request_id": "797a165da3a7", "action": "confirm_link", "phase": "oa_auth", "duration_ms": 0.011, "timestamp": "2026-07-05T20:50:04.906003"}
{"kind": "workbench_action_timing", "request_id": "797a165da3a7", "action": "confirm_link", "phase": "resolve_rows", "duration_ms": 0.001, "timestamp": "2026-07-05T20:50:04.906293", "detail": "rows=2"}
{"kind": "workbench_action_timing", "request_id": "797a165da3a7", "action": "confirm_link", "phase": "pair_relation_update", "duration_ms": 0.335, "timestamp": "2026-07-05T20:50:04.906662", "detail": "case_id=CASE-PARTIAL"}
{"kind": "workbench_action_timing", "request_id": "797a165da3a7", "action": "confirm_link", "phase": "invalidate_read_model_scopes", "duration_ms": 0.282, "timestamp": "2026-07-05T20:50:04.906968", "detail": "2026-05"}
{"kind": "workbench_action_timing", "request_id": "797a165da3a7", "action": "confirm_link", "phase": "schedule_background_persist", "duration_ms": 0.307, "timestamp": "2026-07-05T20:50:04.906982"}
{"kind": "workbench_action_timing", "request_id": "797a165da3a7", "action": "confirm_link", "phase": "request_total", "duration_ms": 1.096, "timestamp": "2026-07-05T20:50:04.907078", "status": 200}
{"kind": "workbench_action_timing", "request_id": "b411c9b20d8e", "action": "confirm_link", "phase": "oa_auth", "duration_ms": 0.01, "timestamp": "2026-07-05T20:50:04.907192"}
{"kind": "workbench_action_timing", "request_id": "b411c9b20d8e", "action": "confirm_link", "phase": "resolve_rows", "duration_ms": 0.001, "timestamp": "2026-07-05T20:50:04.907514", "detail": "rows=3"}
{"kind": "workbench_action_timing", "request_id": "b411c9b20d8e", "action": "confirm_link", "phase": "pair_relation_update", "duration_ms": 0.881, "timestamp": "2026-07-05T20:50:04.908466", "detail": "case_id=CASE-FULL"}
{"kind": "workbench_action_timing", "request_id": "b411c9b20d8e", "action": "confirm_link", "phase": "invalidate_read_model_scopes", "duration_ms": 0.24, "timestamp": "2026-07-05T20:50:04.908721", "detail": "2026-05"}
{"kind": "workbench_action_timing", "request_id": "b411c9b20d8e", "action": "confirm_link", "phase": "schedule_background_persist", "duration_ms": 0.264, "timestamp": "2026-07-05T20:50:04.908742"}
{"kind": "workbench_action_timing", "request_id": "b411c9b20d8e", "action": "confirm_link", "phase": "request_total", "duration_ms": 1.674, "timestamp": "2026-07-05T20:50:04.908847", "status": 200}
{"kind": "workbench_action_timing", "request_id": "81375cafa3b7", "action": "withdraw_link", "phase": "oa_auth", "duration_ms": 0.009, "timestamp": "2026-07-05T20:50:04.910140"}
{"kind": "workbench_action_timing", "request_id": "81375cafa3b7", "action": "withdraw_link", "phase": "invalidate_read_model_scopes", "duration_ms": 0.297, "timestamp": "2026-07-05T20:50:04.912983", "detail": "2026-05"}
{"kind": "workbench_action_timing", "request_id": "81375cafa3b7", "action": "withdraw_link", "phase": "schedule_background_persist", "duration_ms": 0.404, "timestamp": "2026-07-05T20:50:04.913001"}
{"kind": "workbench_action_timing", "request_id": "81375cafa3b7", "action": "withdraw_link", "phase": "request_total", "duration_ms": 3.151, "timestamp": "2026-07-05T20:50:04.913271", "status": 200}
ok
test_withdraw_link_splits_bank_invoice_rows_when_history_snapshot_is_not_restorable (test_workbench_v2_api.WorkbenchV2ApiTests.test_withdraw_link_splits_bank_invoice_rows_when_history_snapshot_is_not_restorable) ... {"kind": "workbench_action_timing", "request_id": "254aa313aa8d", "action": "withdraw_link", "phase": "oa_auth", "duration_ms": 0.01, "timestamp": "2026-07-05T20:50:04.923351"}
{"kind": "workbench_action_timing", "request_id": "254aa313aa8d", "action": "withdraw_link", "phase": "invalidate_read_model_scopes", "duration_ms": 0.313, "timestamp": "2026-07-05T20:50:04.924874", "detail": "2026-05"}
{"kind": "workbench_action_timing", "request_id": "254aa313aa8d", "action": "withdraw_link", "phase": "schedule_background_persist", "duration_ms": 0.409, "timestamp": "2026-07-05T20:50:04.924891"}
{"kind": "workbench_action_timing", "request_id": "254aa313aa8d", "action": "withdraw_link", "phase": "request_total", "duration_ms": 1.725, "timestamp": "2026-07-05T20:50:04.925057", "status": 200}
ok
test_withdraw_link_splits_bank_invoice_rows_when_prior_case_id_was_display_only (test_workbench_v2_api.WorkbenchV2ApiTests.test_withdraw_link_splits_bank_invoice_rows_when_prior_case_id_was_display_only) ... {"kind": "workbench_action_timing", "request_id": "836fe6238c19", "action": "withdraw_link", "phase": "oa_auth", "duration_ms": 0.01, "timestamp": "2026-07-05T20:50:04.934921"}
{"kind": "workbench_action_timing", "request_id": "836fe6238c19", "action": "withdraw_link", "phase": "invalidate_read_model_scopes", "duration_ms": 0.315, "timestamp": "2026-07-05T20:50:04.936460", "detail": "2026-05"}
{"kind": "workbench_action_timing", "request_id": "836fe6238c19", "action": "withdraw_link", "phase": "schedule_background_persist", "duration_ms": 0.413, "timestamp": "2026-07-05T20:50:04.936478"}
{"kind": "workbench_action_timing", "request_id": "836fe6238c19", "action": "withdraw_link", "phase": "request_total", "duration_ms": 1.747, "timestamp": "2026-07-05T20:50:04.936647", "status": 200}
ok
test_withdraw_link_without_history_falls_back_to_cancelling_active_relation (test_workbench_v2_api.WorkbenchV2ApiTests.test_withdraw_link_without_history_falls_back_to_cancelling_active_relation) ... {"kind": "workbench_action_timing", "request_id": "7062c069de4b", "action": "withdraw_link", "phase": "oa_auth", "duration_ms": 0.01, "timestamp": "2026-07-05T20:50:04.943552"}
{"kind": "workbench_action_timing", "request_id": "7062c069de4b", "action": "withdraw_link", "phase": "invalidate_read_model_scopes", "duration_ms": 0.218, "timestamp": "2026-07-05T20:50:04.944670"}
{"kind": "workbench_action_timing", "request_id": "7062c069de4b", "action": "withdraw_link", "phase": "schedule_background_persist", "duration_ms": 0.271, "timestamp": "2026-07-05T20:50:04.944691"}
{"kind": "workbench_action_timing", "request_id": "7062c069de4b", "action": "withdraw_link", "phase": "request_total", "duration_ms": 1.273, "timestamp": "2026-07-05T20:50:04.944804", "status": 200}
ok
test_withdraw_link_without_history_preserves_oa_attachment_invoice_binding (test_workbench_v2_api.WorkbenchV2ApiTests.test_withdraw_link_without_history_preserves_oa_attachment_invoice_binding) ... {"kind": "workbench_action_timing", "request_id": "f6a1f46074c6", "action": "withdraw_link", "phase": "oa_auth", "duration_ms": 0.01, "timestamp": "2026-07-05T20:50:04.954316"}
{"kind": "workbench_action_timing", "request_id": "f6a1f46074c6", "action": "withdraw_link", "phase": "invalidate_read_model_scopes", "duration_ms": 0.334, "timestamp": "2026-07-05T20:50:04.955878", "detail": "2026-05"}
{"kind": "workbench_action_timing", "request_id": "f6a1f46074c6", "action": "withdraw_link", "phase": "schedule_background_persist", "duration_ms": 0.435, "timestamp": "2026-07-05T20:50:04.955896"}
{"kind": "workbench_action_timing", "request_id": "f6a1f46074c6", "action": "withdraw_link", "phase": "request_total", "duration_ms": 1.992, "timestamp": "2026-07-05T20:50:04.956289", "status": 200}
ok
test_workbench_auto_matching_coalesces_overlapping_running_scope (test_workbench_v2_api.WorkbenchV2ApiTests.test_workbench_auto_matching_coalesces_overlapping_running_scope) ... ok
test_workbench_auto_matching_failure_queues_dirty_scope_without_raising (test_workbench_v2_api.WorkbenchV2ApiTests.test_workbench_auto_matching_failure_queues_dirty_scope_without_raising) ... {"kind": "workbench_persistence_warning", "operation": "unit_failure_auto_matching", "detail": "queued dirty scopes after matching failure: matching unavailable", "timestamp": "2026-07-05T20:50:04.972216"}
ok
test_workbench_bank_rows_ignore_saved_manual_category_history (test_workbench_v2_api.WorkbenchV2ApiTests.test_workbench_bank_rows_ignore_saved_manual_category_history) ... ok
test_workbench_matching_rows_preserve_bank_identity_fields_for_internal_transfer_rules (test_workbench_v2_api.WorkbenchV2ApiTests.test_workbench_matching_rows_preserve_bank_identity_fields_for_internal_transfer_rules) ... ok
test_workbench_read_models_can_be_isolated_by_visibility_key (test_workbench_v2_api.WorkbenchV2ApiTests.test_workbench_read_models_can_be_isolated_by_visibility_key) ... ok
test_cancel_link_uow_outbox_failure_restores_relation (test_workbench_write_characterization.WorkbenchWriteCharacterizationTests.test_cancel_link_uow_outbox_failure_restores_relation) ... ok
test_cancel_link_uow_rejects_same_idempotency_key_with_different_payload_before_lookup (test_workbench_write_characterization.WorkbenchWriteCharacterizationTests.test_cancel_link_uow_rejects_same_idempotency_key_with_different_payload_before_lookup) ... ok
test_cancel_link_uow_replays_same_idempotency_key_without_active_relation (test_workbench_write_characterization.WorkbenchWriteCharacterizationTests.test_cancel_link_uow_replays_same_idempotency_key_without_active_relation) ... ok
test_cancel_link_uow_returns_failed_idempotency_response_before_relation_lookup (test_workbench_write_characterization.WorkbenchWriteCharacterizationTests.test_cancel_link_uow_returns_failed_idempotency_response_before_relation_lookup) ... ok
test_cancel_link_uow_stale_expected_relation_does_not_open_transaction (test_workbench_write_characterization.WorkbenchWriteCharacterizationTests.test_cancel_link_uow_stale_expected_relation_does_not_open_transaction) ... {"kind": "workbench_read_model_status_metric", "metric": "workbench.read_model.status.count", "endpoint": "/api/workbench/rows/{row_id}", "scope_key": "2026-03", "read_model_status": "unavailable", "reason": "repository_unavailable", "timestamp": "2026-07-05T20:50:05.074903"}
{"kind": "workbench_read_model_status_metric", "metric": "workbench.read_model.status.count", "endpoint": "/api/workbench/rows/{row_id}", "scope_key": "2026-03", "read_model_status": "unavailable", "reason": "repository_unavailable", "timestamp": "2026-07-05T20:50:05.075015"}
{"kind": "workbench_read_model_status_metric", "metric": "workbench.read_model.status.count", "endpoint": "/api/workbench/rows/{row_id}", "scope_key": "2026-03", "read_model_status": "unavailable", "reason": "repository_unavailable", "timestamp": "2026-07-05T20:50:05.075091"}
{"kind": "workbench_read_model_status_metric", "metric": "workbench.read_model.status.count", "endpoint": "/api/workbench/rows/{row_id}", "scope_key": "2026-03", "read_model_status": "unavailable", "reason": "repository_unavailable", "timestamp": "2026-07-05T20:50:05.075411"}
ok
test_cancel_link_uses_uow_transaction_when_available (test_workbench_write_characterization.WorkbenchWriteCharacterizationTests.test_cancel_link_uses_uow_transaction_when_available) ... ok
test_cancel_link_with_expected_relation_rejects_replaced_active_relation (test_workbench_write_characterization.WorkbenchWriteCharacterizationTests.test_cancel_link_with_expected_relation_rejects_replaced_active_relation) ... {"kind": "workbench_read_model_status_metric", "metric": "workbench.read_model.status.count", "endpoint": "/api/workbench/rows/{row_id}", "scope_key": "2026-03", "read_model_status": "unavailable", "reason": "repository_unavailable", "timestamp": "2026-07-05T20:50:05.110848"}
{"kind": "workbench_read_model_status_metric", "metric": "workbench.read_model.status.count", "endpoint": "/api/workbench/rows/{row_id}", "scope_key": "2026-03", "read_model_status": "unavailable", "reason": "repository_unavailable", "timestamp": "2026-07-05T20:50:05.110957"}
{"kind": "workbench_read_model_status_metric", "metric": "workbench.read_model.status.count", "endpoint": "/api/workbench/rows/{row_id}", "scope_key": "2026-03", "read_model_status": "unavailable", "reason": "repository_unavailable", "timestamp": "2026-07-05T20:50:05.111032"}
{"kind": "workbench_read_model_status_metric", "metric": "workbench.read_model.status.count", "endpoint": "/api/workbench/rows/{row_id}", "scope_key": "2026-03", "read_model_status": "unavailable", "reason": "repository_unavailable", "timestamp": "2026-07-05T20:50:05.111351"}
ok
test_cash_special_scheduling_failure_propagates_after_metadata_mutation (test_workbench_write_characterization.WorkbenchWriteCharacterizationTests.test_cash_special_scheduling_failure_propagates_after_metadata_mutation) ... ok
test_cash_special_with_stale_expected_relation_rejects_all_entrypoints (test_workbench_write_characterization.WorkbenchWriteCharacterizationTests.test_cash_special_with_stale_expected_relation_rejects_all_entrypoints) ... ok
test_confirm_link_invalidates_only_affected_scopes_without_global_all (test_workbench_write_characterization.WorkbenchWriteCharacterizationTests.test_confirm_link_invalidates_only_affected_scopes_without_global_all) ... ok
test_confirm_link_uow_rejects_same_idempotency_key_with_different_payload (test_workbench_write_characterization.WorkbenchWriteCharacterizationTests.test_confirm_link_uow_rejects_same_idempotency_key_with_different_payload) ... ok
test_confirm_link_uow_replays_same_idempotency_key_without_duplicate_outbox (test_workbench_write_characterization.WorkbenchWriteCharacterizationTests.test_confirm_link_uow_replays_same_idempotency_key_without_duplicate_outbox) ... ok
test_confirm_link_uow_returns_failed_idempotency_response_without_retry (test_workbench_write_characterization.WorkbenchWriteCharacterizationTests.test_confirm_link_uow_returns_failed_idempotency_response_without_retry) ... ok
test_confirm_link_uses_uow_transaction_when_available (test_workbench_write_characterization.WorkbenchWriteCharacterizationTests.test_confirm_link_uses_uow_transaction_when_available) ... ok
test_confirm_link_without_case_id_skips_existing_active_auto_relation_case_id (test_workbench_write_characterization.WorkbenchWriteCharacterizationTests.test_confirm_link_without_case_id_skips_existing_active_auto_relation_case_id) ... ok
test_duplicate_cancel_link_returns_not_found_after_first_cancel (test_workbench_write_characterization.WorkbenchWriteCharacterizationTests.test_duplicate_cancel_link_returns_not_found_after_first_cancel) ... ok
test_duplicate_cash_special_updates_and_clears_are_replayed_current_behavior (test_workbench_write_characterization.WorkbenchWriteCharacterizationTests.test_duplicate_cash_special_updates_and_clears_are_replayed_current_behavior) ... ok
test_duplicate_confirm_link_with_same_case_id_replays_success_and_reschedules (test_workbench_write_characterization.WorkbenchWriteCharacterizationTests.test_duplicate_confirm_link_with_same_case_id_replays_success_and_reschedules) ... {"kind": "workbench_read_model_status_metric", "metric": "workbench.read_model.status.count", "endpoint": "/api/workbench/rows/{row_id}", "scope_key": "2026-03", "read_model_status": "unavailable", "reason": "repository_unavailable", "timestamp": "2026-07-05T20:50:05.290157"}
{"kind": "workbench_read_model_status_metric", "metric": "workbench.read_model.status.count", "endpoint": "/api/workbench/rows/{row_id}", "scope_key": "2026-03", "read_model_status": "unavailable", "reason": "repository_unavailable", "timestamp": "2026-07-05T20:50:05.290276"}
{"kind": "workbench_read_model_status_metric", "metric": "workbench.read_model.status.count", "endpoint": "/api/workbench/rows/{row_id}", "scope_key": "2026-03", "read_model_status": "unavailable", "reason": "repository_unavailable", "timestamp": "2026-07-05T20:50:05.290356"}
{"kind": "workbench_read_model_status_metric", "metric": "workbench.read_model.status.count", "endpoint": "/api/workbench/rows/{row_id}", "scope_key": "2026-03", "read_model_status": "unavailable", "reason": "repository_unavailable", "timestamp": "2026-07-05T20:50:05.290674"}
ok
test_duplicate_confirm_link_without_case_id_allocates_new_case_and_replaces_active_relation (test_workbench_write_characterization.WorkbenchWriteCharacterizationTests.test_duplicate_confirm_link_without_case_id_allocates_new_case_and_replaces_active_relation) ... {"kind": "workbench_read_model_status_metric", "metric": "workbench.read_model.status.count", "endpoint": "/api/workbench/rows/{row_id}", "scope_key": "2026-03", "read_model_status": "unavailable", "reason": "repository_unavailable", "timestamp": "2026-07-05T20:50:05.311448"}
{"kind": "workbench_read_model_status_metric", "metric": "workbench.read_model.status.count", "endpoint": "/api/workbench/rows/{row_id}", "scope_key": "2026-03", "read_model_status": "unavailable", "reason": "repository_unavailable", "timestamp": "2026-07-05T20:50:05.311559"}
{"kind": "workbench_read_model_status_metric", "metric": "workbench.read_model.status.count", "endpoint": "/api/workbench/rows/{row_id}", "scope_key": "2026-03", "read_model_status": "unavailable", "reason": "repository_unavailable", "timestamp": "2026-07-05T20:50:05.311635"}
{"kind": "workbench_read_model_status_metric", "metric": "workbench.read_model.status.count", "endpoint": "/api/workbench/rows/{row_id}", "scope_key": "2026-03", "read_model_status": "unavailable", "reason": "repository_unavailable", "timestamp": "2026-07-05T20:50:05.311953"}
ok
test_duplicate_exception_apply_is_service_idempotent_at_http_boundary (test_workbench_write_characterization.WorkbenchWriteCharacterizationTests.test_duplicate_exception_apply_is_service_idempotent_at_http_boundary) ... ok
test_duplicate_ignore_and_unignore_current_behavior (test_workbench_write_characterization.WorkbenchWriteCharacterizationTests.test_duplicate_ignore_and_unignore_current_behavior) ... ok
test_duplicate_mark_exception_reuses_existing_case_and_replays_success (test_workbench_write_characterization.WorkbenchWriteCharacterizationTests.test_duplicate_mark_exception_reuses_existing_case_and_replays_success) ... ok
test_duplicate_oa_bank_exception_reuses_case_and_reschedules_current_behavior (test_workbench_write_characterization.WorkbenchWriteCharacterizationTests.test_duplicate_oa_bank_exception_reuses_case_and_reschedules_current_behavior) ... ok
test_duplicate_personal_advance_repayment_returns_not_found_after_first_settlement_current_behavior (test_workbench_write_characterization.WorkbenchWriteCharacterizationTests.test_duplicate_personal_advance_repayment_returns_not_found_after_first_settlement_current_behavior) ... ok
test_duplicate_update_bank_exception_reuses_case_and_reschedules_current_behavior (test_workbench_write_characterization.WorkbenchWriteCharacterizationTests.test_duplicate_update_bank_exception_reuses_case_and_reschedules_current_behavior) ... ok
test_duplicate_withdraw_link_after_display_only_history_returns_not_found_current_behavior (test_workbench_write_characterization.WorkbenchWriteCharacterizationTests.test_duplicate_withdraw_link_after_display_only_history_returns_not_found_current_behavior) ... {"kind": "workbench_read_model_status_metric", "metric": "workbench.read_model.status.count", "endpoint": "/api/workbench/rows/{row_id}", "scope_key": "2026-03", "read_model_status": "unavailable", "reason": "repository_unavailable", "timestamp": "2026-07-05T20:50:05.447134"}
{"kind": "workbench_read_model_status_metric", "metric": "workbench.read_model.status.count", "endpoint": "/api/workbench/rows/{row_id}", "scope_key": "2026-03", "read_model_status": "unavailable", "reason": "repository_unavailable", "timestamp": "2026-07-05T20:50:05.447261"}
{"kind": "workbench_read_model_status_metric", "metric": "workbench.read_model.status.count", "endpoint": "/api/workbench/rows/{row_id}", "scope_key": "2026-03", "read_model_status": "unavailable", "reason": "repository_unavailable", "timestamp": "2026-07-05T20:50:05.447343"}
ok
test_ignore_row_with_expected_open_rejects_confirmed_row (test_workbench_write_characterization.WorkbenchWriteCharacterizationTests.test_ignore_row_with_expected_open_rejects_confirmed_row) ... ok
test_oa_bank_exception_after_pair_relation_returns_conflict_and_preserves_relation (test_workbench_write_characterization.WorkbenchWriteCharacterizationTests.test_oa_bank_exception_after_pair_relation_returns_conflict_and_preserves_relation) ... ok
test_oa_bank_exception_scheduling_failure_propagates_after_case_and_override_are_persisted (test_workbench_write_characterization.WorkbenchWriteCharacterizationTests.test_oa_bank_exception_scheduling_failure_propagates_after_case_and_override_are_persisted) ... ok
test_personal_advance_persistence_failure_rolls_back_exception_case_and_relation (test_workbench_write_characterization.WorkbenchWriteCharacterizationTests.test_personal_advance_persistence_failure_rolls_back_exception_case_and_relation) ... ok
test_personal_advance_scheduling_failure_propagates_after_case_and_relation_are_mutated (test_workbench_write_characterization.WorkbenchWriteCharacterizationTests.test_personal_advance_scheduling_failure_propagates_after_case_and_relation_are_mutated) ... ok
test_read_model_scheduling_failure_propagates_after_pair_relation_fact_is_mutated (test_workbench_write_characterization.WorkbenchWriteCharacterizationTests.test_read_model_scheduling_failure_propagates_after_pair_relation_fact_is_mutated) ... ok
test_stale_cancel_after_replaced_cancels_current_relation_by_row_id (test_workbench_write_characterization.WorkbenchWriteCharacterizationTests.test_stale_cancel_after_replaced_cancels_current_relation_by_row_id) ... {"kind": "workbench_read_model_status_metric", "metric": "workbench.read_model.status.count", "endpoint": "/api/workbench/rows/{row_id}", "scope_key": "2026-03", "read_model_status": "unavailable", "reason": "repository_unavailable", "timestamp": "2026-07-05T20:50:05.564973"}
{"kind": "workbench_read_model_status_metric", "metric": "workbench.read_model.status.count", "endpoint": "/api/workbench/rows/{row_id}", "scope_key": "2026-03", "read_model_status": "unavailable", "reason": "repository_unavailable", "timestamp": "2026-07-05T20:50:05.565090"}
{"kind": "workbench_read_model_status_metric", "metric": "workbench.read_model.status.count", "endpoint": "/api/workbench/rows/{row_id}", "scope_key": "2026-03", "read_model_status": "unavailable", "reason": "repository_unavailable", "timestamp": "2026-07-05T20:50:05.565169"}
{"kind": "workbench_read_model_status_metric", "metric": "workbench.read_model.status.count", "endpoint": "/api/workbench/rows/{row_id}", "scope_key": "2026-03", "read_model_status": "unavailable", "reason": "repository_unavailable", "timestamp": "2026-07-05T20:50:05.565490"}
ok
test_stale_cash_special_updates_first_active_relation_for_rows_current_behavior (test_workbench_write_characterization.WorkbenchWriteCharacterizationTests.test_stale_cash_special_updates_first_active_relation_for_rows_current_behavior) ... ok
test_stale_confirm_after_ignore_creates_pair_relation_and_leaves_ignored_case_active (test_workbench_write_characterization.WorkbenchWriteCharacterizationTests.test_stale_confirm_after_ignore_creates_pair_relation_and_leaves_ignored_case_active) ... {"kind": "workbench_read_model_status_metric", "metric": "workbench.read_model.status.count", "endpoint": "/api/workbench/rows/{row_id}", "scope_key": "2026-03", "read_model_status": "unavailable", "reason": "repository_unavailable", "timestamp": "2026-07-05T20:50:05.594898"}
{"kind": "workbench_read_model_status_metric", "metric": "workbench.read_model.status.count", "endpoint": "/api/workbench/rows/{row_id}", "scope_key": "2026-03", "read_model_status": "unavailable", "reason": "repository_unavailable", "timestamp": "2026-07-05T20:50:05.595014"}
{"kind": "workbench_read_model_status_metric", "metric": "workbench.read_model.status.count", "endpoint": "/api/workbench/rows/{row_id}", "scope_key": "2026-03", "read_model_status": "unavailable", "reason": "repository_unavailable", "timestamp": "2026-07-05T20:50:05.595093"}
ok
test_stale_exception_after_relation_returns_conflict_and_preserves_relation (test_workbench_write_characterization.WorkbenchWriteCharacterizationTests.test_stale_exception_after_relation_returns_conflict_and_preserves_relation) ... ok
test_stale_ignore_after_confirm_keeps_active_relation_and_creates_ignored_case (test_workbench_write_characterization.WorkbenchWriteCharacterizationTests.test_stale_ignore_after_confirm_keeps_active_relation_and_creates_ignored_case) ... ok
test_stale_personal_advance_after_exception_returns_not_found_and_preserves_exception (test_workbench_write_characterization.WorkbenchWriteCharacterizationTests.test_stale_personal_advance_after_exception_returns_not_found_and_preserves_exception) ... ok
test_stale_withdraw_preview_withdraws_current_relation_without_restoring_same_row_set (test_workbench_write_characterization.WorkbenchWriteCharacterizationTests.test_stale_withdraw_preview_withdraws_current_relation_without_restoring_same_row_set) ... {"kind": "workbench_read_model_status_metric", "metric": "workbench.read_model.status.count", "endpoint": "/api/workbench/rows/{row_id}", "scope_key": "2026-03", "read_model_status": "unavailable", "reason": "repository_unavailable", "timestamp": "2026-07-05T20:50:05.670978"}
{"kind": "workbench_read_model_status_metric", "metric": "workbench.read_model.status.count", "endpoint": "/api/workbench/rows/{row_id}", "scope_key": "2026-03", "read_model_status": "unavailable", "reason": "repository_unavailable", "timestamp": "2026-07-05T20:50:05.671088"}
{"kind": "workbench_read_model_status_metric", "metric": "workbench.read_model.status.count", "endpoint": "/api/workbench/rows/{row_id}", "scope_key": "2026-03", "read_model_status": "unavailable", "reason": "repository_unavailable", "timestamp": "2026-07-05T20:50:05.671163"}
{"kind": "workbench_read_model_status_metric", "metric": "workbench.read_model.status.count", "endpoint": "/api/workbench/rows/{row_id}", "scope_key": "2026-03", "read_model_status": "unavailable", "reason": "repository_unavailable", "timestamp": "2026-07-05T20:50:05.671613"}
{"kind": "workbench_read_model_status_metric", "metric": "workbench.read_model.status.count", "endpoint": "/api/workbench/rows/{row_id}", "scope_key": "2026-03", "read_model_status": "unavailable", "reason": "repository_unavailable", "timestamp": "2026-07-05T20:50:05.671691"}
{"kind": "workbench_read_model_status_metric", "metric": "workbench.read_model.status.count", "endpoint": "/api/workbench/rows/{row_id}", "scope_key": "2026-03", "read_model_status": "unavailable", "reason": "repository_unavailable", "timestamp": "2026-07-05T20:50:05.671766"}
{"kind": "workbench_read_model_status_metric", "metric": "workbench.read_model.status.count", "endpoint": "/api/workbench/rows/{row_id}", "scope_key": "2026-03", "read_model_status": "unavailable", "reason": "repository_unavailable", "timestamp": "2026-07-05T20:50:05.672084"}
{"kind": "workbench_read_model_status_metric", "metric": "workbench.read_model.status.count", "endpoint": "/api/workbench/rows/{row_id}", "scope_key": "2026-03", "read_model_status": "unavailable", "reason": "repository_unavailable", "timestamp": "2026-07-05T20:50:05.681523"}
{"kind": "workbench_read_model_status_metric", "metric": "workbench.read_model.status.count", "endpoint": "/api/workbench/rows/{row_id}", "scope_key": "2026-03", "read_model_status": "unavailable", "reason": "repository_unavailable", "timestamp": "2026-07-05T20:50:05.681630"}
{"kind": "workbench_read_model_status_metric", "metric": "workbench.read_model.status.count", "endpoint": "/api/workbench/rows/{row_id}", "scope_key": "2026-03", "read_model_status": "unavailable", "reason": "repository_unavailable", "timestamp": "2026-07-05T20:50:05.681708"}
ok
test_update_bank_exception_after_pair_relation_returns_conflict_current_behavior (test_workbench_write_characterization.WorkbenchWriteCharacterizationTests.test_update_bank_exception_after_pair_relation_returns_conflict_current_behavior) ... ok
test_update_bank_exception_scheduling_failure_propagates_after_case_and_override_are_persisted (test_workbench_write_characterization.WorkbenchWriteCharacterizationTests.test_update_bank_exception_scheduling_failure_propagates_after_case_and_override_are_persisted) ... ok
test_withdraw_link_invalidates_only_affected_scopes_without_global_all (test_workbench_write_characterization.WorkbenchWriteCharacterizationTests.test_withdraw_link_invalidates_only_affected_scopes_without_global_all) ... ok
test_withdraw_link_read_model_scheduling_failure_rolls_back_relation_withdraw (test_workbench_write_characterization.WorkbenchWriteCharacterizationTests.test_withdraw_link_read_model_scheduling_failure_rolls_back_relation_withdraw) ... ok
test_withdraw_link_uses_uow_transaction_when_available (test_workbench_write_characterization.WorkbenchWriteCharacterizationTests.test_withdraw_link_uses_uow_transaction_when_available) ... {"kind": "workbench_read_model_status_metric", "metric": "workbench.read_model.status.count", "endpoint": "/api/workbench/rows/{row_id}", "scope_key": "2026-03", "read_model_status": "unavailable", "reason": "repository_unavailable", "timestamp": "2026-07-05T20:50:05.777079"}
{"kind": "workbench_read_model_status_metric", "metric": "workbench.read_model.status.count", "endpoint": "/api/workbench/rows/{row_id}", "scope_key": "2026-03", "read_model_status": "unavailable", "reason": "repository_unavailable", "timestamp": "2026-07-05T20:50:05.777194"}
{"kind": "workbench_read_model_status_metric", "metric": "workbench.read_model.status.count", "endpoint": "/api/workbench/rows/{row_id}", "scope_key": "2026-03", "read_model_status": "unavailable", "reason": "repository_unavailable", "timestamp": "2026-07-05T20:50:05.777270"}
ok
test_withdraw_submit_with_stale_preview_expected_versions_rejects_replacement_relation (test_workbench_write_characterization.WorkbenchWriteCharacterizationTests.test_withdraw_submit_with_stale_preview_expected_versions_rejects_replacement_relation) ... {"kind": "workbench_read_model_status_metric", "metric": "workbench.read_model.status.count", "endpoint": "/api/workbench/rows/{row_id}", "scope_key": "2026-03", "read_model_status": "unavailable", "reason": "repository_unavailable", "timestamp": "2026-07-05T20:50:05.799292"}
{"kind": "workbench_read_model_status_metric", "metric": "workbench.read_model.status.count", "endpoint": "/api/workbench/rows/{row_id}", "scope_key": "2026-03", "read_model_status": "unavailable", "reason": "repository_unavailable", "timestamp": "2026-07-05T20:50:05.799406"}
{"kind": "workbench_read_model_status_metric", "metric": "workbench.read_model.status.count", "endpoint": "/api/workbench/rows/{row_id}", "scope_key": "2026-03", "read_model_status": "unavailable", "reason": "repository_unavailable", "timestamp": "2026-07-05T20:50:05.799483"}
{"kind": "workbench_read_model_status_metric", "metric": "workbench.read_model.status.count", "endpoint": "/api/workbench/rows/{row_id}", "scope_key": "2026-03", "read_model_status": "unavailable", "reason": "repository_unavailable", "timestamp": "2026-07-05T20:50:05.799958"}
{"kind": "workbench_read_model_status_metric", "metric": "workbench.read_model.status.count", "endpoint": "/api/workbench/rows/{row_id}", "scope_key": "2026-03", "read_model_status": "unavailable", "reason": "repository_unavailable", "timestamp": "2026-07-05T20:50:05.800041"}
{"kind": "workbench_read_model_status_metric", "metric": "workbench.read_model.status.count", "endpoint": "/api/workbench/rows/{row_id}", "scope_key": "2026-03", "read_model_status": "unavailable", "reason": "repository_unavailable", "timestamp": "2026-07-05T20:50:05.800115"}
{"kind": "workbench_read_model_status_metric", "metric": "workbench.read_model.status.count", "endpoint": "/api/workbench/rows/{row_id}", "scope_key": "2026-03", "read_model_status": "unavailable", "reason": "repository_unavailable", "timestamp": "2026-07-05T20:50:05.800438"}
ok
test_http_process_dirty_worker_uses_opt_in_interval_and_starts_once (test_workbench_write_characterization.WorkbenchWriteWorkerTriggerCharacterizationTests.test_http_process_dirty_worker_uses_opt_in_interval_and_starts_once) ... ok
test_standalone_matching_loop_honors_max_iterations_without_sleeping_after_final_iteration (test_workbench_write_characterization.WorkbenchWriteWorkerTriggerCharacterizationTests.test_standalone_matching_loop_honors_max_iterations_without_sleeping_after_final_iteration) ... ok
test_oa_sync_source_adapter_uses_attachment_invoice_cache (test_worker_oa_sync.OASyncWorkerWiringTests.test_oa_sync_source_adapter_uses_attachment_invoice_cache) ... ok
test_apply_executes_step_and_waits_for_required_write_refreshes (test_write_operation_e2e_smoke.WriteOperationE2ESmokeTests.test_apply_executes_step_and_waits_for_required_write_refreshes) ... ok
test_apply_requires_approval_before_mutating_requests (test_write_operation_e2e_smoke.WriteOperationE2ESmokeTests.test_apply_requires_approval_before_mutating_requests) ... ok
test_apply_requires_auth_before_mutating_requests (test_write_operation_e2e_smoke.WriteOperationE2ESmokeTests.test_apply_requires_auth_before_mutating_requests) ... ok
test_cli_apply_requires_approval_before_postgres_configuration (test_write_operation_e2e_smoke.WriteOperationE2ESmokeTests.test_cli_apply_requires_approval_before_postgres_configuration) ... ok
test_cli_apply_returns_configuration_missing_when_postgres_url_is_absent (test_write_operation_e2e_smoke.WriteOperationE2ESmokeTests.test_cli_apply_returns_configuration_missing_when_postgres_url_is_absent) ... ok
test_cli_dry_run_does_not_require_postgres_configuration (test_write_operation_e2e_smoke.WriteOperationE2ESmokeTests.test_cli_dry_run_does_not_require_postgres_configuration) ... ok
test_cli_returns_input_error_when_scenario_contract_is_invalid (test_write_operation_e2e_smoke.WriteOperationE2ESmokeTests.test_cli_returns_input_error_when_scenario_contract_is_invalid) ... ok
test_cli_returns_input_error_when_scenario_file_is_missing (test_write_operation_e2e_smoke.WriteOperationE2ESmokeTests.test_cli_returns_input_error_when_scenario_file_is_missing) ... ok
test_empty_scenarios_return_input_error_instead_of_pass (test_write_operation_e2e_smoke.WriteOperationE2ESmokeTests.test_empty_scenarios_return_input_error_instead_of_pass) ... ok
test_load_scenarios_and_dry_run_redacts_write_body (test_write_operation_e2e_smoke.WriteOperationE2ESmokeTests.test_load_scenarios_and_dry_run_redacts_write_body) ... ok
test_unknown_operation_in_scenario_is_rejected (test_write_operation_e2e_smoke.WriteOperationE2ESmokeTests.test_unknown_operation_in_scenario_is_rejected) ... ok
test_write_slo_event_sample_uses_effective_floor_when_scenario_limit_is_one (test_write_operation_e2e_smoke.WriteOperationE2ESmokeTests.test_write_slo_event_sample_uses_effective_floor_when_scenario_limit_is_one) ... ok
test_write_step_failure_skips_write_slo_claim (test_write_operation_e2e_smoke.WriteOperationE2ESmokeTests.test_write_step_failure_skips_write_slo_claim) ... ok
test_write_step_rejects_html_shell_even_when_status_matches (test_write_operation_e2e_smoke.WriteOperationE2ESmokeTests.test_write_step_rejects_html_shell_even_when_status_matches) ... ok
test_cli_does_not_write_empty_scenario_file_when_no_candidates_are_found (test_write_operation_scenario_discovery.WriteOperationScenarioDiscoveryTests.test_cli_does_not_write_empty_scenario_file_when_no_candidates_are_found) ... ok
test_cli_returns_configuration_missing_when_postgres_url_is_absent (test_write_operation_scenario_discovery.WriteOperationScenarioDiscoveryTests.test_cli_returns_configuration_missing_when_postgres_url_is_absent) ... ok
test_cli_writes_report_and_scenario_files_without_mutating (test_write_operation_scenario_discovery.WriteOperationScenarioDiscoveryTests.test_cli_writes_report_and_scenario_files_without_mutating) ... ok
test_discovers_turnover_scenario_and_context_candidates (test_write_operation_scenario_discovery.WriteOperationScenarioDiscoveryTests.test_discovers_turnover_scenario_and_context_candidates) ... ok
test_generated_context_scenarios_are_guarded_by_standing_ticket (test_write_operation_scenario_discovery.WriteOperationScenarioDiscoveryTests.test_generated_context_scenarios_are_guarded_by_standing_ticket) ... ok
test_no_oa_discovery_requires_active_relation_contract (test_write_operation_scenario_discovery.WriteOperationScenarioDiscoveryTests.test_no_oa_discovery_requires_active_relation_contract) ... ok
test_report_defines_page_write_scenario_policy_and_standing_ticket (test_write_operation_scenario_discovery.WriteOperationScenarioDiscoveryTests.test_report_defines_page_write_scenario_policy_and_standing_ticket) ... ok
test_standard_apply_scenarios_are_capped_per_operation (test_write_operation_scenario_discovery.WriteOperationScenarioDiscoveryTests.test_standard_apply_scenarios_are_capped_per_operation) ... ok
test_turnover_discovery_matches_withdraw_boundary_source_contract (test_write_operation_scenario_discovery.WriteOperationScenarioDiscoveryTests.test_turnover_discovery_matches_withdraw_boundary_source_contract) ... ok
test_bank_import_confirmed_profile_allows_skipped_invoice_direction_pages (test_write_operation_slo_audit.WriteOperationSloAuditTests.test_bank_import_confirmed_profile_allows_skipped_invoice_direction_pages) ... ok
test_bank_import_confirmed_profile_fails_when_account_balance_scope_is_missing (test_write_operation_slo_audit.WriteOperationSloAuditTests.test_bank_import_confirmed_profile_fails_when_account_balance_scope_is_missing) ... ok
test_bank_import_confirmed_profile_fails_when_cost_scope_is_missing (test_write_operation_slo_audit.WriteOperationSloAuditTests.test_bank_import_confirmed_profile_fails_when_cost_scope_is_missing) ... ok
test_bank_import_confirmed_profile_requires_import_state_refresh_scopes (test_write_operation_slo_audit.WriteOperationSloAuditTests.test_bank_import_confirmed_profile_requires_import_state_refresh_scopes) ... ok
test_bank_import_confirmed_profile_requires_real_bank_detail_refresh_not_import_fact_ack (test_write_operation_slo_audit.WriteOperationSloAuditTests.test_bank_import_confirmed_profile_requires_real_bank_detail_refresh_not_import_fact_ack) ... ok
test_enqueue_duration_uses_available_at_instead_of_transaction_created_at (test_write_operation_slo_audit.WriteOperationSloAuditTests.test_enqueue_duration_uses_available_at_instead_of_transaction_created_at) ... ok
test_etc_import_confirmed_profile_fails_when_tax_scope_is_missing (test_write_operation_slo_audit.WriteOperationSloAuditTests.test_etc_import_confirmed_profile_fails_when_tax_scope_is_missing) ... ok
test_etc_import_confirmed_profile_requires_derived_lifecycle_refresh_scopes (test_write_operation_slo_audit.WriteOperationSloAuditTests.test_etc_import_confirmed_profile_requires_derived_lifecycle_refresh_scopes) ... ok
test_failed_event_status_fails_even_when_duration_is_fast (test_write_operation_slo_audit.WriteOperationSloAuditTests.test_failed_event_status_fails_even_when_duration_is_fast) ... ok
test_invoice_import_confirmed_profile_allows_direction_specific_relation_refresh (test_write_operation_slo_audit.WriteOperationSloAuditTests.test_invoice_import_confirmed_profile_allows_direction_specific_relation_refresh) ... ok
test_invoice_import_confirmed_profile_fails_when_downstream_scope_is_missing (test_write_operation_slo_audit.WriteOperationSloAuditTests.test_invoice_import_confirmed_profile_fails_when_downstream_scope_is_missing) ... ok
test_invoice_import_confirmed_profile_requires_actual_file_import_refresh_scopes (test_write_operation_slo_audit.WriteOperationSloAuditTests.test_invoice_import_confirmed_profile_requires_actual_file_import_refresh_scopes) ... ok
test_matching_reason_with_wrong_action_name_does_not_satisfy_profile (test_write_operation_slo_audit.WriteOperationSloAuditTests.test_matching_reason_with_wrong_action_name_does_not_satisfy_profile) ... ok
test_missing_required_scope_fails_instead_of_claiming_write_chain_closed (test_write_operation_slo_audit.WriteOperationSloAuditTests.test_missing_required_scope_fails_instead_of_claiming_write_chain_closed) ... ok
test_no_oa_withdraw_profile_requires_no_oa_and_cross_page_refresh_scopes (test_write_operation_slo_audit.WriteOperationSloAuditTests.test_no_oa_withdraw_profile_requires_no_oa_and_cross_page_refresh_scopes) ... ok
test_no_recent_write_samples_fail_instead_of_claiming_write_chain_closed (test_write_operation_slo_audit.WriteOperationSloAuditTests.test_no_recent_write_samples_fail_instead_of_claiming_write_chain_closed) ... ok
test_p99_long_tail_fails_even_when_p95_meets_one_second_target (test_write_operation_slo_audit.WriteOperationSloAuditTests.test_p99_long_tail_fails_even_when_p95_meets_one_second_target) ... ok
test_query_joins_import_fact_dirty_scope_with_default_source_version (test_write_operation_slo_audit.WriteOperationSloAuditTests.test_query_joins_import_fact_dirty_scope_with_default_source_version) ... ok
test_recent_events_since_can_filter_by_operation_expectations_in_sql (test_write_operation_slo_audit.WriteOperationSloAuditTests.test_recent_events_since_can_filter_by_operation_expectations_in_sql) ... ok
test_since_filter_uses_explicit_event_created_lower_bound (test_write_operation_slo_audit.WriteOperationSloAuditTests.test_since_filter_uses_explicit_event_created_lower_bound) ... ok
test_slow_done_event_fails_target (test_write_operation_slo_audit.WriteOperationSloAuditTests.test_slow_done_event_fails_target) ... ok
test_turnover_relation_profile_passes_only_with_all_required_refresh_scopes (test_write_operation_slo_audit.WriteOperationSloAuditTests.test_turnover_relation_profile_passes_only_with_all_required_refresh_scopes) ... ok
test_unknown_operation_profile_is_rejected (test_write_operation_slo_audit.WriteOperationSloAuditTests.test_unknown_operation_profile_is_rejected) ... ok
test_workbench_relation_bank_invoice_cross_page_profile_excludes_cost_statistics (test_write_operation_slo_audit.WriteOperationSloAuditTests.test_workbench_relation_bank_invoice_cross_page_profile_excludes_cost_statistics) ... ok
test_workbench_relation_bank_invoice_withdraw_cross_page_profile_excludes_cost_statistics (test_write_operation_slo_audit.WriteOperationSloAuditTests.test_workbench_relation_bank_invoice_withdraw_cross_page_profile_excludes_cost_statistics) ... ok
test_workbench_relation_bank_turnover_confirm_cross_page_profile_matches_withdraw_scope_contract (test_write_operation_slo_audit.WriteOperationSloAuditTests.test_workbench_relation_bank_turnover_confirm_cross_page_profile_matches_withdraw_scope_contract) ... ok
test_workbench_relation_bank_turnover_cross_page_profile_tracks_cost_without_invoice_scopes (test_write_operation_slo_audit.WriteOperationSloAuditTests.test_workbench_relation_bank_turnover_cross_page_profile_tracks_cost_without_invoice_scopes) ... ok
test_workbench_relation_confirm_cross_page_profile_keeps_background_refresh_visible (test_write_operation_slo_audit.WriteOperationSloAuditTests.test_workbench_relation_confirm_cross_page_profile_keeps_background_refresh_visible) ... ok
test_workbench_relation_confirm_profile_requires_only_operation_blocking_relation_scope (test_write_operation_slo_audit.WriteOperationSloAuditTests.test_workbench_relation_confirm_profile_requires_only_operation_blocking_relation_scope) ... ok
test_workbench_relation_withdraw_cross_page_profile_keeps_background_refresh_visible (test_write_operation_slo_audit.WriteOperationSloAuditTests.test_workbench_relation_withdraw_cross_page_profile_keeps_background_refresh_visible) ... ok
test_workbench_relation_withdraw_profile_requires_only_operation_blocking_relation_scope (test_write_operation_slo_audit.WriteOperationSloAuditTests.test_workbench_relation_withdraw_profile_requires_only_operation_blocking_relation_scope) ... ok

----------------------------------------------------------------------
Ran 4062 tests in 61.794s

OK (skipped=25)
